station_id,label,event_year,relative_day,surge_m,surge_anomaly_m,pressure_anomaly_hpa,wind_speed_anomaly_ms,wind_direction_at_max_deg,alongshore_azimuth_deg,alongshore_wind_stress_proxy_m2s2,alongshore_wind_stress_anomaly_m2s2,pressure_rho,event_group
aberdeen-p038-uk,Aberdeen,1980,-3,0.0391714723394933,-0.06978403261039282,2.206738496864773,2.414237981689187,202.0,20.0,83.97659032591011,70.33996456080621,-0.7239702256902232,pressure-coherent European sites
aberdeen-p038-uk,Aberdeen,1980,-2,0.2717807137140583,0.1628252087641722,8.706738496864773,-0.14131757386636856,285.0,20.0,3.8092977563259076,-9.827328008778,-0.7239702256902232,pressure-coherent European sites
aberdeen-p038-uk,Aberdeen,1980,-1,0.0900337483876584,-0.01892175656222772,1.706738496864773,4.247571315022521,281.0,20.0,18.928570269867894,5.291944504763986,-0.7239702256902232,pressure-coherent European sites
aberdeen-p038-uk,Aberdeen,1980,0,0.5918888714286373,0.4829333664787512,5.806738496864796,4.303126870578076,296.0,20.0,-12.776023684760323,-26.412649449864233,-0.7239702256902232,pressure-coherent European sites
aberdeen-p038-uk,Aberdeen,1980,1,0.0865319118245232,-0.02242359312536292,-1.4932615031351588,2.3586824261336314,189.0,20.0,81.48717508027275,67.85054931516885,-0.7239702256902232,pressure-coherent European sites
aberdeen-p038-uk,Aberdeen,1980,2,0.2402319710405242,0.1312764660906381,1.706738496864773,-0.05798424053303464,290.0,20.0,-1.4864652718592373e-14,-13.636625765103922,-0.7239702256902232,pressure-coherent European sites
aberdeen-p038-uk,Aberdeen,1980,3,0.1202499686281821,0.01129446367829598,-9.293261503135227,1.3586824261336314,213.0,20.0,64.10392685482121,50.4673010897173,-0.7239702256902232,pressure-coherent European sites
aberdeen-p038-uk,Aberdeen,1981,-3,0.2730295725523832,0.16407406760249707,-3.493261503135159,-1.030206462755257,185.0,20.0,31.628108305866437,17.99148254076253,-0.7239702256902232,pressure-coherent European sites
aberdeen-p038-uk,Aberdeen,1981,-2,0.1349078700720604,0.025952365122174276,-7.093261503135182,0.10868242613363144,203.0,20.0,47.010331239075455,33.37370547397155,-0.7239702256902232,pressure-coherent European sites
aberdeen-p038-uk,Aberdeen,1981,-1,0.3288857932969733,0.2199302883470872,-15.793261503135227,8.525349092800298,281.0,20.0,36.51344573662788,22.87681997152397,-0.7239702256902232,pressure-coherent European sites
aberdeen-p038-uk,Aberdeen,1981,0,0.7065509113292381,0.5975954063793519,-13.893261503135136,8.358682426133631,282.0,20.0,31.77957623897985,18.142950473875942,-0.7239702256902232,pressure-coherent European sites
aberdeen-p038-uk,Aberdeen,1981,1,0.3252607976334896,0.21630529268360346,9.806738496864796,3.080904648355853,295.0,20.0,-8.427476125127747,-22.064101890231655,-0.7239702256902232,pressure-coherent European sites
aberdeen-p038-uk,Aberdeen,1981,2,0.0941371375685274,-0.014818367381358721,-10.993261503135159,-0.3357620183108123,195.0,20.0,41.01693309018028,27.380307325076373,-0.7239702256902232,pressure-coherent European sites
aberdeen-p038-uk,Aberdeen,1981,3,0.3102273218259179,0.20127181687603177,-16.59326150313518,2.3309046483558546,284.0,20.0,8.624324111687462,-5.012301653416445,-0.7239702256902232,pressure-coherent European sites
aberdeen-p038-uk,Aberdeen,1982,-3,0.1744476260568345,0.06549212110694838,-22.793261503135227,0.24757131502252072,304.0,20.0,-11.854172884383729,-25.490798649487637,-0.7239702256902232,pressure-coherent European sites
aberdeen-p038-uk,Aberdeen,1982,-2,0.1297274408660346,0.020771935916148482,-18.09326150313518,1.9420157594669654,294.0,20.0,-5.273126524875127,-18.909752289979036,-0.7239702256902232,pressure-coherent European sites
aberdeen-p038-uk,Aberdeen,1982,-1,0.2885346490577907,0.17957914410790457,-55.693261503135204,6.747571315022521,168.0,20.0,154.55676552450865,140.92013975940475,-0.7239702256902232,pressure-coherent European sites
aberdeen-p038-uk,Aberdeen,1982,0,0.757311725230178,0.6483562202802918,-60.59326150313518,5.497571315022521,202.0,20.0,149.97108597955307,136.33446021444917,-0.7239702256902232,pressure-coherent European sites
aberdeen-p038-uk,Aberdeen,1982,1,0.4904084180306977,0.38145291308081153,-48.29326150313523,4.13646020391141,315.0,20.0,-50.108960317996,-63.74558608309991,-0.7239702256902232,pressure-coherent European sites
aberdeen-p038-uk,Aberdeen,1982,2,0.0465771900003461,-0.06237831494954002,-13.793261503135227,0.9975713150225198,297.0,20.0,-7.319777438271659,-20.956403203375565,-0.7239702256902232,pressure-coherent European sites
aberdeen-p038-uk,Aberdeen,1982,3,0.0211701766403392,-0.08778532830954693,-8.393261503135136,1.0809046483558538,190.0,20.0,60.42889795566576,46.79227219056185,-0.7239702256902232,pressure-coherent European sites
aberdeen-p038-uk,Aberdeen,1983,-3,0.2978825131512724,0.18892700820138628,-9.193261503135204,3.4420157594669654,298.0,20.0,-14.463800767909104,-28.100426533013014,-0.7239702256902232,pressure-coherent European sites
aberdeen-p038-uk,Aberdeen,1983,-2,0.3064696858696545,0.19751418091976838,-3.293261503135227,4.275349092800299,279.0,20.0,23.2046411668996,9.56801540179569,-0.7239702256902232,pressure-coherent European sites
aberdeen-p038-uk,Aberdeen,1983,-1,0.4705865289008016,0.3616310239509155,-20.99326150313516,5.358682426133631,262.0,20.0,68.86162515381693,55.22499938871302,-0.7239702256902232,pressure-coherent European sites
aberdeen-p038-uk,Aberdeen,1983,0,0.8362818622016314,0.7273263572517452,-17.893261503135136,7.469793537244744,290.0,20.0,-5.052748343182935e-14,-13.636625765103958,-0.7239702256902232,pressure-coherent European sites
aberdeen-p038-uk,Aberdeen,1983,1,0.038821569549555,-0.07013393540033112,10.906738496864818,3.2753490928002993,324.0,20.0,-56.23038454723085,-69.86701031233476,-0.7239702256902232,pressure-coherent European sites
aberdeen-p038-uk,Aberdeen,1983,2,-0.0403173857120868,-0.1492728906619729,12.206738496864773,2.3864602039114082,275.0,20.0,21.616382917393494,7.9797571522895865,-0.7239702256902232,pressure-coherent European sites
aberdeen-p038-uk,Aberdeen,1983,3,0.3820100757490352,0.2730545707991491,11.406738496864818,2.6920157594669654,280.0,20.0,15.488988686957706,1.852362921853798,-0.7239702256902232,pressure-coherent European sites
aberdeen-p038-uk,Aberdeen,1984,-3,0.0503837488488904,-0.05857175610099572,-0.29326150313522703,1.469793537244744,217.0,20.0,64.65092399572325,51.01429823061934,-0.7239702256902232,pressure-coherent European sites
aberdeen-p038-uk,Aberdeen,1984,-2,0.2596203623506912,0.15066485740080507,-1.6932615031352043,2.1086824261336314,294.0,20.0,-5.477228799904232,-19.11385456500814,-0.7239702256902232,pressure-coherent European sites
aberdeen-p038-uk,Aberdeen,1984,-1,0.1590302431716152,0.05007473822172909,-21.293261503135227,5.136460203911408,242.0,20.0,105.04030996161339,91.40368419650949,-0.7239702256902232,pressure-coherent European sites
aberdeen-p038-uk,Aberdeen,1984,0,0.7886133232637547,0.6796578183138685,-19.793261503135227,2.553126870578076,261.0,20.0,41.981296012457705,28.344670247353797,-0.7239702256902232,pressure-coherent European sites
aberdeen-p038-uk,Aberdeen,1984,1,0.3803710619053429,0.2714155569554568,-44.193261503135204,4.803126870578076,159.0,20.0,100.77702246530251,87.14039670019861,-0.7239702256902232,pressure-coherent European sites
aberdeen-p038-uk,Aberdeen,1984,2,0.6736250233956766,0.5646695184457905,-49.193261503135204,9.053126870578076,287.0,20.0,13.074337599669533,-0.5622881654343743,-0.7239702256902232,pressure-coherent European sites
aberdeen-p038-uk,Aberdeen,1984,3,-0.2375629071737923,-0.3465184121236784,-12.993261503135159,3.219793537244742,322.0,20.0,-52.697935720401006,-66.3345614855049,-0.7239702256902232,pressure-coherent European sites
aberdeen-p038-uk,Aberdeen,1985,-3,0.2136524392043824,0.10469693425449628,-7.593261503135182,1.553126870578076,183.0,20.0,65.96805670358899,52.33143093848508,-0.7239702256902232,pressure-coherent European sites
aberdeen-p038-uk,Aberdeen,1985,-2,0.2003275335754778,0.09137202862559168,-17.99326150313516,2.914237981689187,169.0,20.0,80.09752221005294,66.46089644494904,-0.7239702256902232,pressure-coherent European sites
aberdeen-p038-uk,Aberdeen,1985,-1,0.3079703827853013,0.1990148778354152,-20.49326150313516,4.469793537244742,202.0,20.0,125.86155341261474,112.22492764751084,-0.7239702256902232,pressure-coherent European sites
aberdeen-p038-uk,Aberdeen,1985,0,0.4705122763462204,0.36155677139633424,-18.99326150313516,3.858682426133633,210.0,20.0,110.88509764703203,97.24847188192811,-0.7239702256902232,pressure-coherent European sites
aberdeen-p038-uk,Aberdeen,1985,1,0.2683194729079949,0.15936396795810878,-10.193261503135204,3.5809046483558546,171.0,20.0,93.38994872899548,79.75332296389158,-0.7239702256902232,pressure-coherent European sites
aberdeen-p038-uk,Aberdeen,1985,2,0.1358728532974744,0.02691734834758827,-6.093261503135182,0.6920157594669654,204.0,20.0,55.28475335328829,41.64812758818438,-0.7239702256902232,pressure-coherent European sites
aberdeen-p038-uk,Aberdeen,1985,3,0.1800809890068742,0.07112548405698807,-6.793261503135227,-0.8913175738663677,237.0,20.0,27.435224955876176,13.798599190772268,-0.7239702256902232,pressure-coherent European sites
aberdeen-p038-uk,Aberdeen,1986,-3,0.5155003580459964,0.4065448530961102,-19.99326150313516,2.553126870578076,219.0,20.0,81.87563437240226,68.23900860729836,-0.7239702256902232,pressure-coherent European sites
aberdeen-p038-uk,Aberdeen,1986,-2,0.504501897462406,0.3955463925125199,-17.99326150313516,4.469793537244742,288.0,20.0,4.395182294595236,-9.24144347050867,-0.7239702256902232,pressure-coherent European sites
aberdeen-p038-uk,Aberdeen,1986,-1,0.0975837776078989,-0.011371727341987228,-24.393261503135136,2.3864602039114082,200.0,20.0,83.51929012345677,69.88266435835286,-0.7239702256902232,pressure-coherent European sites
aberdeen-p038-uk,Aberdeen,1986,0,0.6341357647551967,0.5251802598053106,-38.193261503135204,4.803126870578076,293.0,20.0,-6.988465465724421,-20.62509123082833,-0.7239702256902232,pressure-coherent European sites
aberdeen-p038-uk,Aberdeen,1986,1,0.0109437136449119,-0.09801179130497423,-14.193261503135204,2.553126870578076,327.0,20.0,-52.11318747935079,-65.7498132444547,-0.7239702256902232,pressure-coherent European sites
aberdeen-p038-uk,Aberdeen,1986,2,-0.300782611668688,-0.4097381166185742,9.106738496864864,2.219793537244742,329.0,20.0,-50.66077706623337,-64.29740283133728,-0.7239702256902232,pressure-coherent European sites
aberdeen-p038-uk,Aberdeen,1986,3,-0.0275044622762329,-0.13645996722611903,-3.6932615031352043,1.63646020391141,195.0,20.0,70.10566454070955,56.46903877560565,-0.7239702256902232,pressure-coherent European sites
aberdeen-p038-uk,Aberdeen,1987,-3,0.0575695618471604,-0.05138594310272572,7.706738496864773,2.608682426133633,312.0,20.0,-32.82692608615098,-46.46355185125489,-0.7239702256902232,pressure-coherent European sites
aberdeen-p038-uk,Aberdeen,1987,-2,-0.005017675018486,-0.11397317996837213,-5.393261503135136,0.7475713150225207,326.0,20.0,-33.062920441451624,-46.69954620655553,-0.7239702256902232,pressure-coherent European sites
aberdeen-p038-uk,Aberdeen,1987,-1,0.1959138603962754,0.08695835544638927,-27.293261503135227,3.2475713150225207,267.0,20.0,39.073112848927416,25.436487083823508,-0.7239702256902232,pressure-coherent European sites
aberdeen-p038-uk,Aberdeen,1987,0,0.4749435052260589,0.36598800027617273,-27.193261503135204,7.803126870578076,324.0,20.0,-118.47295575878378,-132.1095815238877,-0.7239702256902232,pressure-coherent European sites
aberdeen-p038-uk,Aberdeen,1987,1,0.2213602509605924,0.11240474601070627,-12.693261503135204,3.469793537244742,309.0,20.0,-34.0198624608071,-47.656488225911005,-0.7239702256902232,pressure-coherent European sites
aberdeen-p038-uk,Aberdeen,1987,2,0.1953831079820061,0.08642760303211997,-11.293261503135227,3.1642379816891886,312.0,20.0,-36.83891645390782,-50.47554221901173,-0.7239702256902232,pressure-coherent European sites
aberdeen-p038-uk,Aberdeen,1987,3,0.1361586680441803,0.027203163094294186,-10.193261503135204,-1.6135397960885909,193.0,20.0,26.21133645055883,12.57471068545492,-0.7239702256902232,pressure-coherent European sites
aberdeen-p038-uk,Aberdeen,1988,-3,0.2288156237724846,0.11986011882259848,-9.193261503135204,4.247571315022521,217.0,20.0,115.7128754715273,102.0762497064234,-0.7239702256902232,pressure-coherent European sites
aberdeen-p038-uk,Aberdeen,1988,-2,0.4241736887438055,0.3152181837939194,-9.293261503135227,4.13646020391141,240.0,20.0,90.8282818730206,77.19165610791669,-0.7239702256902232,pressure-coherent European sites
aberdeen-p038-uk,Aberdeen,1988,-1,0.1668100280696864,0.05785452311980027,-20.293261503135227,4.053126870578076,272.0,20.0,36.080833800780375,22.444208035676468,-0.7239702256902232,pressure-coherent European sites
aberdeen-p038-uk,Aberdeen,1988,0,0.6364857737943785,0.5275302688444924,-15.193261503135204,5.192015759466965,284.0,20.0,14.913050044899064,1.2764242797951564,-0.7239702256902232,pressure-coherent European sites
aberdeen-p038-uk,Aberdeen,1988,1,0.2204110117370147,0.11145550678712857,1.106738496864864,0.9975713150225198,209.0,20.0,59.323030956995446,45.68640519189154,-0.7239702256902232,pressure-coherent European sites
aberdeen-p038-uk,Aberdeen,1988,2,0.295391791929153,0.18643628697926687,-5.093261503135182,0.7753490928002984,205.0,20.0,56.451801560614115,42.81517579551021,-0.7239702256902232,pressure-coherent European sites
aberdeen-p038-uk,Aberdeen,1988,3,0.3171563526817155,0.20820084773182937,-4.293261503135227,-0.5579842405330346,203.0,20.0,38.31855565880417,24.681929893700264,-0.7239702256902232,pressure-coherent European sites
aberdeen-p038-uk,Aberdeen,1989,-3,-0.027783653247716,-0.13673915819760213,7.606738496864864,4.414237981689189,202.0,20.0,124.61848395802004,110.98185819291612,-0.7239702256902232,pressure-coherent European sites
aberdeen-p038-uk,Aberdeen,1989,-2,0.2148970116615329,0.10594150671164679,11.406738496864818,2.4420157594669654,282.0,20.0,11.765388977072314,-1.8712367880315934,-0.7239702256902232,pressure-coherent European sites
aberdeen-p038-uk,Aberdeen,1989,-1,0.0618059458454465,-0.047149559104439624,-22.193261503135204,11.49757131502252,302.0,20.0,-69.24758752298989,-82.8842132880938,-0.7239702256902232,pressure-coherent European sites
aberdeen-p038-uk,Aberdeen,1989,0,0.7752711467594987,0.6663156418096126,-12.193261503135204,7.692015759466965,309.0,20.0,-67.92718284353025,-81.56380860863416,-0.7239702256902232,pressure-coherent European sites
aberdeen-p038-uk,Aberdeen,1989,1,0.3839347451113074,0.2749792401614213,-17.99326150313516,5.192015759466965,244.0,20.0,102.62803169954988,88.99140593444596,-0.7239702256902232,pressure-coherent European sites
aberdeen-p038-uk,Aberdeen,1989,2,0.3553633148379077,0.24640780988802155,-3.0932615031351816,2.13646020391141,289.0,20.0,1.378955570353292,-12.257670194750617,-0.7239702256902232,pressure-coherent European sites
aberdeen-p038-uk,Aberdeen,1989,3,0.1488835869876066,0.03992808203772047,-15.093261503135182,3.914237981689187,173.0,20.0,101.37674230765427,87.74011654255037,-0.7239702256902232,pressure-coherent European sites
aberdeen-p038-uk,Aberdeen,1990,-3,0.2177420347793783,0.10878652982949219,-12.593261503135182,3.303126870578076,211.0,20.0,99.25644492879294,85.61981916368904,-0.7239702256902232,pressure-coherent European sites
aberdeen-p038-uk,Aberdeen,1990,-2,0.3943754426439761,0.28541993769409,-14.693261503135204,2.719793537244744,245.0,20.0,63.443737363543924,49.80711159844002,-0.7239702256902232,pressure-coherent European sites
aberdeen-p038-uk,Aberdeen,1990,-1,0.4350572006161026,0.3261016956662165,-16.193261503135204,4.914237981689187,208.0,20.0,134.78648713426927,121.14986136916536,-0.7239702256902232,pressure-coherent European sites
aberdeen-p038-uk,Aberdeen,1990,0,0.6622962979792063,0.5533407930293202,-18.59326150313518,5.2753490928002975,216.0,20.0,139.063267060015,125.4266412949111,-0.7239702256902232,pressure-coherent European sites
aberdeen-p038-uk,Aberdeen,1990,1,0.298097863222454,0.1891423582725679,-0.1932615031352043,2.719793537244744,187.0,20.0,87.42339930809565,73.78677354299174,-0.7239702256902232,pressure-coherent European sites
aberdeen-p038-uk,Aberdeen,1990,2,0.3550405827816534,0.24608507783176728,-15.093261503135182,4.053126870578076,193.0,20.0,115.88971929978123,102.25309353467733,-0.7239702256902232,pressure-coherent European sites
aberdeen-p038-uk,Aberdeen,1990,3,0.4380113014065511,0.32905579645666494,-3.993261503135159,2.1920157594669654,243.0,20.0,58.51055339404482,44.87392762894091,-0.7239702256902232,pressure-coherent European sites
aberdeen-p038-uk,Aberdeen,1991,-3,0.0450178618308838,-0.06393764311900232,-3.1932615031352043,0.4420157594669645,325.0,20.0,-29.688334048506558,-43.32495981361046,-0.7239702256902232,pressure-coherent European sites
aberdeen-p038-uk,Aberdeen,1991,-2,0.0217687661124489,-0.08718673883743722,-9.493261503135159,1.7753490928002975,185.0,20.0,70.24501790271479,56.608392137610885,-0.7239702256902232,pressure-coherent European sites
aberdeen-p038-uk,Aberdeen,1991,-1,0.3217745376298951,0.21281903268000898,-38.79326150313523,4.108682426133631,214.0,20.0,114.4597075067906,100.82308174168668,-0.7239702256902232,pressure-coherent European sites
aberdeen-p038-uk,Aberdeen,1991,0,0.7936349024046077,0.6846793974547215,-34.79326150313523,8.108682426133631,334.0,20.0,-153.4171235220883,-167.0537492871922,-0.7239702256902232,pressure-coherent European sites
aberdeen-p038-uk,Aberdeen,1991,1,-0.0293495294682266,-0.13830503441811273,-14.293261503135227,7.164237981689187,330.0,20.0,-124.49099754547143,-138.12762331057533,-0.7239702256902232,pressure-coherent European sites
aberdeen-p038-uk,Aberdeen,1991,2,-0.3315049519347772,-0.4404604568846633,8.006738496864841,4.858682426133631,341.0,20.0,-104.77318747654923,-118.40981324165313,-0.7239702256902232,pressure-coherent European sites
aberdeen-p038-uk,Aberdeen,1991,3,-0.1762169030032916,-0.2851724079531777,15.306738496864796,-0.0857620183108132,313.0,20.0,-17.365827932856615,-31.002453697960522,-0.7239702256902232,pressure-coherent European sites
aberdeen-p038-uk,Aberdeen,1992,-3,0.4918576639322465,0.38290215898236035,-15.193261503135204,2.2475713150225207,212.0,20.0,79.22995565943826,65.59332989433435,-0.7239702256902232,pressure-coherent European sites
aberdeen-p038-uk,Aberdeen,1992,-2,0.2382457597144036,0.12929025476451747,-12.693261503135204,0.969793537244743,355.0,20.0,-54.04559491770097,-67.68222068280488,-0.7239702256902232,pressure-coherent European sites
aberdeen-p038-uk,Aberdeen,1992,-1,0.1679961400776018,0.05904063512771568,-14.393261503135136,6.942015759466964,174.0,20.0,168.55786586339983,154.92124009829593,-0.7239702256902232,pressure-coherent European sites
aberdeen-p038-uk,Aberdeen,1992,0,0.6248164268736529,0.5158609219237668,-19.693261503135204,5.830904648355853,174.0,20.0,142.31529895602293,128.67867319091903,-0.7239702256902232,pressure-coherent European sites
aberdeen-p038-uk,Aberdeen,1992,1,0.3559033142623927,0.24694780931250657,-7.493261503135159,0.4142379816891877,263.0,20.0,23.31745650051171,9.680830735407802,-0.7239702256902232,pressure-coherent European sites
aberdeen-p038-uk,Aberdeen,1992,2,0.0609649908124574,-0.047990514137428726,15.606738496864864,-0.8357620183108123,182.0,20.0,33.293582629471324,19.656956864367416,-0.7239702256902232,pressure-coherent European sites
aberdeen-p038-uk,Aberdeen,1992,3,0.0810579527467369,-0.027897552203149226,15.206738496864773,0.6086824261336314,188.0,20.0,53.001863627724916,39.36523786262101,-0.7239702256902232,pressure-coherent European sites
aberdeen-p038-uk,Aberdeen,1993,-3,0.1671653244705491,0.05820981952066298,-13.893261503135136,3.053126870578076,182.0,20.0,91.44305666591265,77.80643090080875,-0.7239702256902232,pressure-coherent European sites
aberdeen-p038-uk,Aberdeen,1993,-2,0.3617438840046563,0.25278837905477014,-16.293261503135227,2.9975713150225207,234.0,20.0,78.81038424101367,65.17375847590975,-0.7239702256902232,pressure-coherent European sites
aberdeen-p038-uk,Aberdeen,1993,-1,0.592627122396261,0.4836716174463749,-27.393261503135136,6.63646020391141,222.0,20.0,166.20915264535057,152.57252688024667,-0.7239702256902232,pressure-coherent European sites
aberdeen-p038-uk,Aberdeen,1993,0,0.88216608166371,0.7732105767138239,-27.193261503135204,6.2753490928002975,252.0,20.0,104.49190877631723,90.85528301121332,-0.7239702256902232,pressure-coherent European sites
aberdeen-p038-uk,Aberdeen,1993,1,0.109048361439543,9.285648965687288e-05,-33.893261503135136,3.1920157594669636,219.0,20.0,93.50419963202994,79.86757386692602,-0.7239702256902232,pressure-coherent European sites
aberdeen-p038-uk,Aberdeen,1993,2,0.4262759471614816,0.3173204422115955,-35.49326150313516,6.414237981689187,299.0,20.0,-27.119652675446748,-40.75627844055066,-0.7239702256902232,pressure-coherent European sites
aberdeen-p038-uk,Aberdeen,1993,3,0.2311660956130516,0.12221059066316547,-13.193261503135204,7.192015759466965,309.0,20.0,-63.30592376220783,-76.94254952731174,-0.7239702256902232,pressure-coherent European sites
aberdeen-p038-uk,Aberdeen,1994,-3,0.1077017382921624,-0.001253766657723726,-19.693261503135204,4.13646020391141,161.0,20.0,92.14456560287347,78.50793983776956,-0.7239702256902232,pressure-coherent European sites
aberdeen-p038-uk,Aberdeen,1994,-2,0.3689410021684084,0.25998549721852227,-17.693261503135204,5.580904648355853,162.0,20.0,119.86519129862248,106.22856553351858,-0.7239702256902232,pressure-coherent European sites
aberdeen-p038-uk,Aberdeen,1994,-1,0.4011983468733577,0.2922428419234716,-21.193261503135204,6.580904648355853,161.0,20.0,138.1592820367948,124.52265627169089,-0.7239702256902232,pressure-coherent European sites
aberdeen-p038-uk,Aberdeen,1994,0,0.5301983976415726,0.42124289269168647,-38.29326150313523,4.525349092800299,210.0,20.0,125.25599596876569,111.61937020366179,-0.7239702256902232,pressure-coherent European sites
aberdeen-p038-uk,Aberdeen,1994,1,0.4047507397079418,0.2957952347580557,-18.09326150313518,2.164237981689187,203.0,20.0,79.3979829403133,65.76135717520938,-0.7239702256902232,pressure-coherent European sites
aberdeen-p038-uk,Aberdeen,1994,2,0.3103064678987527,0.2013509629488666,-15.393261503135136,2.469793537244744,209.0,20.0,84.00228368345562,70.3656579183517,-0.7239702256902232,pressure-coherent European sites
aberdeen-p038-uk,Aberdeen,1994,3,0.3433091316202271,0.23435362667034096,-6.293261503135227,0.08090464835585465,238.0,20.0,36.79572435591388,23.159098590809975,-0.7239702256902232,pressure-coherent European sites
aberdeen-p038-uk,Aberdeen,1995,-3,0.0663231888735531,-0.04263231607633303,-8.193261503135204,4.858682426133631,191.0,20.0,133.15806915288954,119.52144338778564,-0.7239702256902232,pressure-coherent European sites
aberdeen-p038-uk,Aberdeen,1995,-2,0.5560783296179848,0.4471228246680986,-18.59326150313518,5.358682426133631,188.0,20.0,143.47372400393016,129.83709823882626,-0.7239702256902232,pressure-coherent European sites
aberdeen-p038-uk,Aberdeen,1995,-1,0.206941995992297,0.09798649104241089,-39.393261503135136,7.719793537244742,156.0,20.0,150.66227989484858,137.02565412974468,-0.7239702256902232,pressure-coherent European sites
aberdeen-p038-uk,Aberdeen,1995,0,0.8040415324457904,0.6950860274959042,-41.09326150313518,8.803126870578076,172.0,20.0,213.65151629672803,200.01489053162413,-0.7239702256902232,pressure-coherent European sites
aberdeen-p038-uk,Aberdeen,1995,1,0.5021685431054703,0.39321303815558417,-38.09326150313518,4.580904648355853,76.0,20.0,-71.8252218235759,-85.4618475886798,-0.7239702256902232,pressure-coherent European sites
aberdeen-p038-uk,Aberdeen,1995,2,0.2902906599858974,0.1813351550360113,-38.193261503135204,3.1086824261336314,214.0,20.0,94.3530238456269,80.71639808052299,-0.7239702256902232,pressure-coherent European sites
aberdeen-p038-uk,Aberdeen,1995,3,0.3436162581475402,0.2346607531976541,-44.29326150313523,5.330904648355853,116.0,20.0,15.261881529183459,1.6252557640795509,-0.7239702256902232,pressure-coherent European sites
aberdeen-p038-uk,Aberdeen,1996,-3,-0.0803569573172734,-0.18931246226715953,21.30673849686491,-2.5024286849774793,229.0,20.0,15.797818460205335,2.161192695101427,-0.7239702256902232,pressure-coherent European sites
aberdeen-p038-uk,Aberdeen,1996,-2,0.0434003527250824,-0.06555515222480372,9.006738496864841,2.553126870578076,279.0,20.0,16.52279282880614,2.8861670637022314,-0.7239702256902232,pressure-coherent European sites
aberdeen-p038-uk,Aberdeen,1996,-1,0.1984110576650927,0.08945555271520658,-6.093261503135182,5.803126870578076,296.0,20.0,-16.478073425489722,-30.11469919059363,-0.7239702256902232,pressure-coherent European sites
aberdeen-p038-uk,Aberdeen,1996,0,0.5632281861413585,0.45427268119147235,-17.693261503135204,4.664237981689187,305.0,20.0,-33.73454623284175,-47.37117199794566,-0.7239702256902232,pressure-coherent European sites
aberdeen-p038-uk,Aberdeen,1996,1,0.1938913827018995,0.08493587775201339,-26.49326150313516,6.553126870578076,57.0,20.0,-141.388680602439,-155.0253063675429,-0.7239702256902232,pressure-coherent European sites
aberdeen-p038-uk,Aberdeen,1996,2,-0.1096730526108581,-0.21862855756074423,2.3067384968647957,3.7753490928002975,18.0,20.0,-110.76658779618049,-124.40321356128439,-0.7239702256902232,pressure-coherent European sites
aberdeen-p038-uk,Aberdeen,1996,3,-0.105696990314387,-0.2146524952642731,25.506738496864727,0.6642379816891868,27.0,20.0,-54.596931021881325,-68.23355678698523,-0.7239702256902232,pressure-coherent European sites
aberdeen-p038-uk,Aberdeen,1997,-3,0.0466669110979363,-0.06228859385194982,-4.993261503135159,3.858682426133633,183.0,20.0,107.67578334039354,94.03915757528964,-0.7239702256902232,pressure-coherent European sites
aberdeen-p038-uk,Aberdeen,1997,-2,0.5530251833497369,0.4440696783998508,-7.793261503135227,4.080904648355855,196.0,20.0,117.07522534299328,103.43859957788936,-0.7239702256902232,pressure-coherent European sites
aberdeen-p038-uk,Aberdeen,1997,-1,0.4117666119689654,0.3028111070190793,-20.693261503135204,5.692015759466964,213.0,20.0,150.89503818106158,137.25841241595768,-0.7239702256902232,pressure-coherent European sites
aberdeen-p038-uk,Aberdeen,1997,0,0.577706322505274,0.46875081755538783,-21.893261503135136,6.775349092800299,241.0,20.0,138.11243551840633,124.47580975330243,-0.7239702256902232,pressure-coherent European sites
aberdeen-p038-uk,Aberdeen,1997,1,0.3744098363047993,0.26545433135491314,6.106738496864864,0.21979353724474304,263.0,20.0,22.069332927539485,8.432707162435577,-0.7239702256902232,pressure-coherent European sites
aberdeen-p038-uk,Aberdeen,1997,2,0.1377918460074391,0.028836341057552978,9.006738496864841,0.8586824261336314,176.0,20.0,52.9207860941172,39.28416032901329,-0.7239702256902232,pressure-coherent European sites
aberdeen-p038-uk,Aberdeen,1997,3,0.1767928881606711,0.06783738321078497,2.506738496864841,0.969793537244743,197.0,20.0,59.55099148454668,45.91436571944277,-0.7239702256902232,pressure-coherent European sites
aberdeen-p038-uk,Aberdeen,1998,-3,0.2490077293513425,0.14005222440145637,-42.193261503135204,7.358682426133631,162.0,20.0,156.91142524596071,143.2747994808568,-0.7239702256902232,pressure-coherent European sites
aberdeen-p038-uk,Aberdeen,1998,-2,0.4896346398234833,0.38067913487359717,-40.59326150313518,0.3864602039114091,198.0,20.0,50.93268883779648,37.296063072692576,-0.7239702256902232,pressure-coherent European sites
aberdeen-p038-uk,Aberdeen,1998,-1,0.4323417491217609,0.3233862441718748,-50.59326150313518,5.88646020391141,191.0,20.0,157.77482925286142,144.13820348775752,-0.7239702256902232,pressure-coherent European sites
aberdeen-p038-uk,Aberdeen,1998,0,0.6572903111081312,0.548334806158245,-37.29326150313523,1.88646020391141,233.0,20.0,62.590320989389944,48.95369522428604,-0.7239702256902232,pressure-coherent European sites
aberdeen-p038-uk,Aberdeen,1998,1,0.1153581509864364,0.006402646036550275,-27.193261503135204,-0.7524286849774793,303.0,20.0,-8.098237956379124,-21.73486372148303,-0.7239702256902232,pressure-coherent European sites
aberdeen-p038-uk,Aberdeen,1998,2,0.1094134014004859,0.000457896450599779,-15.093261503135182,2.053126870578076,159.0,20.0,58.518527011578804,44.8819012464749,-0.7239702256902232,pressure-coherent European sites
aberdeen-p038-uk,Aberdeen,1998,3,0.2699851428425703,0.16102963789268418,-18.793261503135227,-1.11353979608859,203.0,20.0,31.75349112476948,18.11686535966557,-0.7239702256902232,pressure-coherent European sites
aberdeen-p038-uk,Aberdeen,1999,-3,0.0237195091646325,-0.08523599578525362,21.506738496864727,-0.8079842405330355,224.0,20.0,32.281425754784365,18.644799989680457,-0.7239702256902232,pressure-coherent European sites
aberdeen-p038-uk,Aberdeen,1999,-2,0.131582498214743,0.02262699326485687,5.006738496864841,0.9975713150225198,231.0,20.0,51.48361099842062,37.846985233316715,-0.7239702256902232,pressure-coherent European sites
aberdeen-p038-uk,Aberdeen,1999,-1,0.3958194759788056,0.2868639710289195,-5.793261503135227,6.692015759466964,281.0,20.0,28.27601237844463,14.639386613340722,-0.7239702256902232,pressure-coherent European sites
aberdeen-p038-uk,Aberdeen,1999,0,0.6588037362571781,0.549848231307292,-3.0932615031351816,6.053126870578076,302.0,20.0,-34.09382750330321,-47.73045326840712,-0.7239702256902232,pressure-coherent European sites
aberdeen-p038-uk,Aberdeen,1999,1,0.0865665302241113,-0.02238897472577482,-3.393261503135136,1.7475713150225207,311.0,20.0,-25.892084354647928,-39.528710119751835,-0.7239702256902232,pressure-coherent European sites
aberdeen-p038-uk,Aberdeen,1999,2,0.068751951127446,-0.04020355382244012,-2.1932615031352043,4.580904648355853,324.0,20.0,-71.8252218235759,-85.4618475886798,-0.7239702256902232,pressure-coherent European sites
aberdeen-p038-uk,Aberdeen,1999,3,0.1360329554637503,0.027077450513864176,-3.793261503135227,1.3309046483558546,334.0,20.0,-45.389170886449335,-59.02579665155324,-0.7239702256902232,pressure-coherent European sites
aberdeen-p038-uk,Aberdeen,2000,-3,0.5250311810517065,0.4160756761018204,-27.293261503135227,5.303126870578076,280.0,20.0,25.23740443875956,11.600778673655654,-0.7239702256902232,pressure-coherent European sites
aberdeen-p038-uk,Aberdeen,2000,-2,0.5226126329897747,0.4136571280398885,-24.293261503135227,1.8586824261336314,272.0,20.0,22.913991635364518,9.27736587026061,-0.7239702256902232,pressure-coherent European sites
aberdeen-p038-uk,Aberdeen,2000,-1,0.3463194656894603,0.2373639607395742,-13.393261503135136,3.1920157594669636,197.0,20.0,98.7564472934299,85.11982152832599,-0.7239702256902232,pressure-coherent European sites
aberdeen-p038-uk,Aberdeen,2000,0,0.6086938602372988,0.4997383552874126,-23.393261503135136,5.553126870578074,198.0,20.0,151.33445247814078,137.69782671303687,-0.7239702256902232,pressure-coherent European sites
aberdeen-p038-uk,Aberdeen,2000,1,0.3126059356160455,0.20365043066615937,-9.493261503135159,4.580904648355853,196.0,20.0,128.13156023337297,114.49493446826907,-0.7239702256902232,pressure-coherent European sites
aberdeen-p038-uk,Aberdeen,2000,2,0.3687172666985847,0.2597617617486986,-10.693261503135204,3.4975713150225207,204.0,20.0,104.80657303042278,91.16994726531888,-0.7239702256902232,pressure-coherent European sites
aberdeen-p038-uk,Aberdeen,2000,3,0.3211235311342929,0.2121680261844068,-8.393261503135136,2.469793537244744,279.0,20.0,16.228187273444675,2.5915615083407673,-0.7239702256902232,pressure-coherent European sites
aberdeen-p038-uk,Aberdeen,2001,-3,0.0562751982382446,-0.05268030671164152,-4.893261503135136,1.38646020391141,148.0,20.0,40.78234721854355,27.14572145343964,-0.7239702256902232,pressure-coherent European sites
aberdeen-p038-uk,Aberdeen,2001,-2,0.1281159155976224,0.01916041064773627,-26.59326150313518,4.13646020391141,158.0,20.0,88.11312227018388,74.47649650507998,-0.7239702256902232,pressure-coherent European sites
aberdeen-p038-uk,Aberdeen,2001,-1,0.3506477802298873,0.24169227528000117,-30.293261503135227,4.192015759466965,160.0,20.0,91.75746541050746,78.12083964540355,-0.7239702256902232,pressure-coherent European sites
aberdeen-p038-uk,Aberdeen,2001,0,0.6082869763307364,0.4993314713808502,-27.193261503135204,3.3586824261336314,206.0,20.0,101.67451624129224,88.03789047618832,-0.7239702256902232,pressure-coherent European sites
aberdeen-p038-uk,Aberdeen,2001,1,0.4955490441528708,0.38659353920298467,-19.793261503135227,0.63646020391141,230.0,20.0,47.28124496155228,33.644619196448375,-0.7239702256902232,pressure-coherent European sites
aberdeen-p038-uk,Aberdeen,2001,2,0.1884730273358482,0.07951752238596208,-8.793261503135227,-0.3635397960885909,179.0,20.0,38.106793643288555,24.470167878184647,-0.7239702256902232,pressure-coherent European sites
aberdeen-p038-uk,Aberdeen,2001,3,0.2163450705901689,0.10738956564028276,-14.093261503135182,1.1642379816891868,164.0,20.0,50.704016487735416,37.06739072263151,-0.7239702256902232,pressure-coherent European sites
aberdeen-p038-uk,Aberdeen,2002,-3,0.33673104586126,0.2277755409113739,-24.09326150313518,3.719793537244744,205.0,20.0,109.25012055947666,95.61349479437274,-0.7239702256902232,pressure-coherent European sites
aberdeen-p038-uk,Aberdeen,2002,-2,0.3561263220019717,0.24717081705208557,-23.09326150313518,2.414237981689187,186.0,20.0,81.53179366624691,67.895167901143,-0.7239702256902232,pressure-coherent European sites
aberdeen-p038-uk,Aberdeen,2002,-1,0.3438702506180274,0.23491474566814127,-28.193261503135204,2.608682426133633,241.0,20.0,66.13550333049382,52.49887756538991,-0.7239702256902232,pressure-coherent European sites
aberdeen-p038-uk,Aberdeen,2002,0,0.4933147594866298,0.3843592545367437,-30.193261503135204,-1.1690953516441454,24.0,20.0,-31.097673761224666,-44.73429952632857,-0.7239702256902232,pressure-coherent European sites
aberdeen-p038-uk,Aberdeen,2002,1,0.248561298487598,0.13960579353771188,-28.793261503135227,2.7753490928002975,351.0,20.0,-79.39670827565028,-93.0333340407542,-0.7239702256902232,pressure-coherent European sites
aberdeen-p038-uk,Aberdeen,2002,2,0.0456172359045009,-0.06333826904538523,-21.293261503135227,2.9975713150225207,137.0,20.0,43.157471881490665,29.520846116386757,-0.7239702256902232,pressure-coherent European sites
aberdeen-p038-uk,Aberdeen,2002,3,0.1988859538038799,0.08993044885399379,-27.893261503135136,-1.4746509071997016,209.0,20.0,27.511997758861476,13.875371993757568,-0.7239702256902232,pressure-coherent European sites
aberdeen-p038-uk,Aberdeen,2003,-3,0.2299820801039674,0.12102657515408127,-0.5932615031351816,1.2197935372447422,252.0,20.0,39.12918214590984,25.49255638080593,-0.7239702256902232,pressure-coherent European sites
aberdeen-p038-uk,Aberdeen,2003,-2,0.2884512011702066,0.1794956962203205,-5.993261503135159,2.1086824261336314,200.0,20.0,78.51929012345678,64.88266435835288,-0.7239702256902232,pressure-coherent European sites
aberdeen-p038-uk,Aberdeen,2003,-1,0.511719859970376,0.4027643550204898,-13.593261503135182,4.692015759466965,225.0,20.0,118.70394213175089,105.06731636664699,-0.7239702256902232,pressure-coherent European sites
aberdeen-p038-uk,Aberdeen,2003,0,0.628169108059672,0.5192136031097858,-7.693261503135204,4.497571315022521,204.0,20.0,126.25420011100903,112.61757434590513,-0.7239702256902232,pressure-coherent European sites
aberdeen-p038-uk,Aberdeen,2003,1,0.5528376540107458,0.44388214906085965,-17.49326150313516,6.664237981689187,199.0,20.0,179.97952851492232,166.34290274981842,-0.7239702256902232,pressure-coherent European sites
aberdeen-p038-uk,Aberdeen,2003,2,0.5246738393435251,0.4157183343936389,-11.893261503135136,1.3586824261336314,260.0,20.0,32.89506172839505,19.25843596329114,-0.7239702256902232,pressure-coherent European sites
aberdeen-p038-uk,Aberdeen,2003,3,0.2343534131486649,0.12539790819877877,-19.193261503135204,0.05312687057807608,180.0,20.0,43.522414786014004,29.885789020910096,-0.7239702256902232,pressure-coherent European sites
aberdeen-p038-uk,Aberdeen,2004,-3,0.2733679253781259,0.16441242042823975,-7.493261503135159,3.469793537244742,192.0,20.0,103.47690041763767,89.84027465253376,-0.7239702256902232,pressure-coherent European sites
aberdeen-p038-uk,Aberdeen,2004,-2,0.2908223558474774,0.18186685089759128,-6.993261503135159,2.164237981689187,200.0,20.0,79.50694444444443,65.87031867934053,-0.7239702256902232,pressure-coherent European sites
aberdeen-p038-uk,Aberdeen,2004,-1,0.255143042008638,0.1461875370587519,-31.193261503135204,3.1086824261336314,198.0,20.0,97.18227544373575,83.54564967863183,-0.7239702256902232,pressure-coherent European sites
aberdeen-p038-uk,Aberdeen,2004,0,0.5670790182938328,0.45812351334394663,-22.293261503135227,2.8586824261336314,313.0,20.0,-36.09318501406012,-49.729810779164026,-0.7239702256902232,pressure-coherent European sites
aberdeen-p038-uk,Aberdeen,2004,1,0.2447526592944581,0.13579715434457199,-9.593261503135182,-1.1413175738663686,2.0,20.0,-29.943603465206362,-43.580229230310266,-0.7239702256902232,pressure-coherent European sites
aberdeen-p038-uk,Aberdeen,2004,2,0.0491583685607953,-0.05979713638909082,4.206738496864773,-0.5024286849774793,254.0,20.0,22.960361417674726,9.323735652570818,-0.7239702256902232,pressure-coherent European sites
aberdeen-p038-uk,Aberdeen,2004,3,0.1192626030455776,0.010307098095691483,1.0067384968648412,-0.7246509071997016,238.0,20.0,28.631665414033126,14.995039648929218,-0.7239702256902232,pressure-coherent European sites
aberdeen-p038-uk,Aberdeen,2005,-3,0.398938810619108,0.2899833056692219,-21.793261503135227,3.330904648355853,200.0,20.0,101.67361111111109,88.03698534600719,-0.7239702256902232,pressure-coherent European sites
aberdeen-p038-uk,Aberdeen,2005,-2,0.561963758073269,0.4530082531233829,-25.59326150313518,6.303126870578076,208.0,20.0,168.7887472106581,155.1521214455542,-0.7239702256902232,pressure-coherent European sites
aberdeen-p038-uk,Aberdeen,2005,-1,0.243762328131738,0.1348068231818519,-23.393261503135136,7.553126870578076,205.0,20.0,203.8701688282278,190.2335430631239,-0.7239702256902232,pressure-coherent European sites
aberdeen-p038-uk,Aberdeen,2005,0,0.8738420234212574,0.7648865184713712,-25.09326150313518,8.0253490928003,212.0,20.0,213.61052974543568,199.97390398033178,-0.7239702256902232,pressure-coherent European sites
aberdeen-p038-uk,Aberdeen,2005,1,0.2555178836425417,0.14656237869265556,2.9067384968648184,1.0809046483558538,284.0,20.0,6.4139826488401965,-7.222643116263711,-0.7239702256902232,pressure-coherent European sites
aberdeen-p038-uk,Aberdeen,2005,2,0.0201206717109072,-0.08883483323897892,9.706738496864773,1.0809046483558538,175.0,20.0,55.612052821221106,41.9754270561172,-0.7239702256902232,pressure-coherent European sites
aberdeen-p038-uk,Aberdeen,2005,3,0.1401356176047281,0.031180112654841968,0.10673849686486392,2.803126870578076,196.0,20.0,91.08621871261309,77.44959294750919,-0.7239702256902232,pressure-coherent European sites
aberdeen-p038-uk,Aberdeen,2006,-3,0.2093315864096676,0.10037608145978147,-18.09326150313518,0.2753490928002984,210.0,20.0,48.63932057296175,35.00269480785784,-0.7239702256902232,pressure-coherent European sites
aberdeen-p038-uk,Aberdeen,2006,-2,0.0818188337778229,-0.027136671172063226,-25.49326150313516,7.580904648355855,166.0,20.0,170.32116351714134,156.68453775203744,-0.7239702256902232,pressure-coherent European sites
aberdeen-p038-uk,Aberdeen,2006,-1,0.5445406563839419,0.43558515143405574,-29.293261503135227,4.164237981689187,204.0,20.0,118.88331018408918,105.24668441898527,-0.7239702256902232,pressure-coherent European sites
aberdeen-p038-uk,Aberdeen,2006,0,0.6480331829844718,0.5390776780345856,-30.693261503135204,4.080904648355855,296.0,20.0,-12.26757659182877,-25.90420235693268,-0.7239702256902232,pressure-coherent European sites
aberdeen-p038-uk,Aberdeen,2006,1,0.1853277619873072,0.07637225703742107,-25.793261503135227,2.719793537244744,306.0,20.0,-24.73100877450345,-38.36763453960736,-0.7239702256902232,pressure-coherent European sites
aberdeen-p038-uk,Aberdeen,2006,2,0.2536526708304896,0.14469716588060347,-44.393261503135136,0.24757131502252072,236.0,20.0,39.64183272437242,26.005206959268513,-0.7239702256902232,pressure-coherent European sites
aberdeen-p038-uk,Aberdeen,2006,3,0.3445590660287144,0.23560356107882827,-40.193261503135204,3.2753490928002993,161.0,20.0,78.14694355172371,64.5103177866198,-0.7239702256902232,pressure-coherent European sites
aberdeen-p038-uk,Aberdeen,2007,-3,0.0495342215611282,-0.05942128338875792,-13.493261503135159,4.664237981689187,177.0,20.0,119.97885829478369,106.34223252967979,-0.7239702256902232,pressure-coherent European sites
aberdeen-p038-uk,Aberdeen,2007,-2,0.6195603933811641,0.5106048884312779,-32.693261503135204,7.053126870578076,180.0,20.0,179.0991779071809,165.462552142077,-0.7239702256902232,pressure-coherent European sites
aberdeen-p038-uk,Aberdeen,2007,-1,0.6825576550080216,0.5736021500581354,-19.693261503135204,5.330904648355853,242.0,20.0,108.50430524765424,94.86767948255033,-0.7239702256902232,pressure-coherent European sites
aberdeen-p038-uk,Aberdeen,2007,0,0.7226158124506352,0.6136603075007491,-21.793261503135227,4.38646020391141,206.0,20.0,123.3951506922174,109.75852492711348,-0.7239702256902232,pressure-coherent European sites
aberdeen-p038-uk,Aberdeen,2007,1,0.4641709283047108,0.3552154233548247,-8.393261503135136,5.2753490928002975,231.0,20.0,124.00419756276108,110.36757179765718,-0.7239702256902232,pressure-coherent European sites
aberdeen-p038-uk,Aberdeen,2007,2,0.4738793084631977,0.36492380351331155,-14.493261503135159,5.38646020391141,230.0,20.0,127.61111522786305,113.97448946275915,-0.7239702256902232,pressure-coherent European sites
aberdeen-p038-uk,Aberdeen,2007,3,0.5462847274469882,0.43732922249710204,-3.5932615031351816,-1.030206462755257,164.0,20.0,26.49031263371549,12.853686868611582,-0.7239702256902232,pressure-coherent European sites
aberdeen-p038-uk,Aberdeen,2008,-3,0.1832323915461976,0.07427688659631149,7.106738496864864,-0.0857620183108132,234.0,20.0,36.84611433577963,23.209488570675724,-0.7239702256902232,pressure-coherent European sites
aberdeen-p038-uk,Aberdeen,2008,-2,0.0548879768684479,-0.05406752808143822,-8.493261503135159,3.1920157594669636,197.0,20.0,98.7564472934299,85.11982152832599,-0.7239702256902232,pressure-coherent European sites
aberdeen-p038-uk,Aberdeen,2008,-1,0.4765879996543732,0.3676324947044871,-43.59326150313518,7.858682426133631,192.0,20.0,211.4069507616842,197.77032499658029,-0.7239702256902232,pressure-coherent European sites
aberdeen-p038-uk,Aberdeen,2008,0,0.8389895282688924,0.7300340233190062,-40.893261503135136,6.386460203911408,337.0,20.0,-126.2538829549038,-139.89050872000772,-0.7239702256902232,pressure-coherent European sites
aberdeen-p038-uk,Aberdeen,2008,1,0.0814994756485792,-0.027456029301306917,-15.693261503135204,2.13646020391141,192.0,20.0,78.24340296229693,64.60677719719303,-0.7239702256902232,pressure-coherent European sites
aberdeen-p038-uk,Aberdeen,2008,2,0.3079129554424574,0.19895745049257127,-23.49326150313516,4.247571315022521,163.0,20.0,96.63489671572246,82.99827095061855,-0.7239702256902232,pressure-coherent European sites
aberdeen-p038-uk,Aberdeen,2008,3,0.4269745154440848,0.3180190104941987,-24.193261503135204,2.803126870578076,190.0,20.0,89.92145853429989,76.28483276919599,-0.7239702256902232,pressure-coherent European sites
aberdeen-p038-uk,Aberdeen,2009,-3,0.3814992717797031,0.27254376682981696,-8.893261503135136,3.2475713150225207,182.0,20.0,95.10565162951535,81.46902586441144,-0.7239702256902232,pressure-coherent European sites
aberdeen-p038-uk,Aberdeen,2009,-2,0.2848847488944364,0.17592924394455026,-30.393261503135136,7.692015759466965,157.0,20.0,152.5910809551109,138.954455190007,-0.7239702256902232,pressure-coherent European sites
aberdeen-p038-uk,Aberdeen,2009,-1,0.57770167531553,0.4687461703656438,-30.193261503135204,2.553126870578076,204.0,20.0,86.38242711451292,72.74580134940902,-0.7239702256902232,pressure-coherent European sites
aberdeen-p038-uk,Aberdeen,2009,0,0.59781635450115,0.48886084955126385,-39.393261503135136,3.9975713150225207,150.0,20.0,74.28214314440072,60.64551737929681,-0.7239702256902232,pressure-coherent European sites
aberdeen-p038-uk,Aberdeen,2009,1,0.2690777556259184,0.16012225067603228,-36.79326150313523,0.8031268705780761,191.0,20.0,56.38359119644342,42.74696543133951,-0.7239702256902232,pressure-coherent European sites
aberdeen-p038-uk,Aberdeen,2009,2,0.2566309299162158,0.14767542496632965,-23.893261503135136,3.8864602039114082,160.0,20.0,86.7054732381788,73.0688474730749,-0.7239702256902232,pressure-coherent European sites
aberdeen-p038-uk,Aberdeen,2009,3,0.3739400341555352,0.2649845292056491,-36.59326150313518,5.442015759466964,158.0,20.0,110.5089613509482,96.8723355858443,-0.7239702256902232,pressure-coherent European sites
aberdeen-p038-uk,Aberdeen,2010,-3,0.1386069070322307,0.02965140208234457,-20.49326150313516,3.2475713150225207,87.0,20.0,-39.07311284892738,-52.70973861403129,-0.7239702256902232,pressure-coherent European sites
aberdeen-p038-uk,Aberdeen,2010,-2,0.0715990181822432,-0.03735648676764293,-13.793261503135227,-1.0024286849774793,188.0,20.0,32.34000504926144,18.703379284157535,-0.7239702256902232,pressure-coherent European sites
aberdeen-p038-uk,Aberdeen,2010,-1,0.242622654618173,0.13366714966828688,-51.693261503135204,6.303126870578076,160.0,20.0,130.570383861869,116.9337580967651,-0.7239702256902232,pressure-coherent European sites
aberdeen-p038-uk,Aberdeen,2010,0,0.5107872839160883,0.40183177896620215,-46.393261503135136,2.219793537244742,303.0,20.0,-18.108733448025497,-31.745359213129404,-0.7239702256902232,pressure-coherent European sites
aberdeen-p038-uk,Aberdeen,2010,1,0.1547524272218686,0.04579692227198248,-29.59326150313518,-1.5024286849774802,279.0,20.0,5.259172935066018,-8.377452830037889,-0.7239702256902232,pressure-coherent European sites
aberdeen-p038-uk,Aberdeen,2010,2,0.1832906942877641,0.07433518933787797,-17.59326150313518,-0.8079842405330355,353.0,20.0,-31.484980541458718,-45.121606306562626,-0.7239702256902232,pressure-coherent European sites
aberdeen-p038-uk,Aberdeen,2010,3,0.072033006263162,-0.03692249868672412,-4.493261503135159,-1.2246509071997016,193.0,20.0,30.328564931441353,16.691939166337445,-0.7239702256902232,pressure-coherent European sites
brest-france,Brest,1980,-3,0.0831191976171083,-0.015014422237523056,-7.356416144131458,-1.8495711776423596,173.0,70.0,7.152783949426184,-14.757076002035287,-0.7960281479479313,pressure-coherent European sites
brest-france,Brest,1980,-2,0.14142159545707,0.04328797560243865,-16.356416144131458,3.205984377913196,169.0,70.0,17.891588410947698,-4.018271540513773,-0.7960281479479313,pressure-coherent European sites
brest-france,Brest,1980,-1,0.2790445246078492,0.1809109047532178,-14.356416144131458,5.15042882235764,176.0,70.0,44.030728077171474,22.120868125710004,-0.7960281479479313,pressure-coherent European sites
brest-france,Brest,1980,0,0.3835334150611138,0.28539979520648245,-23.756416144131435,8.705984377913193,245.0,70.0,261.2620522682911,239.35219231682962,-0.7960281479479313,pressure-coherent European sites
brest-france,Brest,1980,1,0.1611700643526837,0.06303644449805233,-16.856416144131458,4.622651044579862,259.0,70.0,144.8731503038374,122.96329035237594,-0.7960281479479313,pressure-coherent European sites
brest-france,Brest,1980,2,0.311198157781015,0.21306453792638363,-15.756416144131435,2.205984377913196,251.0,70.0,93.96793913406142,72.05807918259995,-0.7960281479479313,pressure-coherent European sites
brest-france,Brest,1980,3,0.280925021571878,0.18279140171724662,-14.05641614413139,-4.071793399864582,275.0,70.0,10.579884652837562,-11.329975298623909,-0.7960281479479313,pressure-coherent European sites
brest-france,Brest,1981,-3,0.2994340165105107,0.20130039665587934,-21.856416144131458,0.7893177112465297,155.0,70.0,-5.972051372656661,-27.881911324118132,-0.7960281479479313,pressure-coherent European sites
brest-france,Brest,1981,-2,0.3956259448368842,0.2974923249822528,-36.256416144131435,2.5393177112465297,163.0,70.0,5.262711538222771,-16.6471484132387,-0.7960281479479313,pressure-coherent European sites
brest-france,Brest,1981,-1,0.385621573852937,0.2874879539983056,-41.65641614413141,4.872651044579862,203.0,70.0,104.20734973100016,82.2974897795387,-0.7960281479479313,pressure-coherent European sites
brest-france,Brest,1981,0,0.6553298832737203,0.557196263419089,-41.05641614413139,5.955984377913194,213.0,70.0,144.3558333654619,122.44597341400043,-0.7960281479479313,pressure-coherent European sites
brest-france,Brest,1981,1,0.3108023482740968,0.21266872841946544,-32.45641614413148,0.6226510445798619,261.0,70.0,64.58137358756296,42.671513636101494,-0.7960281479479313,pressure-coherent European sites
brest-france,Brest,1981,2,0.274855729234862,0.17672210938023064,-18.45641614413148,2.1504288223576404,294.0,70.0,66.83255094056844,44.92269098910697,-0.7960281479479313,pressure-coherent European sites
brest-france,Brest,1981,3,0.1680583866953517,0.06992476684072034,-4.05641614413139,2.205984377913196,223.0,70.0,83.73880065792237,61.8289407064609,-0.7960281479479313,pressure-coherent European sites
brest-france,Brest,1982,-3,0.0635977656650623,-0.03453585418956906,5.343583855868587,-0.9884600665312497,178.0,70.0,13.055968012341525,-8.853891939119945,-0.7960281479479313,pressure-coherent European sites
brest-france,Brest,1982,-2,0.1361936140904182,0.038059994235786834,-8.356416144131458,0.5670954890243065,169.0,70.0,10.151341442811274,-11.758518508650196,-0.7960281479479313,pressure-coherent European sites
brest-france,Brest,1982,-1,0.2498295976420092,0.15169597778737787,-33.05641614413139,4.733762155690973,127.0,70.0,-81.35965831705956,-103.26951826852103,-0.7960281479479313,pressure-coherent European sites
brest-france,Brest,1982,0,0.5367535000411461,0.4386198801865147,-39.85641614413146,7.372651044579862,141.0,70.0,-71.90258102584849,-93.81244097730996,-0.7960281479479313,pressure-coherent European sites
brest-france,Brest,1982,1,0.3315801923221662,0.2334465724675348,-36.15641614413141,2.622651044579862,224.0,70.0,91.88782095559755,69.97796100413608,-0.7960281479479313,pressure-coherent European sites
brest-france,Brest,1982,2,0.1644639577763294,0.06633033792169805,-16.756416144131435,1.9559843779131958,283.0,70.0,74.80734386920602,52.89748391774455,-0.7960281479479313,pressure-coherent European sites
brest-france,Brest,1982,3,0.1673429039383406,0.06920928408370923,-1.3564161441314582,2.011539933468751,217.0,70.0,75.69001875707453,53.780158805613056,-0.7960281479479313,pressure-coherent European sites
brest-france,Brest,1983,-3,0.4476805181714636,0.3495468983168322,-29.356416144131458,2.4837621556909726,142.0,70.0,-30.730261768547525,-52.64012172000899,-0.7960281479479313,pressure-coherent European sites
brest-france,Brest,1983,-2,0.2845689518980767,0.1864353320434453,-26.45641614413148,-1.2662378443090274,175.0,70.0,10.020450931376606,-11.889409020084864,-0.7960281479479313,pressure-coherent European sites
brest-france,Brest,1983,-1,0.4168574765838174,0.318723856729186,-49.95641614413148,6.372651044579862,134.0,70.0,-84.22442432224304,-106.13428427370451,-0.7960281479479313,pressure-coherent European sites
brest-france,Brest,1983,0,0.6779261891739723,0.579792569319341,-44.256416144131435,4.372651044579864,214.0,70.0,113.81732991310942,91.90746996164795,-0.7960281479479313,pressure-coherent European sites
brest-france,Brest,1983,1,0.3018384318336056,0.20370481197897422,-36.95641614413148,8.733762155690972,222.0,70.0,232.35692456025785,210.44706460879638,-0.7960281479479313,pressure-coherent European sites
brest-france,Brest,1983,2,0.4651094832187804,0.366975863364149,-26.45641614413148,1.2893177112465297,228.0,70.0,71.43894365865829,49.52908370719682,-0.7960281479479313,pressure-coherent European sites
brest-france,Brest,1983,3,0.3050325721463085,0.20689895229167715,-16.756416144131435,1.0670954890243065,207.0,70.0,53.53328514691434,31.623425195452867,-0.7960281479479313,pressure-coherent European sites
brest-france,Brest,1984,-3,0.0933934257162064,-0.004740194138424955,-5.05641614413139,-3.710682288753471,328.0,70.0,2.9672335133991328,-18.942626438062337,-0.7960281479479313,pressure-coherent European sites
brest-france,Brest,1984,-2,0.0960643974086906,-0.002069222445940752,-2.956416144131481,-2.5995711776423596,180.0,70.0,8.174703672574008,-13.735156278887462,-0.7960281479479313,pressure-coherent European sites
brest-france,Brest,1984,-1,0.1185610056959267,0.020427385841295345,-23.756416144131435,7.372651044579862,175.0,70.0,57.16086511147301,35.25100516001154,-0.7960281479479313,pressure-coherent European sites
brest-france,Brest,1984,0,0.5841843077764118,0.48605068792178047,-25.356416144131458,2.5393177112465297,225.0,70.0,91.13498234136055,69.22512238989908,-0.7960281479479313,pressure-coherent European sites
brest-france,Brest,1984,1,0.4439121373871065,0.3457785175324751,-33.65641614413141,4.511539933468751,233.0,70.0,137.7078848586771,115.79802490721562,-0.7960281479479313,pressure-coherent European sites
brest-france,Brest,1984,2,0.350776320685398,0.2526427008307666,-24.05641614413139,3.2337621556909744,284.0,70.0,95.31117450649,73.40131455502853,-0.7960281479479313,pressure-coherent European sites
brest-france,Brest,1984,3,0.2838238640743825,0.1856902442197511,-20.95641614413148,0.5393177112465279,264.0,70.0,62.53091771164928,40.62105776018781,-0.7960281479479313,pressure-coherent European sites
brest-france,Brest,1985,-3,0.0812908172546612,-0.01684280259997016,-13.256416144131435,3.8448732668020833,184.0,70.0,52.24306215506944,30.333202203607968,-0.7960281479479313,pressure-coherent European sites
brest-france,Brest,1985,-2,0.4013222919064707,0.3031886720518393,-16.55641614413139,4.539317711246528,185.0,70.0,61.139101292825586,39.229241341364116,-0.7960281479479313,pressure-coherent European sites
brest-france,Brest,1985,-1,0.2159826862124868,0.11784906635785546,-30.656416144131413,6.789317711246528,212.0,70.0,160.63988353385915,138.73002358239768,-0.7960281479479313,pressure-coherent European sites
brest-france,Brest,1985,0,0.4997479188082641,0.4016142989536327,-24.95641614413148,4.90042882235764,254.0,70.0,153.11068720793457,131.2008272564731,-0.7960281479479313,pressure-coherent European sites
brest-france,Brest,1985,1,0.2975848230039679,0.1994512031493365,-12.55641614413139,0.5948732668020851,81.0,70.0,-64.139792840688,-86.04965279214947,-0.7960281479479313,pressure-coherent European sites
brest-france,Brest,1985,2,0.2414491847983972,0.14331556494376585,-8.756416144131435,2.6782066001354172,50.0,70.0,-97.12767338734346,-119.03753333880493,-0.7960281479479313,pressure-coherent European sites
brest-france,Brest,1985,3,0.1002798490826267,0.0021462292279953443,-4.256416144131435,-2.988460066531249,347.0,70.0,-2.4678542039542317,-24.377714155415703,-0.7960281479479313,pressure-coherent European sites
brest-france,Brest,1986,-3,-0.0021456155480883,-0.10027923540271966,-2.1564161441314127,-3.4329045109756935,110.0,70.0,-12.599539621546398,-34.50939957300787,-0.7960281479479313,pressure-coherent European sites
brest-france,Brest,1986,-2,0.1314882987130449,0.03335467885841355,-10.05641614413139,0.7337621556909744,228.0,70.0,62.68220725441641,40.77234730295494,-0.7960281479479313,pressure-coherent European sites
brest-france,Brest,1986,-1,0.181179342177467,0.08304572232283565,-18.256416144131435,4.90042882235764,170.0,70.0,26.65231551604564,4.742455564584169,-0.7960281479479313,pressure-coherent European sites
brest-france,Brest,1986,0,0.5445551577628778,0.4464215379082464,-17.05641614413139,4.205984377913196,216.0,70.0,113.37920401020689,91.46934405874542,-0.7960281479479313,pressure-coherent European sites
brest-france,Brest,1986,1,0.1947939287684701,0.09666030891383874,-11.256416144131435,0.7337621556909744,198.0,70.0,41.62175603559637,19.7118960841349,-0.7960281479479313,pressure-coherent European sites
brest-france,Brest,1986,2,0.2860458628262942,0.1879122429716628,-10.55641614413139,1.1504288223576404,196.0,70.0,43.86664921834899,21.95678926688752,-0.7960281479479313,pressure-coherent European sites
brest-france,Brest,1986,3,0.2765407580925936,0.17840713823796223,-11.356416144131458,1.7059843779131958,228.0,70.0,78.38209127329615,56.472231321834684,-0.7960281479479313,pressure-coherent European sites
brest-france,Brest,1987,-3,0.2123006648993482,0.11416704504471685,-10.956416144131481,1.2615399334687512,265.0,70.0,73.9536960752568,52.04383612379533,-0.7960281479479313,pressure-coherent European sites
brest-france,Brest,1987,-2,0.235532456119541,0.13739883626490962,-27.656416144131413,1.9004288223576387,263.0,70.0,85.89192413682437,63.9820641853629,-0.7960281479479313,pressure-coherent European sites
brest-france,Brest,1987,-1,0.4290490463120369,0.3309154264574055,-58.15641614413141,12.76153993346875,185.0,70.0,173.29990095504556,151.3900410035841,-0.7960281479479313,pressure-coherent European sites
brest-france,Brest,1987,0,0.8658386466098152,0.7677050267551839,-54.15641614413141,13.650428822357636,267.0,70.0,427.32728902628776,405.41742907482626,-0.7960281479479313,pressure-coherent European sites
brest-france,Brest,1987,1,0.2384445982257634,0.14031097837113204,-5.856416144131458,5.733762155690973,188.0,70.0,82.0763802544568,60.16652030299532,-0.7960281479479313,pressure-coherent European sites
brest-france,Brest,1987,2,0.2251719882411426,0.12703836838651122,-7.05641614413139,5.344873266802085,189.0,70.0,79.84545106779257,57.935591116331096,-0.7960281479479313,pressure-coherent European sites
brest-france,Brest,1987,3,0.3182226048474324,0.22008898499280105,-8.356416144131458,0.4559843779131958,186.0,70.0,27.667443150277304,5.7575831988158335,-0.7960281479479313,pressure-coherent European sites
brest-france,Brest,1988,-3,0.1972780009729681,0.09914438111833675,-20.156416144131413,9.205984377913193,227.0,70.0,256.5488222005207,234.63896224905923,-0.7960281479479313,pressure-coherent European sites
brest-france,Brest,1988,-2,0.2113775602805723,0.11324394042594095,-18.156416144131413,7.65042882235764,260.0,70.0,225.70410712843446,203.794247176973,-0.7960281479479313,pressure-coherent European sites
brest-france,Brest,1988,-1,0.3489826253175592,0.2508490054629278,-16.45641614413148,8.344873266802082,251.0,70.0,250.65626246628975,228.74640251482828,-0.7960281479479313,pressure-coherent European sites
brest-france,Brest,1988,0,0.478582046478322,0.3804484266236906,-26.256416144131435,7.28931771124653,211.0,70.0,169.71524582978222,147.80538587832075,-0.7960281479479313,pressure-coherent European sites
brest-france,Brest,1988,1,0.3485869057219933,0.25045328586736193,-25.756416144131435,7.705984377913196,232.0,70.0,219.57150400012085,197.66164404865938,-0.7960281479479313,pressure-coherent European sites
brest-france,Brest,1988,2,0.2571938876324845,0.15906026777785315,-1.55641614413139,1.0115399334687512,311.0,70.0,35.02749506279787,13.117635111336398,-0.7960281479479313,pressure-coherent European sites
brest-france,Brest,1988,3,0.0522827451049122,-0.045850874749719155,3.8435838558685873,0.8448732668020851,174.0,70.0,16.800131638865807,-5.109728312595664,-0.7960281479479313,pressure-coherent European sites
brest-france,Brest,1989,-3,0.3219701752825499,0.22383655542791853,-27.95641614413148,7.372651044579862,211.0,70.0,171.63472439662152,149.72486444516005,-0.7960281479479313,pressure-coherent European sites
brest-france,Brest,1989,-2,0.2919257293028081,0.1937921094481767,-29.256416144131435,7.372651044579862,219.0,70.0,189.3076471014368,167.39778714997533,-0.7960281479479313,pressure-coherent European sites
brest-france,Brest,1989,-1,0.5481919614834763,0.4500583416288449,-43.85641614413146,9.678206600135415,206.0,70.0,211.98544282757635,190.07558287611488,-0.7960281479479313,pressure-coherent European sites
brest-france,Brest,1989,0,0.6327610887085915,0.5346274688539602,-44.15641614413141,10.455984377913193,211.0,70.0,250.24339818779106,228.3335382363296,-0.7960281479479313,pressure-coherent European sites
brest-france,Brest,1989,1,0.1599998539466086,0.06186623409197724,-36.05641614413139,4.428206600135417,213.0,70.0,113.41178850664646,91.50192855518499,-0.7960281479479313,pressure-coherent European sites
brest-france,Brest,1989,2,0.32300536122896,0.22487174137432864,-21.05641614413139,6.733762155690974,248.0,70.0,202.14838654173911,180.23852659027764,-0.7960281479479313,pressure-coherent European sites
brest-france,Brest,1989,3,0.4607472089227127,0.36261358906808133,-19.856416144131458,8.15042882235764,212.0,70.0,192.72760845676615,170.81774850530468,-0.7960281479479313,pressure-coherent European sites
brest-france,Brest,1990,-3,0.599765611206777,0.5016319913521456,-24.45641614413148,8.928206600135418,224.0,70.0,242.2312371029471,220.32137715148562,-0.7960281479479313,pressure-coherent European sites
brest-france,Brest,1990,-2,0.6596144858535494,0.5614808659989181,-26.656416144131413,4.344873266802085,232.0,70.0,133.1743305178853,111.26447056642382,-0.7960281479479313,pressure-coherent European sites
brest-france,Brest,1990,-1,0.2748869466321153,0.17675332677748395,-23.756416144131435,9.178206600135418,201.0,70.0,182.2386191640299,160.32875921256843,-0.7960281479479313,pressure-coherent European sites
brest-france,Brest,1990,0,0.6618768491746572,0.5637432293200259,-16.656416144131413,4.5670954890243065,260.0,70.0,143.12843296787608,121.21857301641461,-0.7960281479479313,pressure-coherent European sites
brest-france,Brest,1990,1,0.3253487399500031,0.2272151200953717,-23.756416144131435,10.344873266802082,322.0,70.0,98.2759880166325,76.36612806517103,-0.7960281479479313,pressure-coherent European sites
brest-france,Brest,1990,2,-0.1170589844080554,-0.21519260426268677,5.94358385586861,4.955984377913194,205.0,70.0,109.50552423708702,87.59566428562555,-0.7960281479479313,pressure-coherent European sites
brest-france,Brest,1990,3,0.1532892445042381,0.05515562464960673,-4.256416144131435,2.622651044579862,194.0,70.0,57.16884485976855,35.25898490830708,-0.7960281479479313,pressure-coherent European sites
brest-france,Brest,1991,-3,0.3573135921069506,0.2591799722523192,-13.656416144131413,3.9004288223576404,234.0,70.0,124.68216904878966,102.77230909732819,-0.7960281479479313,pressure-coherent European sites
brest-france,Brest,1991,-2,0.3124451953393026,0.21431157548467122,-19.256416144131435,9.90042882235764,207.0,70.0,221.14194689484108,199.2320869433796,-0.7960281479479313,pressure-coherent European sites
brest-france,Brest,1991,-1,0.5163653269655826,0.4182317071109512,-19.856416144131458,8.65042882235764,223.0,70.0,232.07488681446733,210.16502686300586,-0.7960281479479313,pressure-coherent European sites
brest-france,Brest,1991,0,0.5794805060436976,0.48134688618906624,-18.45641614413148,7.53931771124653,236.0,70.0,219.1258668689699,197.21600691750842,-0.7960281479479313,pressure-coherent European sites
brest-france,Brest,1991,1,0.2864529291665318,0.18831930931190044,-4.756416144131435,5.344873266802085,239.0,70.0,161.66854362947777,139.7586836780163,-0.7960281479479313,pressure-coherent European sites
brest-france,Brest,1991,2,-0.0045620251781774,-0.10269564503280876,6.343583855868587,2.1504288223576404,311.0,70.0,45.04277898475404,23.132919033292566,-0.7960281479479313,pressure-coherent European sites
brest-france,Brest,1991,3,-0.0128442544478823,-0.11097787430251366,18.54358385586852,-2.0162378443090265,50.0,70.0,-28.139298549444693,-50.04915850090616,-0.7960281479479313,pressure-coherent European sites
brest-france,Brest,1992,-3,0.1598205529631099,0.061686933108478545,-0.1564161441314127,4.178206600135417,205.0,70.0,96.24508966150228,74.3352297100408,-0.7960281479479313,pressure-coherent European sites
brest-france,Brest,1992,-2,0.172944737161146,0.07481111730651464,-12.05641614413139,7.594873266802083,235.0,70.0,219.75483329900112,197.84497334753965,-0.7960281479479313,pressure-coherent European sites
brest-france,Brest,1992,-1,0.3780786147538495,0.27994499489921815,-13.656416144131413,10.678206600135418,226.0,70.0,301.49537728477065,279.5855173333092,-0.7960281479479313,pressure-coherent European sites
brest-france,Brest,1992,0,0.4390641541960298,0.3409305343413984,-1.2564161441314354,1.9282066001354172,268.0,70.0,84.33361567064453,62.42375571918306,-0.7960281479479313,pressure-coherent European sites
brest-france,Brest,1992,1,0.0758706765479275,-0.02226294330670385,0.3435838558685873,4.761539933468751,223.0,70.0,133.70666653601694,111.79680658455547,-0.7960281479479313,pressure-coherent European sites
brest-france,Brest,1992,2,0.1767881301493844,0.07865451029475305,0.24358385586856457,3.5948732668020833,219.0,70.0,105.29466932027543,83.38480936881396,-0.7960281479479313,pressure-coherent European sites
brest-france,Brest,1992,3,0.2355707061924656,0.13743708633783425,-2.456416144131481,3.3170954890243065,225.0,70.0,105.82052518686181,83.91066523540034,-0.7960281479479313,pressure-coherent European sites
brest-france,Brest,1993,-3,0.1961274318490762,0.09799381199444483,-8.55641614413139,0.5115399334687512,273.0,70.0,58.91231062095617,37.0024506694947,-0.7960281479479313,pressure-coherent European sites
brest-france,Brest,1993,-2,0.2284312259808851,0.13029760612625374,-9.756416144131435,-0.9884600665312497,317.0,70.0,16.5083901786718,-5.401469772789671,-0.7960281479479313,pressure-coherent European sites
brest-france,Brest,1993,-1,0.170384995398001,0.07225137554336965,-46.756416144131435,6.900428822357639,147.0,70.0,-46.57389406308893,-68.4837540145504,-0.7960281479479313,pressure-coherent European sites
brest-france,Brest,1993,0,0.7680010242623692,0.6698674044077378,-46.15641614413141,4.90042882235764,348.0,70.0,-21.360923264330488,-43.27078321579196,-0.7960281479479313,pressure-coherent European sites
brest-france,Brest,1993,1,0.3391219254701894,0.240988305615558,-21.256416144131435,-0.23846006653124885,325.0,70.0,13.604176058201261,-8.305683893260209,-0.7960281479479313,pressure-coherent European sites
brest-france,Brest,1993,2,0.3150144607945016,0.21688084093987026,-21.656416144131413,-0.12734895542013813,282.0,70.0,45.95229749427855,24.042437542817076,-0.7960281479479313,pressure-coherent European sites
brest-france,Brest,1993,3,0.1395009430900938,0.04136732323546245,-7.356416144131458,0.5115399334687512,279.0,70.0,55.975661256921335,34.065801305459864,-0.7960281479479313,pressure-coherent European sites
brest-france,Brest,1994,-3,0.2853014099732754,0.18716779011864404,-23.656416144131413,-1.2384600665312488,309.0,70.0,20.11867480117398,-1.7911851502874896,-0.7960281479479313,pressure-coherent European sites
brest-france,Brest,1994,-2,0.0219060577472105,-0.07622756210742085,-14.256416144131435,1.039317711246528,175.0,70.0,18.82209581934219,-3.087764132119279,-0.7960281479479313,pressure-coherent European sites
brest-france,Brest,1994,-1,0.2962271586510879,0.19809353879645653,-24.356416144131458,5.344873266802085,175.0,70.0,42.62605884480129,20.716198893339822,-0.7960281479479313,pressure-coherent European sites
brest-france,Brest,1994,0,0.613018813001468,0.5148851931468367,-27.45641614413148,1.8726510445798636,245.0,70.0,87.29694110152893,65.38708115006746,-0.7960281479479313,pressure-coherent European sites
brest-france,Brest,1994,1,0.1447563497143065,0.04662272985967515,-13.356416144131458,2.705984377913196,207.0,70.0,76.00717493625343,54.097314984791964,-0.7960281479479313,pressure-coherent European sites
brest-france,Brest,1994,2,0.2843861339517708,0.18625251409713944,-11.256416144131435,7.261539933468751,248.0,70.0,217.42996680334198,195.5201068518805,-0.7960281479479313,pressure-coherent European sites
brest-france,Brest,1994,3,0.2486928696534615,0.15055924979883012,-5.256416144131435,5.094873266802083,251.0,70.0,158.31616178653383,136.40630183507236,-0.7960281479479313,pressure-coherent European sites
brest-france,Brest,1995,-3,0.0761362023616178,-0.021997417493013552,-6.356416144131458,-1.9606822887534712,305.0,70.0,17.526389240692726,-4.383470710768744,-0.7960281479479313,pressure-coherent European sites
brest-france,Brest,1995,-2,0.0964407703714242,-0.0016928494832071511,-10.55641614413139,-3.9051267331979154,257.0,70.0,12.744568294338919,-9.165291657122552,-0.7960281479479313,pressure-coherent European sites
brest-france,Brest,1995,-1,0.1946534694232121,0.09651984956858074,-31.756416144131435,5.03931771124653,177.0,70.0,45.886340364436265,23.976480412974794,-0.7960281479479313,pressure-coherent European sites
brest-france,Brest,1995,0,0.6453259216417127,0.5471923017870813,-47.15641614413141,8.844873266802082,183.0,70.0,104.23838216697175,82.32852221551028,-0.7960281479479313,pressure-coherent European sites
brest-france,Brest,1995,1,0.2122541694933591,0.11412054963872774,-19.55641614413139,1.5115399334687512,300.0,70.0,52.06579638460967,30.1559364331482,-0.7960281479479313,pressure-coherent European sites
brest-france,Brest,1995,2,0.1850904015122056,0.08695678165757424,-5.256416144131435,-1.9329045109756935,256.0,70.0,30.69512022741584,8.785260275954368,-0.7960281479479313,pressure-coherent European sites
brest-france,Brest,1995,3,0.2402268666799103,0.14209324682527896,-12.656416144131413,1.3726510445798619,194.0,70.0,43.90742982259772,21.99756987113625,-0.7960281479479313,pressure-coherent European sites
brest-france,Brest,1996,-3,0.0680607148369514,-0.03007290501767995,1.3435838558685873,-1.4884600665312488,60.0,70.0,-35.453079108439496,-57.36293905990097,-0.7960281479479313,pressure-coherent European sites
brest-france,Brest,1996,-2,0.0522939856754944,-0.04583963417913696,4.343583855868587,-3.6551267331979154,75.0,70.0,-14.638527646959263,-36.54838759842073,-0.7960281479479313,pressure-coherent European sites
brest-france,Brest,1996,-1,0.0268806514093026,-0.07125296844532876,-24.55641614413139,5.3170954890243065,159.0,70.0,-2.8618849293656523,-24.77174488082712,-0.7960281479479313,pressure-coherent European sites
brest-france,Brest,1996,0,0.4851970053641844,0.38706338550955305,-26.45641614413148,6.900428822357639,319.0,70.0,74.1965445168157,52.286684565354236,-0.7960281479479313,pressure-coherent European sites
brest-france,Brest,1996,1,0.2809873375445062,0.18285371768987485,-35.65641614413141,11.76153993346875,285.0,70.0,303.54702941183956,281.6371694603781,-0.7960281479479313,pressure-coherent European sites
brest-france,Brest,1996,2,0.1484227098161543,0.05028908996152294,-4.05641614413139,4.094873266802085,323.0,70.0,39.22856740936107,17.3187074578996,-0.7960281479479313,pressure-coherent European sites
brest-france,Brest,1996,3,0.0231460718883504,-0.07498754796628096,-10.156416144131413,4.928206600135419,193.0,70.0,83.96896678033765,62.05910682887618,-0.7960281479479313,pressure-coherent European sites
brest-france,Brest,1997,-3,0.0591317851042338,-0.039001834750397556,4.643583855868542,-1.8217933998645828,188.0,70.0,15.075253516124715,-6.834606435336756,-0.7960281479479313,pressure-coherent European sites
brest-france,Brest,1997,-2,0.0793595163745568,-0.018774103480074564,-13.756416144131435,5.872651044579862,219.0,70.0,153.02089803838072,131.11103808691925,-0.7960281479479313,pressure-coherent European sites
brest-france,Brest,1997,-1,0.4174338931608673,0.31930027330623595,-21.95641614413148,8.344873266802082,242.0,70.0,248.25470334424085,226.34484339277938,-0.7960281479479313,pressure-coherent European sites
brest-france,Brest,1997,0,0.633290459125826,0.5351568392711947,-17.856416144131458,7.094873266802083,246.0,70.0,212.15554888338275,190.24568893192128,-0.7960281479479313,pressure-coherent European sites
brest-france,Brest,1997,1,0.2687734843628006,0.1706398645081692,-5.856416144131458,5.928206600135417,260.0,70.0,177.27223448492666,155.36237453346519,-0.7960281479479313,pressure-coherent European sites
brest-france,Brest,1997,2,0.0755283821013361,-0.02260523775329526,13.243583855868565,2.428206600135419,182.0,70.0,36.83891645390786,14.929056502446393,-0.7960281479479313,pressure-coherent European sites
brest-france,Brest,1997,3,0.1535554790591613,0.05542185920452995,10.543583855868519,1.7337621556909744,183.0,70.0,33.2314412859581,11.321581334496628,-0.7960281479479313,pressure-coherent European sites
brest-france,Brest,1998,-3,0.210433789045772,0.11230016919114065,-17.756416144131435,3.2337621556909744,194.0,70.0,64.28819895488225,42.37833900342078,-0.7960281479479313,pressure-coherent European sites
brest-france,Brest,1998,-2,0.3344944833770694,0.23636086352243801,-15.756416144131435,1.7337621556909744,272.0,70.0,78.85641449519257,56.9465545437311,-0.7960281479479313,pressure-coherent European sites
brest-france,Brest,1998,-1,0.2122168869326091,0.11408326707797774,-18.45641614413148,8.455984377913193,210.0,70.0,194.74788498539226,172.8380250339308,-0.7960281479479313,pressure-coherent European sites
brest-france,Brest,1998,0,0.6368529401625315,0.5387193203079002,-28.856416144131458,10.90042882235764,234.0,70.0,325.05182922437706,303.1419692729156,-0.7960281479479313,pressure-coherent European sites
brest-france,Brest,1998,1,0.014797506633509,-0.08333611322112236,-19.756416144131435,8.483762155690972,243.0,70.0,253.2103174277871,231.30045747632562,-0.7960281479479313,pressure-coherent European sites
brest-france,Brest,1998,2,0.0904631623699185,-0.007670457484712859,-17.756416144131435,9.622651044579861,253.0,70.0,292.38886476838854,270.47900481692704,-0.7960281479479313,pressure-coherent European sites
brest-france,Brest,1998,3,0.1426626730976571,0.04452905324302574,-15.456416144131481,9.817095489024304,270.0,70.0,281.42126328164636,259.51140333018486,-0.7960281479479313,pressure-coherent European sites
brest-france,Brest,1999,-3,0.1136689200973786,0.01553530024274724,-1.6564161441314127,1.6782066001354172,252.0,70.0,83.97659032591011,62.06673037444864,-0.7960281479479313,pressure-coherent European sites
brest-france,Brest,1999,-2,0.0879199215796692,-0.010213698274962157,-0.1564161441314127,1.039317711246528,309.0,70.0,37.45511074243647,15.545250790974997,-0.7960281479479313,pressure-coherent European sites
brest-france,Brest,1999,-1,0.1237248923783988,0.025591272523767444,-14.856416144131458,7.483762155690973,214.0,70.0,181.35526714722533,159.44540719576386,-0.7960281479479313,pressure-coherent European sites
brest-france,Brest,1999,0,0.5562556328108799,0.4581220129562485,-17.656416144131413,7.844873266802085,217.0,70.0,197.1807690858353,175.27090913437382,-0.7960281479479313,pressure-coherent European sites
brest-france,Brest,1999,1,0.2172823593587217,0.11914873950409034,-10.55641614413139,-0.07179339986458277,243.0,70.0,54.59693102188132,32.68707107041985,-0.7960281479479313,pressure-coherent European sites
brest-france,Brest,1999,2,0.1064467094257706,0.008313089571139243,-0.9564161441314809,5.0670954890243065,206.0,70.0,113.3981470435091,91.48828709204763,-0.7960281479479313,pressure-coherent European sites
brest-france,Brest,1999,3,0.3906182250373334,0.29248460518270203,-5.356416144131458,5.233762155690973,199.0,70.0,101.85861304643375,79.94875309497228,-0.7960281479479313,pressure-coherent European sites
brest-france,Brest,2000,-3,0.1133684780179465,0.015234858163315143,-20.656416144131413,2.9837621556909744,308.0,70.0,58.11488819922928,36.20502824776781,-0.7960281479479313,pressure-coherent European sites
brest-france,Brest,2000,-2,0.1778452139677122,0.07971159411308083,-7.05641614413139,-1.7106822887534712,293.0,70.0,24.414572952817746,2.5047130013562757,-0.7960281479479313,pressure-coherent European sites
brest-france,Brest,2000,-1,0.1478453406825925,0.049711720827961145,-42.65641614413141,5.094873266802083,166.0,70.0,16.5510659094845,-5.358794041976971,-0.7960281479479313,pressure-coherent European sites
brest-france,Brest,2000,0,0.5874618689502789,0.4893282490956475,-48.55641614413139,5.372651044579862,321.0,70.0,53.85163557316844,31.941775621706967,-0.7960281479479313,pressure-coherent European sites
brest-france,Brest,2000,1,0.4684135770429344,0.37027995718830303,-32.05641614413139,5.400428822357639,319.0,70.0,59.53332258125383,37.62346262979236,-0.7960281479479313,pressure-coherent European sites
brest-france,Brest,2000,2,0.2152557251886169,0.11712210533398555,-24.156416144131413,2.122651044579862,339.0,70.0,1.612139111918123,-20.29772083954335,-0.7960281479479313,pressure-coherent European sites
brest-france,Brest,2000,3,0.181378786494232,0.08324516663960065,-9.756416144131435,-2.1273489554201372,303.0,70.0,17.297073917739706,-4.612786033721765,-0.7960281479479313,pressure-coherent European sites
brest-france,Brest,2001,-3,0.1790896102706926,0.08095599041606123,-14.05641614413139,3.289317711246528,299.0,70.0,76.20814078730467,54.2982808358432,-0.7960281479479313,pressure-coherent European sites
brest-france,Brest,2001,-2,0.0400162989703921,-0.05811732088423926,-9.756416144131435,-1.9329045109756935,346.0,70.0,-3.2261871378905385,-25.136047089352008,-0.7960281479479313,pressure-coherent European sites
brest-france,Brest,2001,-1,0.0883419076345398,-0.00979171222009155,-24.656416144131413,7.317095489024305,168.0,70.0,30.507366573027827,8.597506621566357,-0.7960281479479313,pressure-coherent European sites
brest-france,Brest,2001,0,0.5993438300215975,0.5012102101669662,-29.95641614413148,5.03931771124653,202.0,70.0,105.0168475802455,83.10698762878403,-0.7960281479479313,pressure-coherent European sites
brest-france,Brest,2001,1,0.562619071193884,0.4644854513392526,-32.55641614413139,6.900428822357639,216.0,70.0,171.64404137211338,149.7341814206519,-0.7960281479479313,pressure-coherent European sites
brest-france,Brest,2001,2,0.0660774525162511,-0.03205616733838025,-22.856416144131458,3.955984377913196,199.0,70.0,82.42543245244107,60.5155725009796,-0.7960281479479313,pressure-coherent European sites
brest-france,Brest,2001,3,0.4850320176369305,0.3868983977822991,-28.756416144131435,6.539317711246528,222.0,70.0,173.7451465037406,151.83528655227914,-0.7960281479479313,pressure-coherent European sites
brest-france,Brest,2002,-3,0.2333124298117462,0.13517880995711484,-6.956416144131481,1.4559843779131958,245.0,70.0,79.69865052233376,57.788790570872294,-0.7960281479479313,pressure-coherent European sites
brest-france,Brest,2002,-2,0.230717296765933,0.13258367691130163,-20.55641614413139,4.0670954890243065,215.0,70.0,109.38208038308316,87.4722204316217,-0.7960281479479313,pressure-coherent European sites
brest-france,Brest,2002,-1,0.238645405814046,0.14051178595941466,-45.15641614413141,7.011539933468751,272.0,70.0,194.940405422667,173.03054547120553,-0.7960281479479313,pressure-coherent European sites
brest-france,Brest,2002,0,0.5903269228932209,0.4921933030385895,-41.15641614413141,7.844873266802085,274.0,70.0,214.7846875968604,192.87482764539894,-0.7960281479479313,pressure-coherent European sites
brest-france,Brest,2002,1,0.4515810512687631,0.3534474314141317,-32.256416144131435,0.011539933468751151,170.0,70.0,9.767709993764843,-12.142149957696628,-0.7960281479479313,pressure-coherent European sites
brest-france,Brest,2002,2,0.3657736208857286,0.26764000103109725,-23.156416144131413,-1.3773489554201381,128.0,70.0,-19.790194744511666,-41.70005469597314,-0.7960281479479313,pressure-coherent European sites
brest-france,Brest,2002,3,0.1151581522577528,0.017024532403121448,-8.156416144131413,-2.9329045109756935,341.0,70.0,-0.36219129902560177,-22.272051250487074,-0.7960281479479313,pressure-coherent European sites
brest-france,Brest,2003,-3,0.0319798305722237,-0.06615378928240766,-5.256416144131435,-4.0162378443090265,237.0,70.0,11.74732427644236,-10.162535675019111,-0.7960281479479313,pressure-coherent European sites
brest-france,Brest,2003,-2,0.1019959649072797,0.003862345052648347,-16.656416144131413,3.511539933468751,307.0,70.0,65.90132323681831,43.99146328535684,-0.7960281479479313,pressure-coherent European sites
brest-france,Brest,2003,-1,0.1476317715013669,0.04949815164673553,-40.756416144131435,2.1504288223576404,213.0,70.0,74.1997709330899,52.289910981628424,-0.7960281479479313,pressure-coherent European sites
brest-france,Brest,2003,0,0.4735796875678013,0.3754460677131699,-42.55641614413139,-0.26623784430902653,223.0,70.0,46.475340304887084,24.565480353425613,-0.7960281479479313,pressure-coherent European sites
brest-france,Brest,2003,1,0.2871535117470267,0.18901989189239532,-23.756416144131435,2.0670954890243065,221.0,70.0,79.86033770374037,57.9504777522789,-0.7960281479479313,pressure-coherent European sites
brest-france,Brest,2003,2,0.0647811190048331,-0.03335250084979825,-18.156416144131413,5.678206600135417,224.0,70.0,155.81593452647502,133.90607457501355,-0.7960281479479313,pressure-coherent European sites
brest-france,Brest,2003,3,0.1699313188759555,0.07179769902132414,-13.05641614413139,4.983762155690973,250.0,70.0,155.5563271604938,133.64646720903232,-0.7960281479479313,pressure-coherent European sites
brest-france,Brest,2004,-3,0.1678719107117697,0.06973829085713835,-10.456416144131481,-0.48846006653124885,132.0,70.0,-23.004106576508647,-44.91396652797012,-0.7960281479479313,pressure-coherent European sites
brest-france,Brest,2004,-2,0.2487277180172686,0.15059409816263725,-32.65641614413141,7.011539933468751,180.0,70.0,71.90973513422185,49.99987518276038,-0.7960281479479313,pressure-coherent European sites
brest-france,Brest,2004,-1,0.4182217595047248,0.3200881396500934,-31.55641614413139,6.983762155690973,193.0,70.0,114.07204035764966,92.16218040618818,-0.7960281479479313,pressure-coherent European sites
brest-france,Brest,2004,0,0.5892055491294916,0.49107192927486026,-31.95641614413148,5.733762155690973,198.0,70.0,107.63434755662526,85.72448760516379,-0.7960281479479313,pressure-coherent European sites
brest-france,Brest,2004,1,0.3712749421563556,0.2731413223017242,-23.656416144131413,-0.26623784430902653,134.0,70.0,-22.865655496096934,-44.775515447558405,-0.7960281479479313,pressure-coherent European sites
brest-france,Brest,2004,2,0.0936926089635021,-0.004441010891129263,1.3435838558685873,-0.9884600665312497,43.0,70.0,-37.64502564695853,-59.55488559842,-0.7960281479479313,pressure-coherent European sites
brest-france,Brest,2004,3,0.0030024542864459,-0.09513116556818546,3.7435838558685646,0.06709548902430651,32.0,70.0,-44.98471265033928,-66.89457260180075,-0.7960281479479313,pressure-coherent European sites
brest-france,Brest,2005,-3,0.1390857619478887,0.04095214209325733,-7.55641614413139,0.7337621556909744,356.0,70.0,-18.634446425356625,-40.5443063768181,-0.7960281479479313,pressure-coherent European sites
brest-france,Brest,2005,-2,0.002258870546847,-0.09587474930778436,-7.956416144131481,-0.8495711776423605,201.0,70.0,28.9157004590793,7.00584050761783,-0.7960281479479313,pressure-coherent European sites
brest-france,Brest,2005,-1,0.1125906967041117,0.014457076849480346,-36.756416144131435,5.622651044579862,182.0,70.0,64.3953358854711,42.48547593400963,-0.7960281479479313,pressure-coherent European sites
brest-france,Brest,2005,0,0.4894985142311757,0.3913648943765443,-45.05641614413139,10.428206600135418,213.0,70.0,256.3675448051119,234.45768485365042,-0.7960281479479313,pressure-coherent European sites
brest-france,Brest,2005,1,0.2986810627003533,0.2005474428457219,-27.05641614413139,5.205984377913196,268.0,70.0,153.2617302250976,131.35187027363614,-0.7960281479479313,pressure-coherent European sites
brest-france,Brest,2005,2,0.3440847878671008,0.2459511680124694,-21.45641614413148,0.12265104457986187,247.0,70.0,57.84962264755739,35.93976269609592,-0.7960281479479313,pressure-coherent European sites
brest-france,Brest,2005,3,0.1839637376936307,0.08583011783899934,-12.156416144131413,0.7059843779131958,305.0,70.0,38.51503809679767,16.605178145336197,-0.7960281479479313,pressure-coherent European sites
brest-france,Brest,2006,-3,0.1691080845134521,0.07097446465882075,-23.156416144131413,6.178206600135419,228.0,70.0,173.17733994741891,151.26747999595744,-0.7960281479479313,pressure-coherent European sites
brest-france,Brest,2006,-2,0.3019153215151214,0.20378170166049003,-25.95641614413148,6.178206600135419,240.0,70.0,183.9402036459469,162.03034369448542,-0.7960281479479313,pressure-coherent European sites
brest-france,Brest,2006,-1,0.4145929666853534,0.316459346830722,-33.756416144131435,3.5670954890243065,193.0,70.0,66.56867415317929,44.65881420171782,-0.7960281479479313,pressure-coherent European sites
brest-france,Brest,2006,0,0.5096148547392949,0.41148123488466354,-33.256416144131435,4.122651044579862,290.0,70.0,103.2765040737039,81.36664412224243,-0.7960281479479313,pressure-coherent European sites
brest-france,Brest,2006,1,0.2319632039590902,0.13382958410445883,-8.256416144131435,5.289317711246528,174.0,70.0,39.4989761642667,17.58911621280523,-0.7960281479479313,pressure-coherent European sites
brest-france,Brest,2006,2,0.2482867642938967,0.15015314443926536,-7.55641614413139,6.122651044579862,180.0,70.0,63.36345402198538,41.45359407052391,-0.7960281479479313,pressure-coherent European sites
brest-france,Brest,2006,3,0.1655583139911114,0.06742469413648004,-5.756416144131435,3.4282066001354172,194.0,70.0,66.64103761431585,44.73117766285438,-0.7960281479479313,pressure-coherent European sites
brest-france,Brest,2007,-3,0.336163710737988,0.23803009088335664,-8.756416144131435,2.3448732668020833,274.0,70.0,88.33477050149703,66.42491055003556,-0.7960281479479313,pressure-coherent European sites
brest-france,Brest,2007,-2,0.2272250043955114,0.12909138454088004,-12.756416144131435,4.955984377913194,185.0,70.0,65.4484379663621,43.53857801490064,-0.7960281479479313,pressure-coherent European sites
brest-france,Brest,2007,-1,0.2807888962039554,0.18265527634932405,-9.256416144131435,9.15042882235764,211.0,70.0,215.1548982382119,193.24503828675043,-0.7960281479479313,pressure-coherent European sites
brest-france,Brest,2007,0,0.5798326210697539,0.4816990012151225,-13.356416144131458,8.983762155690972,209.0,70.0,204.7784484380845,182.86858848662303,-0.7960281479479313,pressure-coherent European sites
brest-france,Brest,2007,1,0.1651188788224099,0.06698525896777853,-16.55641614413139,-0.07179339986458277,3.0,70.0,-21.49292547752457,-43.402785428986036,-0.7960281479479313,pressure-coherent European sites
brest-france,Brest,2007,2,0.1303189301015747,0.032185310246943336,4.843583855868587,0.5948732668020851,318.0,70.0,24.47689887118274,2.56703891972127,-0.7960281479479313,pressure-coherent European sites
brest-france,Brest,2007,3,-0.1369578921795024,-0.23509151203413375,12.643583855868656,0.6782066001354172,319.0,70.0,23.90115130161849,1.9912913501570202,-0.7960281479479313,pressure-coherent European sites
brest-france,Brest,2008,-3,0.1950367283666385,0.09690310851200713,-9.05641614413139,1.9282066001354172,307.0,70.0,48.295109986853355,26.385250035391884,-0.7960281479479313,pressure-coherent European sites
brest-france,Brest,2008,-2,0.1634737294217947,0.06534010956716334,-1.55641614413139,1.5115399334687512,189.0,70.0,39.2695792399533,17.35971928849183,-0.7960281479479313,pressure-coherent European sites
brest-france,Brest,2008,-1,0.0625933412598693,-0.035540278594762054,-24.256416144131435,5.372651044579862,192.0,70.0,87.6529805203765,65.74312056891503,-0.7960281479479313,pressure-coherent European sites
brest-france,Brest,2008,0,0.4669706752034006,0.3688370553487692,-20.356416144131458,6.3170954890243065,206.0,70.0,137.10139254772366,115.19153259626219,-0.7960281479479313,pressure-coherent European sites
brest-france,Brest,2008,1,0.395058806745643,0.2969251868910116,-11.656416144131413,5.928206600135417,234.0,70.0,173.0337806973414,151.12392074587993,-0.7960281479479313,pressure-coherent European sites
brest-france,Brest,2008,2,0.2447937266730297,0.14666010681839836,1.3435838558685873,4.039317711246528,261.0,70.0,130.44810313987182,108.53824318841035,-0.7960281479479313,pressure-coherent European sites
brest-france,Brest,2008,3,0.0447827482749444,-0.05335087157968696,17.643583855868656,-1.0162378443090265,171.0,70.0,7.992924035491699,-13.916935915969772,-0.7960281479479313,pressure-coherent European sites
brest-france,Brest,2009,-3,0.2061850383069284,0.10805141845229703,-10.656416144131413,4.400428822357639,269.0,70.0,133.6449650868713,111.73510513540984,-0.7960281479479313,pressure-coherent European sites
brest-france,Brest,2009,-2,0.2421281855342668,0.14399456567963542,-10.656416144131413,3.622651044579862,272.0,70.0,114.46714253910952,92.55728258764805,-0.7960281479479313,pressure-coherent European sites
brest-france,Brest,2009,-1,0.2805973954413027,0.18246377558667132,-26.756416144131435,5.428206600135417,216.0,70.0,138.31685889329773,116.40699894183626,-0.7960281479479313,pressure-coherent European sites
brest-france,Brest,2009,0,0.5688485833311825,0.4707149634765511,-27.05641614413139,4.705984377913194,234.0,70.0,142.943916128803,121.03405617734154,-0.7960281479479313,pressure-coherent European sites
brest-france,Brest,2009,1,0.1733773211754642,0.07524370132083284,-20.05641614413139,4.3170954890243065,334.0,70.0,14.568251294537008,-7.341608656924462,-0.7960281479479313,pressure-coherent European sites
brest-france,Brest,2009,2,0.158308829516369,0.06017520966173763,-9.256416144131435,3.5948732668020833,173.0,70.0,27.633050002004357,5.723190050542886,-0.7960281479479313,pressure-coherent European sites
brest-france,Brest,2009,3,0.290297723320536,0.19216410346590462,-18.256416144131435,2.6504288223576404,275.0,70.0,93.16578312342415,71.25592317196268,-0.7960281479479313,pressure-coherent European sites
brest-france,Brest,2010,-3,0.027370619890916,-0.07076299996371535,-3.6564161441314127,1.539317711246528,175.0,70.0,21.093951881908765,-0.8159080695527052,-0.7960281479479313,pressure-coherent European sites
brest-france,Brest,2010,-2,0.2206511215851179,0.12251750173048655,-17.55641614413139,3.372651044579862,204.0,70.0,81.94449562819595,60.03463567673448,-0.7960281479479313,pressure-coherent European sites
brest-france,Brest,2010,-1,0.211386602341534,0.11325298248690265,-26.756416144131435,3.872651044579862,154.0,70.0,-13.49199526533665,-35.40185521679812,-0.7960281479479313,pressure-coherent European sites
brest-france,Brest,2010,0,0.498283301618474,0.40014968176384264,-26.95641614413148,0.011539933468751151,159.0,70.0,-0.9816978620971883,-22.89155781355866,-0.7960281479479313,pressure-coherent European sites
brest-france,Brest,2010,1,0.1045441335052495,0.006410513650618149,-3.856416144131458,-0.4051267331979158,216.0,70.0,41.595808761876214,19.685948810414743,-0.7960281479479313,pressure-coherent European sites
brest-france,Brest,2010,2,-0.0127084270985428,-0.11084204695317415,2.043583855868519,0.8170954890243065,236.0,70.0,66.93318535864225,45.02332540718078,-0.7960281479479313,pressure-coherent European sites
brest-france,Brest,2010,3,0.1543769843502932,0.05624336449566185,2.3435838558685873,0.28931771124652883,241.0,70.0,59.74904776439722,37.83918781293575,-0.7960281479479313,pressure-coherent European sites
charleston-sc,Charleston,1980,-3,0.2009257800634428,0.09759539383545256,9.05884482910892,0.9727079592177175,26.0,30.0,-38.62173903228158,-43.09179462921424,0.04069095835780166,weak/regime-dependent daily-local sites
charleston-sc,Charleston,1980,-2,0.3107912043749857,0.20746081814699546,3.0588448291089207,2.3060412925510514,349.0,30.0,-43.083667888272814,-47.553723485205474,0.04069095835780166,weak/regime-dependent daily-local sites
charleston-sc,Charleston,1980,-1,0.2426455651032261,0.13931517887523587,-7.241155170891034,3.2227079592177175,343.0,30.0,-48.95285296667738,-53.422908563610044,0.04069095835780166,weak/regime-dependent daily-local sites
charleston-sc,Charleston,1980,0,0.5792967738264875,0.47596638759849724,-6.041155170891102,1.5560412925510514,338.0,30.0,-28.5147222657582,-32.98477786269086,0.04069095835780166,weak/regime-dependent daily-local sites
charleston-sc,Charleston,1980,1,0.3339613368979651,0.23063095066997485,-5.141155170891125,-0.3606253741156147,345.0,30.0,-16.900725041693292,-21.370780638625956,0.04069095835780166,weak/regime-dependent daily-local sites
charleston-sc,Charleston,1980,2,0.351428778780175,0.24809839255218474,-2.8411551708910565,-0.6384031518933924,4.0,30.0,-19.11046970665112,-23.580525303583784,0.04069095835780166,weak/regime-dependent daily-local sites
charleston-sc,Charleston,1980,3,0.080030926731701,-0.023299459496289254,-3.1411551708911247,-0.582847596337837,222.0,30.0,21.301881082647327,16.831825485714663,0.04069095835780166,weak/regime-dependent daily-local sites
charleston-sc,Charleston,1981,-3,0.022915995851314,-0.08041439037667625,-13.841155170891057,1.1393746258843844,299.0,30.0,0.7123706022625594,-3.7576849946701034,0.04069095835780166,weak/regime-dependent daily-local sites
charleston-sc,Charleston,1981,-2,0.2321413751797377,0.12881098895174747,-5.8411551708910565,-0.8606253741156147,305.0,30.0,-1.678824044716465,-6.148879641649128,0.04069095835780166,weak/regime-dependent daily-local sites
charleston-sc,Charleston,1981,-1,0.1062490125287073,0.002918626300717056,-10.241155170891034,2.2782635147732737,112.0,30.0,-7.886583107722344,-12.356638704655007,0.04069095835780166,weak/regime-dependent daily-local sites
charleston-sc,Charleston,1981,0,0.6104722298500449,0.5071418436220546,-14.041155170891102,2.0282635147732737,316.0,30.0,-14.59942179992444,-19.069477396857103,0.04069095835780166,weak/regime-dependent daily-local sites
charleston-sc,Charleston,1981,1,0.2639081463470767,0.16057776011908648,-3.6411551708911247,0.7227079592177184,351.0,30.0,-27.71880560829358,-32.18886120522624,0.04069095835780166,weak/regime-dependent daily-local sites
charleston-sc,Charleston,1981,2,0.3056712496106525,0.20234086338266227,2.2588448291089662,-2.416180929671171,228.0,30.0,7.634870366924981,3.1648147699923186,0.04069095835780166,weak/regime-dependent daily-local sites
charleston-sc,Charleston,1981,3,0.1320561440509199,0.028725757822929646,6.858844829108875,-0.8050698185600593,171.0,30.0,15.351031337421645,10.880975740488982,0.04069095835780166,weak/regime-dependent daily-local sites
charleston-sc,Charleston,1982,-3,0.1199981083845593,0.016667722156569045,7.458844829108898,0.4449301814399407,56.0,30.0,-29.144922681884644,-33.614978278817304,0.04069095835780166,weak/regime-dependent daily-local sites
charleston-sc,Charleston,1982,-2,0.2018820170972722,0.09855163086928194,-3.541155170891102,-0.9717364852267263,57.0,30.0,-16.304869388619856,-20.77492498555252,0.04069095835780166,weak/regime-dependent daily-local sites
charleston-sc,Charleston,1982,-1,0.0260617573800287,-0.07726862884796154,-16.44115517089108,6.444930181439941,216.0,30.0,136.0108451056853,131.54078950875262,0.04069095835780166,weak/regime-dependent daily-local sites
charleston-sc,Charleston,1982,0,0.5125580323123211,0.4092276460843309,2.1588448291089435,2.5560412925510514,1.0,30.0,-53.287690351414994,-57.757745948347655,0.04069095835780166,weak/regime-dependent daily-local sites
charleston-sc,Charleston,1982,1,0.2982783242614507,0.19494793803346044,13.55884482910892,-0.05506981856006021,34.0,30.0,-26.916525674024523,-31.386581270957187,0.04069095835780166,weak/regime-dependent daily-local sites
charleston-sc,Charleston,1982,2,0.1252686049543391,0.021938218726348865,5.6588448291089435,0.3060412925510514,157.0,30.0,18.57453775160643,14.104482154673768,0.04069095835780166,weak/regime-dependent daily-local sites
charleston-sc,Charleston,1982,3,0.0432307348941538,-0.06009965133383645,-1.8411551708910565,3.778263514773273,205.0,30.0,81.19063656322577,76.7205809662931,0.04069095835780166,weak/regime-dependent daily-local sites
charleston-sc,Charleston,1983,-3,0.0662028249317661,-0.037127561296224146,-6.941155170891079,-0.8050698185600593,203.0,30.0,19.605849908964387,15.135794312031724,0.04069095835780166,weak/regime-dependent daily-local sites
charleston-sc,Charleston,1983,-2,0.1053680088030896,0.002037622575099346,-11.341155170891057,5.028263514773273,59.0,30.0,-92.38845517545005,-96.85851077238272,0.04069095835780166,weak/regime-dependent daily-local sites
charleston-sc,Charleston,1983,-1,0.4787330553886401,0.37540266916064985,-20.94115517089108,4.611596848106607,55.0,30.0,-88.13073986210942,-92.60079545904209,0.04069095835780166,weak/regime-dependent daily-local sites
charleston-sc,Charleston,1983,0,0.7464293996512288,0.6430990134232385,-24.841155170891057,0.5838190703288291,258.0,30.0,22.769027577488934,18.29897198055627,0.04069095835780166,weak/regime-dependent daily-local sites
charleston-sc,Charleston,1983,1,0.1206910733058913,0.017360687077901046,-16.841155170891057,1.7782635147732737,264.0,30.0,29.03051405400379,24.560458457071125,0.04069095835780166,weak/regime-dependent daily-local sites
charleston-sc,Charleston,1983,2,0.0685188972823119,-0.03481148894567834,-9.44115517089108,-0.4717364852267263,169.0,30.0,17.22787671397414,12.757821117041477,0.04069095835780166,weak/regime-dependent daily-local sites
charleston-sc,Charleston,1983,3,0.1007731144212499,-0.002557271806740341,-17.641155170891125,8.500485736995497,185.0,30.0,171.34881598661661,166.87876038968395,0.04069095835780166,weak/regime-dependent daily-local sites
charleston-sc,Charleston,1984,-3,-0.1630837555678448,-0.26641414179583506,-6.141155170891125,1.2782635147732737,288.0,30.0,8.859508584421887,4.389452987489224,0.04069095835780166,weak/regime-dependent daily-local sites
charleston-sc,Charleston,1984,-2,0.0655098630237832,-0.03782052320420705,-0.8411551708910565,-0.7772920407822816,39.0,30.0,-19.75452891710383,-24.224584514036493,0.04069095835780166,weak/regime-dependent daily-local sites
charleston-sc,Charleston,1984,-1,0.1494558567914225,0.04612547056343226,-12.641155170891125,5.861596848106607,201.0,30.0,121.93683217223924,117.46677657530657,0.04069095835780166,weak/regime-dependent daily-local sites
charleston-sc,Charleston,1984,0,0.5441199883726673,0.44078960214467705,-15.44115517089108,5.611596848106607,260.0,30.0,75.8256269725986,71.35557137566593,0.04069095835780166,weak/regime-dependent daily-local sites
charleston-sc,Charleston,1984,1,-0.3329896133620947,-0.43631999959008494,-7.941155170891079,4.278263514773273,280.0,30.0,31.048092470772854,26.57803687384019,0.04069095835780166,weak/regime-dependent daily-local sites
charleston-sc,Charleston,1984,2,-0.3497754390644478,-0.45310582529243804,-0.541155170891102,2.250485736995496,283.0,30.0,16.445908390653937,11.975852793721273,0.04069095835780166,weak/regime-dependent daily-local sites
charleston-sc,Charleston,1984,3,-0.0603263817044968,-0.16365676793248704,3.3588448291088753,-1.4161809296711705,229.0,30.0,13.893870180334407,9.423814583401743,0.04069095835780166,weak/regime-dependent daily-local sites
charleston-sc,Charleston,1985,-3,0.3203899085847848,0.21705952235679454,0.958844829108898,1.917152403662163,62.0,30.0,-43.55669249425644,-48.0267480911891,0.04069095835780166,weak/regime-dependent daily-local sites
charleston-sc,Charleston,1985,-2,0.2788594144724438,0.17552902824445354,-3.041155170891102,1.6949301814399407,57.0,30.0,-42.96906463099768,-47.43912022793034,0.04069095835780166,weak/regime-dependent daily-local sites
charleston-sc,Charleston,1985,-1,0.2117335202852213,0.10840313405723105,-2.3411551708910565,4.306041292551051,47.0,30.0,-87.3188885815137,-91.78894417844637,0.04069095835780166,weak/regime-dependent daily-local sites
charleston-sc,Charleston,1985,0,0.5275550805969282,0.424224694368938,-9.841155170891057,4.611596848106607,53.0,30.0,-89.51128407125293,-93.9813396681856,0.04069095835780166,weak/regime-dependent daily-local sites
charleston-sc,Charleston,1985,1,0.3571845856399001,0.25385419941190984,-12.94115517089108,0.3893746258843853,153.0,30.0,17.31792437803569,12.847868781103028,0.04069095835780166,weak/regime-dependent daily-local sites
charleston-sc,Charleston,1985,2,0.2268343187176394,0.12350393248964915,-15.94115517089108,1.333819070328829,189.0,30.0,40.46163501228497,35.99157941535231,0.04069095835780166,weak/regime-dependent daily-local sites
charleston-sc,Charleston,1985,3,0.1865519998560436,0.08322161362805335,-14.741155170891034,-0.7217364852267263,252.0,30.0,15.23504233650377,10.764986739571107,0.04069095835780166,weak/regime-dependent daily-local sites
charleston-sc,Charleston,1986,-3,0.2073513968314837,0.10402101060349346,1.458844829108898,-0.4439587074489486,42.0,30.0,-22.58871878268678,-27.058774379619443,0.04069095835780166,weak/regime-dependent daily-local sites
charleston-sc,Charleston,1986,-2,0.1866121104565359,0.08328172422854564,-4.141155170891125,3.3615968481066067,39.0,30.0,-73.23830982345117,-77.70836542038384,0.04069095835780166,weak/regime-dependent daily-local sites
charleston-sc,Charleston,1986,-1,0.4586365424044761,0.35530615617648587,-2.7411551708910338,4.7227079592177175,63.0,30.0,-83.40177582359118,-87.87183142052385,0.04069095835780166,weak/regime-dependent daily-local sites
charleston-sc,Charleston,1986,0,0.660806910062133,0.5574765238341427,-5.3411551708910565,2.3060412925510514,51.0,30.0,-53.2947641002847,-57.76481969721736,0.04069095835780166,weak/regime-dependent daily-local sites
charleston-sc,Charleston,1986,1,0.3742298242640641,0.27089943803607386,-4.541155170891102,0.8615968481066067,280.0,30.0,12.772974488396896,8.302918891464234,0.04069095835780166,weak/regime-dependent daily-local sites
charleston-sc,Charleston,1986,2,-0.0814504887352636,-0.18478087496325385,3.8588448291088753,-0.9161809296711709,293.0,30.0,2.2884354483855507,-2.181620148547112,0.04069095835780166,weak/regime-dependent daily-local sites
charleston-sc,Charleston,1986,3,0.1107227676553201,0.0073923814273298555,10.458844829109012,0.19493018143994068,32.0,30.0,-29.623918218183324,-34.09397381511599,0.04069095835780166,weak/regime-dependent daily-local sites
charleston-sc,Charleston,1987,-3,0.1088166602357963,0.005486274007806047,-5.8411551708910565,-2.0550698185600598,221.0,30.0,10.016990355783452,5.54693475885079,0.04069095835780166,weak/regime-dependent daily-local sites
charleston-sc,Charleston,1987,-2,0.1031419523225469,-0.00018843390544334704,-5.3411551708910565,0.8615968481066067,88.0,30.0,-19.790194744511666,-24.26025034144433,0.04069095835780166,weak/regime-dependent daily-local sites
charleston-sc,Charleston,1987,-1,0.1581231011378233,0.05479271490983305,-15.44115517089108,5.7227079592177175,55.0,30.0,-109.1100867842541,-113.58014238118676,0.04069095835780166,weak/regime-dependent daily-local sites
charleston-sc,Charleston,1987,0,0.6169660065341881,0.5136356203061978,-10.541155170891102,2.2227079592177175,332.0,30.0,-29.587567808008444,-34.057623404941104,0.04069095835780166,weak/regime-dependent daily-local sites
charleston-sc,Charleston,1987,1,0.0343154366012528,-0.06901494962673745,-1.3411551708910565,-2.1384031518933933,360.0,30.0,-8.38227057490123,-12.852326171833894,0.04069095835780166,weak/regime-dependent daily-local sites
charleston-sc,Charleston,1987,2,0.1827962031321009,0.07946581690411066,3.1588448291089435,-0.9161809296711709,29.0,30.0,-18.774917831270006,-23.24497342820267,0.04069095835780166,weak/regime-dependent daily-local sites
charleston-sc,Charleston,1987,3,0.1958129062888221,0.09248252006083184,9.258844829108966,-0.4439587074489486,23.0,30.0,-22.921229762710745,-27.39128535964341,0.04069095835780166,weak/regime-dependent daily-local sites
charleston-sc,Charleston,1988,-3,0.3396278052595765,0.23629741903158624,-4.241155170891034,-1.3050698185600598,187.0,30.0,14.321805451400465,9.851749854467801,0.04069095835780166,weak/regime-dependent daily-local sites
charleston-sc,Charleston,1988,-2,0.1827105552514979,0.07938016902350765,-10.241155170891034,1.2227079592177184,125.0,30.0,3.650924473786748,-0.8191311231459149,0.04069095835780166,weak/regime-dependent daily-local sites
charleston-sc,Charleston,1988,-1,0.1501602793589379,0.04682989313094764,-14.94115517089108,2.167152403662162,243.0,30.0,46.132705338164605,41.662649741231945,0.04069095835780166,weak/regime-dependent daily-local sites
charleston-sc,Charleston,1988,0,0.4600319909866805,0.3567016047586903,-14.94115517089108,4.778263514773275,324.0,30.0,-40.89994294929116,-45.36999854622382,0.04069095835780166,weak/regime-dependent daily-local sites
charleston-sc,Charleston,1988,1,0.2957195689026796,0.19238918267468935,-4.241155170891034,-1.2772920407822816,168.0,30.0,11.725747327304967,7.2556917303723045,0.04069095835780166,weak/regime-dependent daily-local sites
charleston-sc,Charleston,1988,2,0.2508794979865595,0.14754911175856927,-3.2411551708910338,0.3893746258843853,205.0,30.0,31.676070458073106,27.206014861140442,0.04069095835780166,weak/regime-dependent daily-local sites
charleston-sc,Charleston,1988,3,0.0788666339737884,-0.024463752254201845,-2.7411551708910338,0.4449301814399407,214.0,30.0,32.347707725439136,27.877652128506472,0.04069095835780166,weak/regime-dependent daily-local sites
charleston-sc,Charleston,1989,-3,0.1750996192346024,0.07176923300661216,3.6588448291089435,-0.582847596337837,28.0,30.0,-21.764511343971424,-26.234566940904088,0.04069095835780166,weak/regime-dependent daily-local sites
charleston-sc,Charleston,1989,-2,0.218776937596412,0.11544655136842176,4.858844829108875,2.1949301814399407,22.0,30.0,-54.88041185902358,-59.35046745595624,0.04069095835780166,weak/regime-dependent daily-local sites
charleston-sc,Charleston,1989,-1,0.2581030551047832,0.15477266887679297,9.258844829108966,3.000485736995496,354.0,30.0,-55.063719179644856,-59.533774776577516,0.04069095835780166,weak/regime-dependent daily-local sites
charleston-sc,Charleston,1989,0,0.5426295547724986,0.4392991685445084,6.958844829108898,2.4727079592177184,347.0,30.0,-43.61260762032096,-48.08266321725362,0.04069095835780166,weak/regime-dependent daily-local sites
charleston-sc,Charleston,1989,1,0.3748455305358543,0.27151514430786405,3.0588448291089207,-1.1384031518933924,326.0,30.0,-7.409013579682068,-11.879069176614731,0.04069095835780166,weak/regime-dependent daily-local sites
charleston-sc,Charleston,1989,2,0.0627882815445081,-0.04054210468348214,-0.04115517089110199,0.8893746258843853,264.0,30.0,22.151249619765956,17.681194022833292,0.04069095835780166,weak/regime-dependent daily-local sites
charleston-sc,Charleston,1989,3,-0.0779274885539566,-0.18125787478194685,2.5588448291089207,-1.1384031518933924,256.0,30.0,11.74058406368355,7.2705284667508865,0.04069095835780166,weak/regime-dependent daily-local sites
charleston-sc,Charleston,1990,-3,0.1685911798223989,0.06526079359440866,-0.04115517089110199,-1.9439587074489486,14.0,30.0,-10.503415799523559,-14.973471396456222,0.04069095835780166,weak/regime-dependent daily-local sites
charleston-sc,Charleston,1990,-2,0.2414242509391298,0.13809386471113955,0.8588448291088753,1.0282635147732737,22.0,30.0,-39.0269536103738,-43.49700920730646,0.04069095835780166,weak/regime-dependent daily-local sites
charleston-sc,Charleston,1990,-1,0.1452515239628596,0.04192113773486934,-5.8411551708910565,3.750485736995496,119.0,30.0,-1.41364492141996,-5.883700518352622,0.04069095835780166,weak/regime-dependent daily-local sites
charleston-sc,Charleston,1990,0,0.4191966127307311,0.3158662265027409,-13.94115517089108,4.4727079592177175,158.0,30.0,58.193310746445306,53.723255149512646,0.04069095835780166,weak/regime-dependent daily-local sites
charleston-sc,Charleston,1990,1,-0.1231429809885036,-0.22647336721649386,-4.241155170891034,0.5282635147732737,288.0,30.0,6.940656937916314,2.4706013409836514,0.04069095835780166,weak/regime-dependent daily-local sites
charleston-sc,Charleston,1990,2,0.0433517270998742,-0.05997865912811605,3.8588448291088753,-1.3050698185600598,263.0,30.0,9.363424480584795,4.8933688836521325,0.04069095835780166,weak/regime-dependent daily-local sites
charleston-sc,Charleston,1990,3,0.0203282811799866,-0.08300210504800365,4.1588448291089435,0.3893746258843853,7.0,30.0,-29.269355328643222,-33.73941092557588,0.04069095835780166,weak/regime-dependent daily-local sites
charleston-sc,Charleston,1991,-3,0.0817628301759331,-0.021567556052057152,-10.041155170891102,4.1393746258843835,197.0,30.0,85.89192413682437,81.4218685398917,0.04069095835780166,weak/regime-dependent daily-local sites
charleston-sc,Charleston,1991,-2,0.0705556705679361,-0.032774715660054146,-10.44115517089108,3.417152403662162,207.0,30.0,75.00817394378798,70.53811834685531,0.04069095835780166,weak/regime-dependent daily-local sites
charleston-sc,Charleston,1991,-1,0.1746601724090505,0.07132978618106024,-6.741155170891034,0.9449301814399407,14.0,30.0,-36.88470901027521,-41.35476460720787,0.04069095835780166,weak/regime-dependent daily-local sites
charleston-sc,Charleston,1991,0,0.3921927005945299,0.28886231436653964,-1.041155170891102,0.167152403662163,25.0,30.0,-29.22862916276129,-33.698684759693954,0.04069095835780166,weak/regime-dependent daily-local sites
charleston-sc,Charleston,1991,1,0.3002007689317299,0.1968703827037397,-2.1411551708911247,3.6115968481066067,330.0,30.0,-39.25964506172836,-43.72970065866102,0.04069095835780166,weak/regime-dependent daily-local sites
charleston-sc,Charleston,1991,2,0.3615725786517515,0.2582421924237613,3.2588448291089662,-0.27729204078228253,335.0,30.0,-14.18052669531163,-18.65058229224429,0.04069095835780166,weak/regime-dependent daily-local sites
charleston-sc,Charleston,1991,3,0.2856390022101771,0.18230861598218684,-0.44115517089107925,-1.0272920407822816,176.0,30.0,14.779385861351608,10.309330264418946,0.04069095835780166,weak/regime-dependent daily-local sites
charleston-sc,Charleston,1992,-3,0.0451430894834843,-0.05818729674450595,-3.7411551708910338,-0.999514263004504,210.0,30.0,18.0625,13.592444403067336,0.04069095835780166,weak/regime-dependent daily-local sites
charleston-sc,Charleston,1992,-2,0.0668291841666608,-0.03650120206132945,-9.94115517089108,2.0560412925510514,65.0,30.0,-43.71908005511209,-48.18913565204475,0.04069095835780166,weak/regime-dependent daily-local sites
charleston-sc,Charleston,1992,-1,0.2452507010748301,0.14192031484683987,-17.341155170891057,6.250485736995496,50.0,30.0,-124.27434909893638,-128.74440469586904,0.04069095835780166,weak/regime-dependent daily-local sites
charleston-sc,Charleston,1992,0,0.5925292790969163,0.4891988928689261,-17.141155170891125,4.1393746258843835,8.0,30.0,-81.73240145148769,-86.20245704842036,0.04069095835780166,weak/regime-dependent daily-local sites
charleston-sc,Charleston,1992,1,0.1822180883156763,0.07888770208768604,-12.741155170891034,0.22270795921771835,291.0,30.0,4.684463853199316,0.21440825626665294,0.04069095835780166,weak/regime-dependent daily-local sites
charleston-sc,Charleston,1992,2,0.1563155584434871,0.052985172215496854,-1.4411551708910793,-0.1939587074489486,39.0,30.0,-25.243972680457823,-29.714028277390486,0.04069095835780166,weak/regime-dependent daily-local sites
charleston-sc,Charleston,1992,3,0.1893538065217916,0.08602342029380135,11.15884482910883,1.4727079592177175,33.0,30.0,-45.12634264920282,-49.59639824613548,0.04069095835780166,weak/regime-dependent daily-local sites
charleston-sc,Charleston,1993,-3,0.0753069132240993,-0.02802347300389095,6.558844829108921,0.00048573699549514515,51.0,30.0,-25.73181050532911,-30.201866102261775,0.04069095835780166,weak/regime-dependent daily-local sites
charleston-sc,Charleston,1993,-2,0.2020086024501858,0.09867821622219554,-0.24115517089103378,-0.3328475963378379,39.0,30.0,-23.875993844525514,-28.346049441458177,0.04069095835780166,weak/regime-dependent daily-local sites
charleston-sc,Charleston,1993,-1,0.0938654678697883,-0.009464918358201943,-7.441155170891079,5.3615968481066085,74.0,30.0,-80.99455325973561,-85.46460885666828,0.04069095835780166,weak/regime-dependent daily-local sites
charleston-sc,Charleston,1993,0,0.6278875640861339,0.5245571778581436,-6.3411551708910565,-0.027292040782281646,317.0,30.0,-7.973445626327485,-12.443501223260148,0.04069095835780166,weak/regime-dependent daily-local sites
charleston-sc,Charleston,1993,1,0.0231941796460712,-0.08013620658191906,1.3588448291088753,0.667152403662163,56.0,30.0,-31.46403324579237,-35.93408884272503,0.04069095835780166,weak/regime-dependent daily-local sites
charleston-sc,Charleston,1993,2,0.2629121506906062,0.15958176446261596,4.1588448291089435,-0.2217364852267263,41.0,30.0,-24.814111232198243,-29.284166829130907,0.04069095835780166,weak/regime-dependent daily-local sites
charleston-sc,Charleston,1993,3,0.1697409682563297,0.06641058202833945,-1.041155170891102,-0.6661809296711709,20.0,30.0,-20.687801755985618,-25.15785735291828,0.04069095835780166,weak/regime-dependent daily-local sites
charleston-sc,Charleston,1994,-3,0.1708919383513213,0.06756155212333105,5.958844829108898,1.6393746258843853,36.0,30.0,-47.196816861674606,-51.666872458607266,0.04069095835780166,weak/regime-dependent daily-local sites
charleston-sc,Charleston,1994,-2,0.2919768497103548,0.18864646348236458,-8.741155170891034,2.2782635147732737,17.0,30.0,-55.21505549991702,-59.68511109684968,0.04069095835780166,weak/regime-dependent daily-local sites
charleston-sc,Charleston,1994,-1,0.3477047156236175,0.24437432939562725,-19.041155170891102,4.806041292551051,350.0,30.0,-77.4579691389532,-81.92802473588587,0.04069095835780166,weak/regime-dependent daily-local sites
charleston-sc,Charleston,1994,0,0.7055972155945325,0.6022668293665422,-15.94115517089108,4.778263514773275,348.0,30.0,-74.72791419833294,-79.1979697952656,0.04069095835780166,weak/regime-dependent daily-local sites
charleston-sc,Charleston,1994,1,0.1718645481586005,0.06853416193061025,-9.94115517089108,-0.05506981856006021,326.0,30.0,-11.828241228446958,-16.29829682537962,0.04069095835780166,weak/regime-dependent daily-local sites
charleston-sc,Charleston,1994,2,0.268997080329148,0.16566669410115775,-0.7411551708910338,-0.49951426300450397,15.0,30.0,-21.793701455647103,-26.263757052579766,0.04069095835780166,weak/regime-dependent daily-local sites
charleston-sc,Charleston,1994,3,0.2805819983418168,0.17725161211382656,4.358844829108875,-0.5550698185600602,16.0,30.0,-21.383191541796858,-25.85324713872952,0.04069095835780166,weak/regime-dependent daily-local sites
charleston-sc,Charleston,1995,-3,0.0740453447831162,-0.029285041444874052,1.3588448291088753,-0.4717364852267263,154.0,30.0,12.764786154535944,8.29473055760328,0.04069095835780166,weak/regime-dependent daily-local sites
charleston-sc,Charleston,1995,-2,0.0392250823812469,-0.06410530384674334,0.7588448291089662,-1.6384031518933928,182.0,30.0,11.51374561675607,7.043690019823408,0.04069095835780166,weak/regime-dependent daily-local sites
charleston-sc,Charleston,1995,-1,0.0609557178847037,-0.04237466834328655,-11.241155170891034,3.3893746258843853,137.0,30.0,21.81981763309246,17.349762036159795,0.04069095835780166,weak/regime-dependent daily-local sites
charleston-sc,Charleston,1995,0,0.4640859012043642,0.360755514976374,-19.94115517089108,7.6393746258843835,179.0,30.0,142.39559504009412,137.92553944316145,0.04069095835780166,weak/regime-dependent daily-local sites
charleston-sc,Charleston,1995,1,0.0751179634240732,-0.028212422803917045,-9.341155170891057,-0.7772920407822816,243.0,30.0,16.774058481260294,12.30400288432763,0.04069095835780166,weak/regime-dependent daily-local sites
charleston-sc,Charleston,1995,2,0.2088654181695728,0.10553503194158255,-5.941155170891079,-0.749514263004504,253.0,30.0,14.809912457788204,10.33985686085554,0.04069095835780166,weak/regime-dependent daily-local sites
charleston-sc,Charleston,1995,3,0.0774815312992709,-0.025848854928719342,-2.041155170891102,-2.7217364852267263,263.0,30.0,3.8453936780263183,-0.6246619189063445,0.04069095835780166,weak/regime-dependent daily-local sites
charleston-sc,Charleston,1996,-3,0.3676982019199113,0.2643678156919211,9.858844829108875,2.83381907032883,34.0,30.0,-65.181112145102,-69.65116774203467,0.04069095835780166,weak/regime-dependent daily-local sites
charleston-sc,Charleston,1996,-2,0.3013394384112803,0.19800905218329007,4.058844829108921,3.417152403662162,54.0,30.0,-68.61741437404423,-73.0874699709769,0.04069095835780166,weak/regime-dependent daily-local sites
charleston-sc,Charleston,1996,-1,0.3135666759257912,0.21023628969780095,-9.341155170891057,4.694930181439939,36.0,30.0,-98.35023472066308,-102.82029031759575,0.04069095835780166,weak/regime-dependent daily-local sites
charleston-sc,Charleston,1996,0,0.496101009873945,0.3927706236459548,-25.44115517089108,9.417152403662161,163.0,30.0,146.7054250089997,142.23536941206703,0.04069095835780166,weak/regime-dependent daily-local sites
charleston-sc,Charleston,1996,1,0.0464747532424518,-0.056855632985538446,-9.341155170891057,-0.6384031518933924,236.0,30.0,19.110469706651116,14.640414109718453,0.04069095835780166,weak/regime-dependent daily-local sites
charleston-sc,Charleston,1996,2,0.2066239748887675,0.10329358866077724,-4.8411551708910565,-0.27729204078228253,295.0,30.0,2.154750889951933,-2.3153047069807298,0.04069095835780166,weak/regime-dependent daily-local sites
charleston-sc,Charleston,1996,3,0.0856811272769329,-0.017649258951057345,2.0588448291089207,-0.27729204078228253,19.0,30.0,-24.26876279694953,-28.738818393882195,0.04069095835780166,weak/regime-dependent daily-local sites
charleston-sc,Charleston,1997,-3,0.1882506070995844,0.08492022087159416,-7.3411551708910565,0.00048573699549514515,21.0,30.0,-27.22315988765347,-31.693215484586133,0.04069095835780166,weak/regime-dependent daily-local sites
charleston-sc,Charleston,1997,-2,0.268032652476223,0.16470226624823275,-3.1411551708911247,1.8060412925510514,69.0,30.0,-38.686997568949025,-43.157053165881685,0.04069095835780166,weak/regime-dependent daily-local sites
charleston-sc,Charleston,1997,-1,0.3285660606639943,0.22523567443600406,-7.141155170891125,6.028263514773275,27.0,30.0,-127.01396449907791,-131.48402009601057,0.04069095835780166,weak/regime-dependent daily-local sites
charleston-sc,Charleston,1997,0,0.4183563013883612,0.315025915160371,-6.3411551708910565,3.5560412925510514,29.0,30.0,-77.52599925815632,-81.99605485508899,0.04069095835780166,weak/regime-dependent daily-local sites
charleston-sc,Charleston,1997,1,0.2510492375358158,0.14771885130782558,-0.6411551708911247,-0.13840315189339325,17.0,30.0,-25.453914285006885,-29.92396988193955,0.04069095835780166,weak/regime-dependent daily-local sites
charleston-sc,Charleston,1997,2,0.2654373640056956,0.16210697777770539,2.2588448291089662,-0.5550698185600602,78.0,30.0,-14.74617225942542,-19.21622785635808,0.04069095835780166,weak/regime-dependent daily-local sites
charleston-sc,Charleston,1997,3,0.2026389062002345,0.09930851997224426,3.3588448291088753,1.6115968481066067,59.0,30.0,-41.17258774141002,-45.64264333834268,0.04069095835780166,weak/regime-dependent daily-local sites
charleston-sc,Charleston,1998,-3,0.1290991564685437,0.02576877024055345,-5.441155170891079,-2.3328475963378374,221.0,30.0,8.350647914745752,3.8805923178130888,0.04069095835780166,weak/regime-dependent daily-local sites
charleston-sc,Charleston,1998,-2,0.1174108624264189,0.014080476198428657,-5.541155170891102,0.13937462588438443,220.0,30.0,28.59893872867859,24.128883131745926,0.04069095835780166,weak/regime-dependent daily-local sites
charleston-sc,Charleston,1998,-1,0.0272981184460725,-0.07603226778191774,-17.241155170891034,9.028263514773272,171.0,30.0,158.42504200083783,153.95498640390517,0.04069095835780166,weak/regime-dependent daily-local sites
charleston-sc,Charleston,1998,0,0.844140026458992,0.7408096402310017,-17.241155170891034,5.750485736995496,271.0,30.0,58.66196404980681,54.19190845287415,0.04069095835780166,weak/regime-dependent daily-local sites
charleston-sc,Charleston,1998,1,-0.2415151538765665,-0.34484554010455676,0.05884482910892075,-1.749514263004504,149.0,30.0,5.938917848017628,1.468862251084965,0.04069095835780166,weak/regime-dependent daily-local sites
charleston-sc,Charleston,1998,2,0.081779745421563,-0.021550640806427254,2.3588448291088753,-1.166180929671171,149.0,30.0,8.083527070912883,3.61347147398022,0.04069095835780166,weak/regime-dependent daily-local sites
charleston-sc,Charleston,1998,3,0.048094082293225,-0.055236303934765245,-4.041155170891102,0.3060412925510514,206.0,30.0,30.789013896908152,26.31895829997549,0.04069095835780166,weak/regime-dependent daily-local sites
charleston-sc,Charleston,1999,-3,0.0729713319145264,-0.03035905431346385,-3.1411551708911247,0.05604129255105228,359.0,30.0,-24.12833356243346,-28.598389159366125,0.04069095835780166,weak/regime-dependent daily-local sites
charleston-sc,Charleston,1999,-2,0.3127627695692333,0.2094323833412431,-2.9411551708910793,1.1393746258843844,14.0,30.0,-39.23668496538353,-43.70674056231619,0.04069095835780166,weak/regime-dependent daily-local sites
charleston-sc,Charleston,1999,-1,0.4208378091990403,0.31750742297105006,-8.141155170891125,7.806041292551051,40.0,30.0,-167.85804987684932,-172.328105473782,0.04069095835780166,weak/regime-dependent daily-local sites
charleston-sc,Charleston,1999,0,0.7306845615134077,0.6273541752854174,-5.641155170891125,6.2227079592177175,32.0,30.0,-131.53170831313278,-136.00176391006545,0.04069095835780166,weak/regime-dependent daily-local sites
charleston-sc,Charleston,1999,1,0.3831707297292104,0.27984034350122017,-4.541155170891102,3.1393746258843853,9.0,30.0,-65.69928180420587,-70.16933740113853,0.04069095835780166,weak/regime-dependent daily-local sites
charleston-sc,Charleston,1999,2,0.380944858392516,0.2776144721645258,-1.041155170891102,-0.749514263004504,356.0,30.0,-16.788010844239594,-21.258066441172257,0.04069095835780166,weak/regime-dependent daily-local sites
charleston-sc,Charleston,1999,3,0.2893314311436448,0.18600104491565456,-0.7411551708910338,-0.6939587074489486,189.0,30.0,19.374675270886375,14.904619673953711,0.04069095835780166,weak/regime-dependent daily-local sites
charleston-sc,Charleston,2000,-3,0.1718326174729058,0.06850223124491554,5.258844829108966,-2.4717364852267263,30.0,30.0,-7.716049382716049,-12.18610497964871,0.04069095835780166,weak/regime-dependent daily-local sites
charleston-sc,Charleston,2000,-2,0.139728415751568,0.03639802952357775,-1.1411551708911247,0.167152403662163,203.0,30.0,29.121579796420736,24.651524199488072,0.04069095835780166,weak/regime-dependent daily-local sites
charleston-sc,Charleston,2000,-1,0.1456672899482048,0.04233690372021455,-13.841155170891057,2.500485736995495,336.0,30.0,-35.30385171581667,-39.77390731274933,0.04069095835780166,weak/regime-dependent daily-local sites
charleston-sc,Charleston,2000,0,0.458123590540726,0.35479320431273575,-14.141155170891125,3.750485736995496,325.0,30.0,-34.23207920099663,-38.70213479792929,0.04069095835780166,weak/regime-dependent daily-local sites
charleston-sc,Charleston,2000,1,-0.1441574415847728,-0.24748782781276307,-7.8411551708910565,1.1393746258843844,328.0,30.0,-19.162843882232725,-23.63289947916539,0.04069095835780166,weak/regime-dependent daily-local sites
charleston-sc,Charleston,2000,2,0.1898494781108989,0.08651909188290864,4.358844829108875,-0.9161809296711709,345.0,30.0,-13.277894002280727,-17.74794959921339,0.04069095835780166,weak/regime-dependent daily-local sites
charleston-sc,Charleston,2000,3,0.2325962590190655,0.12926587279107526,14.65884482910883,-0.5550698185600602,24.0,30.0,-21.91708322038059,-26.387138817313254,0.04069095835780166,weak/regime-dependent daily-local sites
charleston-sc,Charleston,2001,-3,0.0972665185762962,-0.0060638676516940465,1.0588448291089207,0.750485736995496,24.0,30.0,-35.80278823325784,-40.2728438301905,0.04069095835780166,weak/regime-dependent daily-local sites
charleston-sc,Charleston,2001,-2,0.1942411890903072,0.09091080286231694,7.6588448291089435,4.222707959217719,68.0,30.0,-70.70268398159202,-75.17273957852468,0.04069095835780166,weak/regime-dependent daily-local sites
charleston-sc,Charleston,2001,-1,0.2216390798580763,0.11830869363008605,-9.741155170891034,5.889374625884385,95.0,30.0,-52.43629560660971,-56.90635120354237,0.04069095835780166,weak/regime-dependent daily-local sites
charleston-sc,Charleston,2001,0,0.7603751287628386,0.6570447425348483,-9.541155170891102,3.3615968481066067,268.0,30.0,39.29416766420599,34.82411206727333,0.04069095835780166,weak/regime-dependent daily-local sites
charleston-sc,Charleston,2001,1,-0.1121723847212321,-0.21550277094922235,-7.241155170891034,0.47270795921771835,274.0,30.0,14.353949062609022,9.883893465676358,0.04069095835780166,weak/regime-dependent daily-local sites
charleston-sc,Charleston,2001,2,0.098510766507752,-0.004819619720238241,-3.4411551708910793,-0.38840315189339325,19.0,30.0,-23.19624420762709,-27.666299804559753,0.04069095835780166,weak/regime-dependent daily-local sites
charleston-sc,Charleston,2001,3,0.1539241900295851,0.05059380380159485,-0.04115517089110199,0.667152403662163,206.0,30.0,34.92166928722066,30.451613690287996,0.04069095835780166,weak/regime-dependent daily-local sites
charleston-sc,Charleston,2002,-3,0.1093298756450923,0.005999489417102058,2.8588448291088753,-2.8328475963378374,7.0,30.0,-5.376004039954877,-9.846059636887539,0.04069095835780166,weak/regime-dependent daily-local sites
charleston-sc,Charleston,2002,-2,0.1422548121614897,0.03892442593349944,2.1588448291089435,-1.5272920407822816,6.0,30.0,-12.657115923943321,-17.127171520875983,0.04069095835780166,weak/regime-dependent daily-local sites
charleston-sc,Charleston,2002,-1,0.1665456681999146,0.06321528197192434,3.458844829108898,3.4449301814399407,360.0,30.0,-65.46577375259079,-69.93582934952346,0.04069095835780166,weak/regime-dependent daily-local sites
charleston-sc,Charleston,2002,0,0.4323413236173711,0.32901093738938086,-1.9411551708910793,2.9449301814399407,13.0,30.0,-64.21483131765676,-68.68488691458943,0.04069095835780166,weak/regime-dependent daily-local sites
charleston-sc,Charleston,2002,1,0.0703201808839201,-0.03301020534407015,1.6588448291089435,0.8893746258843853,314.0,30.0,-9.117058104153845,-13.587113701086508,0.04069095835780166,weak/regime-dependent daily-local sites
charleston-sc,Charleston,2002,2,0.0878847217897782,-0.015445664438212048,8.358844829108875,-1.499514263004504,236.0,30.0,12.639291276082034,8.16923567914937,0.04069095835780166,weak/regime-dependent daily-local sites
charleston-sc,Charleston,2002,3,0.0049559518828656,-0.09837443434512465,-11.341155170891057,5.861596848106607,212.0,30.0,123.3815835826044,118.91152798567174,0.04069095835780166,weak/regime-dependent daily-local sites
charleston-sc,Charleston,2003,-3,0.097013430211858,-0.006316956016132247,-0.24115517089103378,-1.6939587074489482,32.0,30.0,-12.634274158858693,-17.104329755791355,0.04069095835780166,weak/regime-dependent daily-local sites
charleston-sc,Charleston,2003,-2,0.1084444448062356,0.005114058578245345,0.2588448291089662,0.4449301814399407,51.0,30.0,-30.27293011075996,-34.742985707692625,0.04069095835780166,weak/regime-dependent daily-local sites
charleston-sc,Charleston,2003,-1,0.2531934550236467,0.14986306879565647,-1.1411551708911247,1.8060412925510514,21.0,30.0,-49.16797915265116,-53.63803474958382,0.04069095835780166,weak/regime-dependent daily-local sites
charleston-sc,Charleston,2003,0,0.4355461547428585,0.3322157685148683,-8.641155170891125,2.6115968481066067,316.0,30.0,-17.033580393539836,-21.5036359904725,0.04069095835780166,weak/regime-dependent daily-local sites
charleston-sc,Charleston,2003,1,0.152097919527447,0.04876753329945675,-7.241155170891034,0.08381907032882907,232.0,30.0,26.37322964101083,21.903174044078167,0.04069095835780166,weak/regime-dependent daily-local sites
charleston-sc,Charleston,2003,2,-0.2130745866449869,-0.31640497287297714,2.3588448291088753,-1.7217364852267263,119.0,30.0,-0.2171989686936309,-4.687254565626294,0.04069095835780166,weak/regime-dependent daily-local sites
charleston-sc,Charleston,2003,3,0.0845453977485084,-0.018784988479481846,4.758844829108966,-1.1384031518933924,104.0,30.0,-4.658611606339158,-9.12866720327182,0.04069095835780166,weak/regime-dependent daily-local sites
charleston-sc,Charleston,2004,-3,0.2298281528600991,0.12649776663210888,-0.9411551708910793,2.3893746258843844,58.0,30.0,-51.52230841817619,-55.99236401510885,0.04069095835780166,weak/regime-dependent daily-local sites
charleston-sc,Charleston,2004,-2,0.2863296059721021,0.18299921974411187,-4.441155170891079,2.583819070328829,62.0,30.0,-52.03717345582069,-56.50722905275335,0.04069095835780166,weak/regime-dependent daily-local sites
charleston-sc,Charleston,2004,-1,0.4125151338805563,0.30918474765256604,-8.241155170891034,4.4727079592177175,143.0,30.0,36.93253336414819,32.46247776721553,0.04069095835780166,weak/regime-dependent daily-local sites
charleston-sc,Charleston,2004,0,1.0643105586456514,0.9609801724176611,-8.641155170891125,4.861596848106607,179.0,30.0,87.63212860634805,83.16207300941538,0.04069095835780166,weak/regime-dependent daily-local sites
charleston-sc,Charleston,2004,1,0.1443081758685344,0.040977789640544146,-5.3411551708910565,-0.6939587074489486,251.0,30.0,15.662553140178758,11.192497543246095,0.04069095835780166,weak/regime-dependent daily-local sites
charleston-sc,Charleston,2004,2,0.1335897197911849,0.030259333563194643,-2.1411551708911247,-1.8606253741156156,204.0,30.0,11.421654236621432,6.951598639688769,0.04069095835780166,weak/regime-dependent daily-local sites
charleston-sc,Charleston,2004,3,0.1313704032330141,0.028040017005023857,1.458844829108898,-2.388403151893393,102.0,30.0,-2.5295997633671425,-6.999655360299805,0.04069095835780166,weak/regime-dependent daily-local sites
charleston-sc,Charleston,2005,-3,0.176125851115893,0.07279546488790274,-2.4411551708910793,1.8615968481066076,32.0,30.0,-50.53709663543477,-55.00715223236743,0.04069095835780166,weak/regime-dependent daily-local sites
charleston-sc,Charleston,2005,-2,0.3107252554500289,0.20739486922203865,-2.2411551708910338,1.917152403662163,15.0,30.0,-49.61102368912465,-54.08107928605731,0.04069095835780166,weak/regime-dependent daily-local sites
charleston-sc,Charleston,2005,-1,0.4927445072916375,0.38941412106364726,0.6588448291089435,2.44493018143994,21.0,30.0,-58.47556997339838,-62.94562557033104,0.04069095835780166,weak/regime-dependent daily-local sites
charleston-sc,Charleston,2005,0,0.6833973914336204,0.5800670052056301,-3.541155170891102,3.278263514773273,4.0,30.0,-65.3629938809029,-69.83304947783557,0.04069095835780166,weak/regime-dependent daily-local sites
charleston-sc,Charleston,2005,1,0.6069305852698366,0.5036001990418463,-8.841155170891057,5.3615968481066085,357.0,30.0,-94.43068206548462,-98.90073766241728,0.04069095835780166,weak/regime-dependent daily-local sites
charleston-sc,Charleston,2005,2,0.6195937619277271,0.5162633756997368,-8.541155170891102,4.806041292551051,329.0,30.0,-49.02113570645137,-53.49119130338403,0.04069095835780166,weak/regime-dependent daily-local sites
charleston-sc,Charleston,2005,3,-0.0093694275506958,-0.11269981377868604,-4.541155170891102,-1.3050698185600598,286.0,30.0,3.76397615962322,-0.7060794373094428,0.04069095835780166,weak/regime-dependent daily-local sites
charleston-sc,Charleston,2006,-3,0.1099303529776649,0.0065999667496746545,-4.541155170891102,1.5560412925510514,194.0,30.0,44.52139915022962,40.05134355329696,0.04069095835780166,weak/regime-dependent daily-local sites
charleston-sc,Charleston,2006,-2,0.1368062981243462,0.033475911896355945,-3.4411551708910793,2.4727079592177184,197.0,30.0,58.10433340035658,53.63427780342392,0.04069095835780166,weak/regime-dependent daily-local sites
charleston-sc,Charleston,2006,-1,0.0845190856699976,-0.01881130055799264,-2.2411551708910338,3.1393746258843853,121.0,30.0,1.228186170297851,-3.241869426634812,0.04069095835780166,weak/regime-dependent daily-local sites
charleston-sc,Charleston,2006,0,0.4680736485691013,0.36474326234111104,-6.541155170891102,5.639374625884385,200.0,30.0,116.76658839418825,112.29653279725558,0.04069095835780166,weak/regime-dependent daily-local sites
charleston-sc,Charleston,2006,1,0.0957671987909376,-0.007563187437052643,-1.2411551708910338,-2.2217364852267263,56.0,30.0,-8.239638938333643,-12.709694535266305,0.04069095835780166,weak/regime-dependent daily-local sites
charleston-sc,Charleston,2006,2,0.2197845101474705,0.11645412391948025,2.5588448291089207,-0.24951426300450397,89.0,30.0,-12.875951872751354,-17.346007469684018,0.04069095835780166,weak/regime-dependent daily-local sites
charleston-sc,Charleston,2006,3,0.1593707185049301,0.056040332276939844,6.358844829108875,-0.6106253741156156,96.0,30.0,-8.752683826189031,-13.222739423121695,0.04069095835780166,weak/regime-dependent daily-local sites
charleston-sc,Charleston,2007,-3,0.1466036626874358,0.04327327645944555,1.2588448291089662,-0.7772920407822816,61.0,30.0,-17.14400740856439,-21.614063005497055,0.04069095835780166,weak/regime-dependent daily-local sites
charleston-sc,Charleston,2007,-2,0.2176380258837596,0.11430763965576936,0.15884482910894349,2.0282635147732737,34.0,30.0,-52.837026748484085,-57.307082345416745,0.04069095835780166,weak/regime-dependent daily-local sites
charleston-sc,Charleston,2007,-1,0.3368315845015186,0.2335011982735284,1.3588448291088753,3.167152403662162,43.0,30.0,-69.02464604773739,-73.49470164467006,0.04069095835780166,weak/regime-dependent daily-local sites
charleston-sc,Charleston,2007,0,0.7523124758684459,0.6489820896404556,-4.141155170891125,5.111596848106607,40.0,30.0,-105.72169588644712,-110.19175148337979,0.04069095835780166,weak/regime-dependent daily-local sites
charleston-sc,Charleston,2007,1,0.6110844348502452,0.5077540486222549,-6.041155170891102,5.222707959217719,66.0,30.0,-88.72282129129391,-93.19287688822658,0.04069095835780166,weak/regime-dependent daily-local sites
charleston-sc,Charleston,2007,2,0.3178233274432064,0.21449294121521617,-3.4411551708910793,2.5282635147732737,70.0,30.0,-46.3409601392962,-50.81101573622886,0.04069095835780166,weak/regime-dependent daily-local sites
charleston-sc,Charleston,2007,3,0.0965763862250472,-0.006754000002943045,-2.8411551708910565,-0.6384031518933924,89.0,30.0,-10.95091758659063,-15.420973183523294,0.04069095835780166,weak/regime-dependent daily-local sites
charleston-sc,Charleston,2008,-3,0.1972871736507151,0.09395678742272486,5.258844829108966,1.833819070328829,33.0,30.0,-50.10484992084581,-54.57490551777847,0.04069095835780166,weak/regime-dependent daily-local sites
charleston-sc,Charleston,2008,-2,0.317628332082588,0.21429794585459777,2.8588448291088753,2.500485736995495,20.0,30.0,-59.15001566529573,-63.62007126222839,0.04069095835780166,weak/regime-dependent daily-local sites
charleston-sc,Charleston,2008,-1,0.5108656966941687,0.40753531046617847,-7.141155170891125,5.250485736995494,352.0,30.0,-86.87818558514104,-91.3482411820737,0.04069095835780166,weak/regime-dependent daily-local sites
charleston-sc,Charleston,2008,0,0.6033307100511194,0.5000003238231291,-9.041155170891102,2.8893746258843853,323.0,30.0,-25.882620871663335,-30.352676468595998,0.04069095835780166,weak/regime-dependent daily-local sites
charleston-sc,Charleston,2008,1,0.1982710554274794,0.09494066919948914,-3.8411551708910565,-0.9161809296711709,206.0,30.0,18.732036054878918,14.261980457946255,0.04069095835780166,weak/regime-dependent daily-local sites
charleston-sc,Charleston,2008,2,0.1453797825465135,0.04204939631852324,-2.2411551708910338,-1.4161809296711705,229.0,30.0,13.893870180334407,9.423814583401743,0.04069095835780166,weak/regime-dependent daily-local sites
charleston-sc,Charleston,2008,3,0.1374717361809086,0.03414134995291836,-1.2411551708910338,-2.610625374115615,205.0,30.0,6.937235455461422,2.467179858528759,0.04069095835780166,weak/regime-dependent daily-local sites
charleston-sc,Charleston,2009,-3,0.0175558294445351,-0.08577455678345515,9.15884482910883,-0.082847596337837,81.0,30.0,-16.79935821663594,-21.269413813568605,0.04069095835780166,weak/regime-dependent daily-local sites
charleston-sc,Charleston,2009,-2,0.1281336411031395,0.02480325487514924,0.15884482910894349,0.05604129255105228,122.0,30.0,0.9823831321018024,-3.4876724648308604,0.04069095835780166,weak/regime-dependent daily-local sites
charleston-sc,Charleston,2009,-1,0.2796057457060904,0.1762753594781002,-10.541155170891102,1.8615968481066076,17.0,30.0,-49.27184920197931,-53.74190479891197,0.04069095835780166,weak/regime-dependent daily-local sites
charleston-sc,Charleston,2009,0,0.5553018577264508,0.45197147149846056,-9.44115517089108,3.4727079592177175,333.0,30.0,-41.43459127804135,-45.90464687497401,0.04069095835780166,weak/regime-dependent daily-local sites
charleston-sc,Charleston,2009,1,0.2129601094291126,0.10962972320112234,-10.44115517089108,2.583819070328829,341.0,30.0,-40.25651097333419,-44.72656657026685,0.04069095835780166,weak/regime-dependent daily-local sites
charleston-sc,Charleston,2009,2,0.2934590085534105,0.19012862232542027,-6.141155170891125,-0.6661809296711709,344.0,30.0,-14.592649796100467,-19.06270539303313,0.04069095835780166,weak/regime-dependent daily-local sites
charleston-sc,Charleston,2009,3,0.3342398933300431,0.23090950710205288,-1.9411551708910793,-2.8328475963378374,353.0,30.0,-4.664253221873426,-9.134308818806089,0.04069095835780166,weak/regime-dependent daily-local sites
charleston-sc,Charleston,2010,-3,0.250594799495799,0.14726441326780876,-1.3411551708910565,0.4171524036621621,318.0,30.0,-9.922879041595536,-14.3929346385282,0.04069095835780166,weak/regime-dependent daily-local sites
charleston-sc,Charleston,2010,-2,0.0790907162693779,-0.024239669958612348,6.958844829108898,0.4171524036621621,45.0,30.0,-31.016951533060077,-35.48700712999274,0.04069095835780166,weak/regime-dependent daily-local sites
charleston-sc,Charleston,2010,-1,0.1943474101385582,0.09101702391056794,-14.041155170891102,5.250485736995494,172.0,30.0,86.87818558514107,82.4081299882084,0.04069095835780166,weak/regime-dependent daily-local sites
charleston-sc,Charleston,2010,0,0.5347798773948589,0.43144949116686865,-16.641155170891125,4.500485736995496,190.0,30.0,89.32952976346041,84.85947416652775,0.04069095835780166,weak/regime-dependent daily-local sites
charleston-sc,Charleston,2010,1,-0.0236696014063182,-0.12699998763430845,-8.241155170891034,1.0560412925510514,290.0,30.0,6.904256903548792,2.4342013066161297,0.04069095835780166,weak/regime-dependent daily-local sites
charleston-sc,Charleston,2010,2,0.248981952664126,0.14565156643613575,2.0588448291089207,-2.749514263004504,29.0,30.0,-6.249048094727446,-10.71910369166011,0.04069095835780166,weak/regime-dependent daily-local sites
charleston-sc,Charleston,2010,3,0.12779525429306,0.024464868065069742,-7.741155170891034,0.167152403662163,236.0,30.0,26.37086698343042,21.900811386497757,0.04069095835780166,weak/regime-dependent daily-local sites
hoekvanholla-hvh-nl,Hoek v.H.,1980,-3,0.1713933900513004,-0.0804167828702711,-0.315508257529018,-0.40733953506628584,235.0,45.0,40.19778559748905,19.425149256545858,-0.5387915683023761,pressure-coherent European sites
hoekvanholla-hvh-nl,Hoek v.H.,1980,-2,0.5152263087736406,0.26341613585206913,-19.215508257528995,5.425993798267047,209.0,45.0,143.59588297350197,122.82324663255878,-0.5387915683023761,pressure-coherent European sites
hoekvanholla-hvh-nl,Hoek v.H.,1980,-1,0.8637008078233501,0.6118906349017786,-24.915508257528927,6.175993798267049,221.0,45.0,167.8686312940701,147.0959949531269,-0.5387915683023761,pressure-coherent European sites
hoekvanholla-hvh-nl,Hoek v.H.,1980,0,1.1315631341346029,0.8797529612130314,-21.01550825752895,4.537104909378158,232.0,45.0,127.48703903304089,106.71440269209769,-0.5387915683023761,pressure-coherent European sites
hoekvanholla-hvh-nl,Hoek v.H.,1980,1,0.4270459414549678,0.17523576853339634,-13.215508257528995,0.009327131600381122,268.0,45.0,33.873075570748995,13.1004392298058,-0.5387915683023761,pressure-coherent European sites
hoekvanholla-hvh-nl,Hoek v.H.,1980,2,0.3979214603947713,0.1461112874731998,-13.115508257528973,0.2593271316003811,111.0,45.0,-20.247701593115995,-41.020337934059185,-0.5387915683023761,pressure-coherent European sites
hoekvanholla-hvh-nl,Hoek v.H.,1980,3,0.2125182835404529,-0.03929188938111858,-16.51550825752895,2.2871049093781597,58.0,45.0,-80.39229680356515,-101.16493314450834,-0.5387915683023761,pressure-coherent European sites
hoekvanholla-hvh-nl,Hoek v.H.,1981,-3,0.4007845085141763,0.1489743355926048,-10.315508257529018,3.175993798267047,226.0,45.0,99.43007006130468,78.65743372036148,-0.5387915683023761,pressure-coherent European sites
hoekvanholla-hvh-nl,Hoek v.H.,1981,-2,0.7719256250433582,0.5201154521217867,-5.1155082575289725,1.4815493538226043,345.0,45.0,-34.26080246913582,-55.03343881007901,-0.5387915683023761,pressure-coherent European sites
hoekvanholla-hvh-nl,Hoek v.H.,1981,-1,0.5718121902203228,0.32000201729875133,-28.215508257528995,5.064882687155938,238.0,45.0,137.08018483196543,116.30754849102223,-0.5387915683023761,pressure-coherent European sites
hoekvanholla-hvh-nl,Hoek v.H.,1981,0,1.4182433564033494,1.1664331834817778,-28.815508257529018,4.7315493538226026,298.0,45.0,38.853176578606025,18.08054023766283,-0.5387915683023761,pressure-coherent European sites
hoekvanholla-hvh-nl,Hoek v.H.,1981,1,0.5117260988151067,0.2599159258935352,-21.51550825752895,3.7315493538226026,279.0,45.0,65.14665233375243,44.374015992809234,-0.5387915683023761,pressure-coherent European sites
hoekvanholla-hvh-nl,Hoek v.H.,1981,2,0.5809055411942113,0.32909536827263985,-20.01550825752895,2.842660464933715,274.0,45.0,60.95324970811574,40.18061336717255,-0.5387915683023761,pressure-coherent European sites
hoekvanholla-hvh-nl,Hoek v.H.,1981,3,0.35864026390976,0.10683009098818852,-7.6155082575289725,-0.018450646177397445,164.0,45.0,22.271316011563208,1.4986796706200138,-0.5387915683023761,pressure-coherent European sites
hoekvanholla-hvh-nl,Hoek v.H.,1982,-3,0.220288180750187,-0.03152199217138449,-16.01550825752895,-2.0462284239551742,65.0,45.0,-21.201814756482058,-41.97445109742525,-0.5387915683023761,pressure-coherent European sites
hoekvanholla-hvh-nl,Hoek v.H.,1982,-2,0.158438180728976,-0.09337199219259548,-7.415508257528927,4.509327131600381,200.0,45.0,115.84026127687811,95.06762493593492,-0.5387915683023761,pressure-coherent European sites
hoekvanholla-hvh-nl,Hoek v.H.,1982,-1,0.7472974435961999,0.4954872706746284,-21.915508257528927,7.925993798267047,246.0,45.0,202.3477946011296,181.5751582601864,-0.5387915683023761,pressure-coherent European sites
hoekvanholla-hvh-nl,Hoek v.H.,1982,0,1.432390806072403,1.1805806331508317,-20.615508257528973,6.537104909378158,266.0,45.0,134.17059203960392,113.39795569866072,-0.5387915683023761,pressure-coherent European sites
hoekvanholla-hvh-nl,Hoek v.H.,1982,1,0.7217307980897777,0.4699206251682062,-23.01550825752895,3.092660464933715,278.0,45.0,58.85156541218982,38.07892907124663,-0.5387915683023761,pressure-coherent European sites
hoekvanholla-hvh-nl,Hoek v.H.,1982,2,0.3700129977791636,0.11820282485759209,-20.315508257529018,-1.4628950906218412,304.0,45.0,5.42745586848838,-15.345180472454814,-0.5387915683023761,pressure-coherent European sites
hoekvanholla-hvh-nl,Hoek v.H.,1982,3,0.2608732658652459,0.009063092943674411,-29.115508257528973,8.00932713160038,193.0,45.0,185.89593795446208,165.1233016135189,-0.5387915683023761,pressure-coherent European sites
hoekvanholla-hvh-nl,Hoek v.H.,1983,-3,0.5415640733318097,0.2897539004102382,-16.415508257528927,4.8148826871559365,271.0,45.0,93.652383580307,72.87974723936381,-0.5387915683023761,pressure-coherent European sites
hoekvanholla-hvh-nl,Hoek v.H.,1983,-2,1.0258427733356852,0.7740326004141137,-20.715508257528995,5.14821602048927,296.0,45.0,46.44872820920392,25.676091868260727,-0.5387915683023761,pressure-coherent European sites
hoekvanholla-hvh-nl,Hoek v.H.,1983,-1,1.0193303892420476,0.7675202163204761,-24.915508257528927,9.092660464933715,264.0,45.0,196.19577488683453,175.42313854589133,-0.5387915683023761,pressure-coherent European sites
hoekvanholla-hvh-nl,Hoek v.H.,1983,0,1.4987120131694962,1.2469018402479248,-6.215508257528995,5.425993798267047,304.0,45.0,28.503565976002346,7.730929635059152,-0.5387915683023761,pressure-coherent European sites
hoekvanholla-hvh-nl,Hoek v.H.,1983,1,0.2853984194618111,0.03358824654023962,7.084491742471073,1.6204382427114918,295.0,45.0,24.22880195878572,3.456165617842526,-0.5387915683023761,pressure-coherent European sites
hoekvanholla-hvh-nl,Hoek v.H.,1983,2,0.156071461302485,-0.09573871161908648,7.3844917424710275,2.120438242711492,193.0,45.0,67.42571286732584,46.65307652638265,-0.5387915683023761,pressure-coherent European sites
hoekvanholla-hvh-nl,Hoek v.H.,1983,3,0.4560217968230262,0.2042116239014547,-23.915508257528927,5.342660464933715,200.0,45.0,133.54683007916825,112.77419373822505,-0.5387915683023761,pressure-coherent European sites
hoekvanholla-hvh-nl,Hoek v.H.,1984,-3,0.4704764488748011,0.21866627595322963,-15.315508257529018,3.1482160204892686,185.0,45.0,75.75564815424434,54.98301181330115,-0.5387915683023761,pressure-coherent European sites
hoekvanholla-hvh-nl,Hoek v.H.,1984,-2,0.5638563866331028,0.3120462137115313,-28.315508257529018,5.3148826871559365,239.0,45.0,142.32201881339648,121.54938247245329,-0.5387915683023761,pressure-coherent European sites
hoekvanholla-hvh-nl,Hoek v.H.,1984,-1,1.051508843888591,0.7996986709670194,-35.51550825752895,9.175993798267047,234.0,45.0,251.9710321059162,231.19839576497301,-0.5387915683023761,pressure-coherent European sites
hoekvanholla-hvh-nl,Hoek v.H.,1984,0,1.621889074795626,1.3700789018740545,-33.51550825752895,6.4815493538226026,264.0,45.0,137.01035328513467,116.23771694419148,-0.5387915683023761,pressure-coherent European sites
hoekvanholla-hvh-nl,Hoek v.H.,1984,1,0.6213575849412819,0.3695474120197104,-6.415508257528927,2.8148826871559365,249.0,45.0,84.38735185736236,63.61471551641917,-0.5387915683023761,pressure-coherent European sites
hoekvanholla-hvh-nl,Hoek v.H.,1984,2,0.4513889350064239,0.19957876208485242,0.184491742470982,0.5093271316003811,292.0,45.0,20.8537665327736,0.08113019183040748,-0.5387915683023761,pressure-coherent European sites
hoekvanholla-hvh-nl,Hoek v.H.,1984,3,0.1805095869613529,-0.07130058596021857,5.3844917424710275,2.870438242711492,191.0,45.0,77.46895539097667,56.69631905003348,-0.5387915683023761,pressure-coherent European sites
hoekvanholla-hvh-nl,Hoek v.H.,1985,-3,0.3414244244849162,0.08961425156334474,-7.715508257528995,-0.8240062017329519,279.0,45.0,20.96479420310153,0.19215786215833575,-0.5387915683023761,pressure-coherent European sites
hoekvanholla-hvh-nl,Hoek v.H.,1985,-2,0.288166414225483,0.03635624130391152,-19.115508257528973,-0.4906728683996189,162.0,45.0,18.05067628169684,-2.721960059246353,-0.5387915683023761,pressure-coherent European sites
hoekvanholla-hvh-nl,Hoek v.H.,1985,-1,0.5111767544534495,0.25936658153187797,-34.715508257528995,5.8148826871559365,273.0,45.0,106.41861424402964,85.64597790308645,-0.5387915683023761,pressure-coherent European sites
hoekvanholla-hvh-nl,Hoek v.H.,1985,0,1.0738038975882012,0.8219937246666297,-23.915508257528927,5.759327131600381,281.0,45.0,88.15227388170325,67.37963754076006,-0.5387915683023761,pressure-coherent European sites
hoekvanholla-hvh-nl,Hoek v.H.,1985,1,0.7630131943097991,0.5112030213882276,-14.815508257529018,4.5648826871559365,277.0,45.0,79.46640991817237,58.69377357722918,-0.5387915683023761,pressure-coherent European sites
hoekvanholla-hvh-nl,Hoek v.H.,1985,2,0.3932321917820821,0.1414220188605106,-15.915508257528927,1.2315493538226026,191.0,45.0,53.42750547636545,32.65486913542225,-0.5387915683023761,pressure-coherent European sites
hoekvanholla-hvh-nl,Hoek v.H.,1985,3,0.4996414906111684,0.24783131768959693,-22.415508257528927,6.009327131600381,227.0,45.0,163.88235952849172,143.10972318754852,-0.5387915683023761,pressure-coherent European sites
hoekvanholla-hvh-nl,Hoek v.H.,1986,-3,0.7625948326920139,0.5107846597704424,-16.415508257528927,5.731549353822604,275.0,45.0,100.88244027612025,80.10980393517706,-0.5387915683023761,pressure-coherent European sites
hoekvanholla-hvh-nl,Hoek v.H.,1986,-2,0.3105992789606997,0.058789106039128236,-8.115508257528973,3.175993798267047,207.0,45.0,94.5780207381448,73.8053843972016,-0.5387915683023761,pressure-coherent European sites
hoekvanholla-hvh-nl,Hoek v.H.,1986,-1,0.6477048787894256,0.39589470586785414,-26.215508257528995,7.981549353822604,261.0,45.0,176.67532856170925,155.90269222076606,-0.5387915683023761,pressure-coherent European sites
hoekvanholla-hvh-nl,Hoek v.H.,1986,0,1.5022666963732658,1.2504565234516942,-24.915508257528927,9.425993798267047,267.0,45.0,195.56635925773014,174.79372291678695,-0.5387915683023761,pressure-coherent European sites
hoekvanholla-hvh-nl,Hoek v.H.,1986,1,0.5274986690490053,0.27568849612743385,-6.915508257528927,2.425993798267049,267.0,45.0,63.204008675478676,42.43137233453548,-0.5387915683023761,pressure-coherent European sites
hoekvanholla-hvh-nl,Hoek v.H.,1986,2,0.3918414023389738,0.14003122941740231,-5.715508257528995,1.6759937982670472,293.0,45.0,26.88871786459509,6.116081523651896,-0.5387915683023761,pressure-coherent European sites
hoekvanholla-hvh-nl,Hoek v.H.,1986,3,0.3798863108215579,0.1280761378999864,-1.7155082575289953,0.6482160204892704,355.0,45.0,-35.623130615837965,-56.39576695678116,-0.5387915683023761,pressure-coherent European sites
hoekvanholla-hvh-nl,Hoek v.H.,1987,-3,0.2429264111306047,-0.008883761790966782,-12.715508257528995,-0.15733953506628584,293.0,45.0,16.510727795146856,-4.261908545796338,-0.5387915683023761,pressure-coherent European sites
hoekvanholla-hvh-nl,Hoek v.H.,1987,-2,0.3522980400533212,0.10048786713174973,-3.315508257529018,3.287104909378158,231.0,45.0,101.11663243115893,80.34399609021574,-0.5387915683023761,pressure-coherent European sites
hoekvanholla-hvh-nl,Hoek v.H.,1987,-1,0.455642189464843,0.2038320165432715,-26.215508257528995,9.620438242711494,223.0,45.0,269.34276809572293,248.57013175477974,-0.5387915683023761,pressure-coherent European sites
hoekvanholla-hvh-nl,Hoek v.H.,1987,0,1.046748413962509,0.7949382410409375,-25.115508257528973,7.759327131600381,230.0,45.0,211.0579902957092,190.285353954766,-0.5387915683023761,pressure-coherent European sites
hoekvanholla-hvh-nl,Hoek v.H.,1987,1,0.4647376768292454,0.2129275039076739,-10.915508257528927,2.370438242711492,321.0,45.0,-8.783294482906957,-29.55593082385015,-0.5387915683023761,pressure-coherent European sites
hoekvanholla-hvh-nl,Hoek v.H.,1987,2,0.2448884249608921,-0.006921747960679375,10.184491742470982,-0.9628950906218412,258.0,45.0,28.53809571480958,7.765459373866385,-0.5387915683023761,pressure-coherent European sites
hoekvanholla-hvh-nl,Hoek v.H.,1987,3,0.0694189848254771,-0.1823911880960944,10.98449174247105,-2.490672868399619,177.0,45.0,12.40421513716942,-8.368421203773774,-0.5387915683023761,pressure-coherent European sites
hoekvanholla-hvh-nl,Hoek v.H.,1988,-3,0.2453456740778157,-0.006464498843755773,-11.715508257528995,0.592660464933715,207.0,45.0,51.92357628624991,31.150939945306718,-0.5387915683023761,pressure-coherent European sites
hoekvanholla-hvh-nl,Hoek v.H.,1988,-2,0.5069677358575326,0.25515756293596115,-23.715508257528995,5.787104909378158,242.0,45.0,151.421560699397,130.6489243584538,-0.5387915683023761,pressure-coherent European sites
hoekvanholla-hvh-nl,Hoek v.H.,1988,-1,1.0945308790981907,0.8427207061766192,-24.51550825752895,7.370438242711492,261.0,45.0,162.3652162321943,141.59257989125112,-0.5387915683023761,pressure-coherent European sites
hoekvanholla-hvh-nl,Hoek v.H.,1988,0,1.3951461934922254,1.1433360205706538,-18.01550825752895,7.175993798267047,264.0,45.0,151.7167612363169,130.9441248953737,-0.5387915683023761,pressure-coherent European sites
hoekvanholla-hvh-nl,Hoek v.H.,1988,1,0.5336563212032195,0.281846148281648,-20.215508257528995,5.398216020489269,234.0,45.0,146.8736764566632,126.10104011572,-0.5387915683023761,pressure-coherent European sites
hoekvanholla-hvh-nl,Hoek v.H.,1988,2,0.8249288832093666,0.5731187102877952,-14.415508257528927,3.759327131600381,235.0,45.0,109.72703667821209,88.9544003372689,-0.5387915683023761,pressure-coherent European sites
hoekvanholla-hvh-nl,Hoek v.H.,1988,3,0.0429786645541262,-0.2088315083674453,-5.315508257529018,1.2037715760448258,99.0,45.0,-37.61825614671829,-58.39089248766148,-0.5387915683023761,pressure-coherent European sites
hoekvanholla-hvh-nl,Hoek v.H.,1989,-3,0.194566396954862,-0.05724377596670949,20.484491742470937,0.2871049093781588,224.0,45.0,50.16596942711754,29.393333086174344,-0.5387915683023761,pressure-coherent European sites
hoekvanholla-hvh-nl,Hoek v.H.,1989,-2,0.3200957715018711,0.06828559858029959,19.384491742471027,1.7037715760448258,240.0,45.0,69.7881409493852,49.015504608442,-0.5387915683023761,pressure-coherent European sites
hoekvanholla-hvh-nl,Hoek v.H.,1989,-1,0.2861661988030206,0.03435602588144909,1.584491742471073,4.453771576044826,210.0,45.0,122.24998738971023,101.47735104876703,-0.5387915683023761,pressure-coherent European sites
hoekvanholla-hvh-nl,Hoek v.H.,1989,0,0.9611095784502438,0.7092994055286723,2.48449174247105,7.037104909378158,306.0,45.0,29.9354730461709,9.162836705227708,-0.5387915683023761,pressure-coherent European sites
hoekvanholla-hvh-nl,Hoek v.H.,1989,1,0.1855576062019036,-0.0662525667196679,-3.2155082575289953,4.842660464933713,243.0,45.0,128.83366748247948,108.06103114153629,-0.5387915683023761,pressure-coherent European sites
hoekvanholla-hvh-nl,Hoek v.H.,1989,2,0.6405835728996354,0.3887733999780639,1.2844917424710047,2.3982160204892704,287.0,45.0,39.688097137642735,18.91546079669954,-0.5387915683023761,pressure-coherent European sites
hoekvanholla-hvh-nl,Hoek v.H.,1989,3,0.1949924707406118,-0.05681770218095969,-1.915508257528927,1.0648826871559365,211.0,45.0,59.96143088095547,39.188794540012275,-0.5387915683023761,pressure-coherent European sites
hoekvanholla-hvh-nl,Hoek v.H.,1990,-3,0.3363525813353577,0.08454240841378624,-11.51550825752895,6.620438242711492,208.0,45.0,172.1414970785961,151.3688607376529,-0.5387915683023761,pressure-coherent European sites
hoekvanholla-hvh-nl,Hoek v.H.,1990,-2,0.8218091878359814,0.56999901491441,-12.715508257528995,5.481549353822604,241.0,45.0,144.9042669485291,124.13163060758592,-0.5387915683023761,pressure-coherent European sites
hoekvanholla-hvh-nl,Hoek v.H.,1990,-1,0.700653554678476,0.4488433817569045,-39.81550825752902,14.537104909378158,244.0,45.0,430.3160095172002,409.543373176257,-0.5387915683023761,pressure-coherent European sites
hoekvanholla-hvh-nl,Hoek v.H.,1990,0,1.980018256664301,1.7282080837427296,-25.115508257528973,7.509327131600381,247.0,45.0,189.74717424959584,168.97453790865265,-0.5387915683023761,pressure-coherent European sites
hoekvanholla-hvh-nl,Hoek v.H.,1990,1,0.512354999170155,0.26054482624858355,-19.215508257528995,2.453771576044824,239.0,45.0,83.02092807948992,62.248291738546726,-0.5387915683023761,pressure-coherent European sites
hoekvanholla-hvh-nl,Hoek v.H.,1990,2,0.655560201003671,0.4037500280820995,-28.415508257528927,8.759327131600381,213.0,45.0,236.68756758497028,215.9149312440271,-0.5387915683023761,pressure-coherent European sites
hoekvanholla-hvh-nl,Hoek v.H.,1990,3,0.6140988371065773,0.3622886641850058,-15.615508257528973,2.259327131600381,174.0,45.0,51.60621441297261,30.833578072029418,-0.5387915683023761,pressure-coherent European sites
hoekvanholla-hvh-nl,Hoek v.H.,1991,-3,0.3555007804588067,0.10369060753723519,-4.315508257529018,-3.8795617572885077,308.0,45.0,1.0367357338285086,-19.735900607114687,-0.5387915683023761,pressure-coherent European sites
hoekvanholla-hvh-nl,Hoek v.H.,1991,-2,0.2723415536431448,0.02053138072157329,-15.01550825752895,5.481549353822604,212.0,45.0,146.8802726363447,126.1076362954015,-0.5387915683023761,pressure-coherent European sites
hoekvanholla-hvh-nl,Hoek v.H.,1991,-1,0.9552137886375616,0.7034036157159901,-17.915508257528927,6.620438242711492,251.0,45.0,161.78916995917157,141.01653361822838,-0.5387915683023761,pressure-coherent European sites
hoekvanholla-hvh-nl,Hoek v.H.,1991,0,1.1013178810724285,0.849507708150857,-18.315508257529018,5.648216020489269,261.0,45.0,125.28776762270789,104.5151312817647,-0.5387915683023761,pressure-coherent European sites
hoekvanholla-hvh-nl,Hoek v.H.,1991,1,0.461729216318663,0.2099190433970915,-5.1155082575289725,3.8982160204892704,332.0,45.0,-33.43888575040713,-54.211522091350325,-0.5387915683023761,pressure-coherent European sites
hoekvanholla-hvh-nl,Hoek v.H.,1991,2,0.5257816686964796,0.2739714957749081,5.3844917424710275,1.0371049093781588,343.0,45.0,-28.80729672761199,-49.579933068555185,-0.5387915683023761,pressure-coherent European sites
hoekvanholla-hvh-nl,Hoek v.H.,1991,3,0.1239976375656199,-0.12781253535595158,10.284491742471005,-3.990672868399619,343.0,45.0,-3.6952773240577677,-24.46791366500096,-0.5387915683023761,pressure-coherent European sites
hoekvanholla-hvh-nl,Hoek v.H.,1992,-3,0.1872707405012838,-0.06453943242028767,4.784491742471005,2.675993798267049,211.0,45.0,87.05783745918147,66.28520111823828,-0.5387915683023761,pressure-coherent European sites
hoekvanholla-hvh-nl,Hoek v.H.,1992,-2,0.506577104573164,0.2547669316515925,4.48449174247105,4.592660464933715,270.0,45.0,91.71655086223663,70.94391452129344,-0.5387915683023761,pressure-coherent European sites
hoekvanholla-hvh-nl,Hoek v.H.,1992,-1,0.467183213295437,0.2153730403738655,-16.215508257528995,5.509327131600379,241.0,45.0,145.56068407885732,124.78804773791413,-0.5387915683023761,pressure-coherent European sites
hoekvanholla-hvh-nl,Hoek v.H.,1992,0,1.3437405238978302,1.0919303509762588,-20.315508257529018,5.870438242711492,264.0,45.0,124.68875203820731,103.91611569726412,-0.5387915683023761,pressure-coherent European sites
hoekvanholla-hvh-nl,Hoek v.H.,1992,1,0.8598189056848591,0.6080087327632876,-12.01550825752895,4.703771576044826,301.0,45.0,31.994170693056073,11.22153435211288,-0.5387915683023761,pressure-coherent European sites
hoekvanholla-hvh-nl,Hoek v.H.,1992,2,0.7200209754045568,0.4682108024829853,-3.315508257529018,3.4815493538226026,291.0,45.0,42.96469632490511,22.19205998396192,-0.5387915683023761,pressure-coherent European sites
hoekvanholla-hvh-nl,Hoek v.H.,1992,3,0.1763173855693956,-0.07549278735217588,10.98449174247105,-1.490672868399618,324.0,45.0,-4.403461203034457,-25.17609754397765,-0.5387915683023761,pressure-coherent European sites
hoekvanholla-hvh-nl,Hoek v.H.,1993,-3,0.937482916957072,0.6856727440355005,0.2844917424710047,6.898216020489269,235.0,45.0,184.68868793353715,163.91605159259396,-0.5387915683023761,pressure-coherent European sites
hoekvanholla-hvh-nl,Hoek v.H.,1993,-2,0.9637941529866134,0.7119839800650419,-4.315508257529018,8.342660464933715,235.0,45.0,225.70410712843454,204.93147078749135,-0.5387915683023761,pressure-coherent European sites
hoekvanholla-hvh-nl,Hoek v.H.,1993,-1,1.1137147898908004,0.8619046169692289,-8.615508257528973,9.509327131600383,233.0,45.0,263.2837022980048,242.51106595706162,-0.5387915683023761,pressure-coherent European sites
hoekvanholla-hvh-nl,Hoek v.H.,1993,0,1.500960699580097,1.2491505266585254,-7.715508257528995,8.092660464933715,286.0,45.0,107.47211779189168,86.69948145094848,-0.5387915683023761,pressure-coherent European sites
hoekvanholla-hvh-nl,Hoek v.H.,1993,1,0.3586547457014998,0.10684457277992832,-0.7155082575289953,4.592660464933715,269.0,45.0,93.30325650997476,72.53062016903156,-0.5387915683023761,pressure-coherent European sites
hoekvanholla-hvh-nl,Hoek v.H.,1993,2,0.6550030022798261,0.4031928293582546,-0.11550825752897254,0.9815493538226034,318.0,45.0,-3.1660022912398165,-23.93863863218301,-0.5387915683023761,pressure-coherent European sites
hoekvanholla-hvh-nl,Hoek v.H.,1993,3,0.1646884232057034,-0.08712174971586809,-1.915508257528927,0.6759937982670472,250.0,45.0,50.602884087777014,29.83024774683382,-0.5387915683023761,pressure-coherent European sites
hoekvanholla-hvh-nl,Hoek v.H.,1994,-3,0.3113182540584215,0.05950808113685002,-12.615508257528973,5.648216020489269,264.0,45.0,120.35208568538567,99.57944934444248,-0.5387915683023761,pressure-coherent European sites
hoekvanholla-hvh-nl,Hoek v.H.,1994,-2,1.0955350092612903,0.8437248363397188,-14.215508257528995,5.537104909378158,261.0,45.0,123.06047392214477,102.28783758120157,-0.5387915683023761,pressure-coherent European sites
hoekvanholla-hvh-nl,Hoek v.H.,1994,-1,0.6210699820277061,0.36925980910613465,-17.815508257529018,9.425993798267047,249.0,45.0,240.4090737667862,219.636437425843,-0.5387915683023761,pressure-coherent European sites
hoekvanholla-hvh-nl,Hoek v.H.,1994,0,1.6045733048025488,1.3527631318809772,-13.315508257529018,8.370438242711492,287.0,45.0,107.99150031749892,87.21886397655572,-0.5387915683023761,pressure-coherent European sites
hoekvanholla-hvh-nl,Hoek v.H.,1994,1,0.559856253984027,0.30804608106245557,11.784491742471005,3.759327131600381,235.0,45.0,109.72703667821209,88.9544003372689,-0.5387915683023761,pressure-coherent European sites
hoekvanholla-hvh-nl,Hoek v.H.,1994,2,0.4680908051250157,0.21628063220344423,6.084491742471073,3.8982160204892704,237.0,45.0,111.87185811633361,91.09922177539042,-0.5387915683023761,pressure-coherent European sites
hoekvanholla-hvh-nl,Hoek v.H.,1994,3,0.5338952579419596,0.2820850850203881,8.48449174247105,1.1482160204892704,289.0,45.0,27.66744315027732,6.894806809334128,-0.5387915683023761,pressure-coherent European sites
hoekvanholla-hvh-nl,Hoek v.H.,1995,-3,0.272872876327323,0.021062703405751504,-15.715508257528995,0.6482160204892704,311.0,45.0,3.8658865510787668,-16.906749789864428,-0.5387915683023761,pressure-coherent European sites
hoekvanholla-hvh-nl,Hoek v.H.,1995,-2,0.4700297928362481,0.2182196199146766,-14.915508257528927,2.2037715760448258,206.0,45.0,76.58700462354466,55.814368282601464,-0.5387915683023761,pressure-coherent European sites
hoekvanholla-hvh-nl,Hoek v.H.,1995,-1,0.6193294537409624,0.3675192808193909,-26.915508257528927,7.509327131600381,243.0,45.0,194.63268868393683,173.86005234299364,-0.5387915683023761,pressure-coherent European sites
hoekvanholla-hvh-nl,Hoek v.H.,1995,0,1.4400076757703788,1.1881975028488072,-20.615508257528973,7.787104909378158,254.0,45.0,186.0085314662777,165.2358951253345,-0.5387915683023761,pressure-coherent European sites
hoekvanholla-hvh-nl,Hoek v.H.,1995,1,0.5674522814315507,0.3156421085099792,-13.815508257529018,3.2315493538226043,274.0,45.0,65.97088635576539,45.19825001482219,-0.5387915683023761,pressure-coherent European sites
hoekvanholla-hvh-nl,Hoek v.H.,1995,2,0.5869218514592143,0.3351116785376428,-0.6155082575289725,3.8148826871559383,308.0,45.0,13.721961471491294,-7.0506748694519,-0.5387915683023761,pressure-coherent European sites
hoekvanholla-hvh-nl,Hoek v.H.,1995,3,0.4864504420124201,0.23464026909084862,15.184491742470982,1.592660464933715,338.0,45.0,-27.49710018729607,-48.269736528239264,-0.5387915683023761,pressure-coherent European sites
hoekvanholla-hvh-nl,Hoek v.H.,1996,-3,0.577522234180602,0.3257120612590305,-15.215508257528995,4.675993798267047,198.0,45.0,117.26704616071427,96.49440981977108,-0.5387915683023761,pressure-coherent European sites
hoekvanholla-hvh-nl,Hoek v.H.,1996,-2,0.6339731686820578,0.3821629957604863,-16.915508257528927,5.287104909378158,225.0,45.0,146.00694444444443,125.23430810350123,-0.5387915683023761,pressure-coherent European sites
hoekvanholla-hvh-nl,Hoek v.H.,1996,-1,0.5955404290995358,0.34373025617796427,-13.215508257528995,8.175993798267047,216.0,45.0,221.40756512194446,200.63492878100126,-0.5387915683023761,pressure-coherent European sites
hoekvanholla-hvh-nl,Hoek v.H.,1996,0,0.8813862479805372,0.6295760750589657,-9.915508257528927,4.14821602048927,247.0,45.0,111.05888337000758,90.28624702906438,-0.5387915683023761,pressure-coherent European sites
hoekvanholla-hvh-nl,Hoek v.H.,1996,1,0.3364191971839257,0.08460902426235423,2.98449174247105,-0.7962284239551742,266.0,45.0,27.169544888019797,6.3969085470766025,-0.5387915683023761,pressure-coherent European sites
hoekvanholla-hvh-nl,Hoek v.H.,1996,2,0.4786252726482412,0.2268150997266697,9.084491742471073,1.6482160204892704,265.0,45.0,54.625588931545906,33.85295259060271,-0.5387915683023761,pressure-coherent European sites
hoekvanholla-hvh-nl,Hoek v.H.,1996,3,0.2597616358612138,0.007951462939642329,-10.615508257528973,2.009327131600381,177.0,45.0,51.882920912342065,31.11028457139887,-0.5387915683023761,pressure-coherent European sites
hoekvanholla-hvh-nl,Hoek v.H.,1997,-3,0.339778456317121,0.08796828339554952,7.284491742471005,1.1482160204892704,234.0,45.0,62.337157027253006,41.56452068630981,-0.5387915683023761,pressure-coherent European sites
hoekvanholla-hvh-nl,Hoek v.H.,1997,-2,0.3507863609121829,0.09897618799061142,-9.51550825752895,3.1482160204892686,195.0,45.0,85.64296284770738,64.87032650676419,-0.5387915683023761,pressure-coherent European sites
hoekvanholla-hvh-nl,Hoek v.H.,1997,-1,0.5684424363253635,0.316632263403792,-29.915508257528927,9.287104909378158,212.0,45.0,252.04382321656402,231.27118687562083,-0.5387915683023761,pressure-coherent European sites
hoekvanholla-hvh-nl,Hoek v.H.,1997,0,1.1238471383683362,0.8720369654467647,-29.215508257528995,9.175993798267047,224.0,45.0,255.07302794064958,234.3003915997064,-0.5387915683023761,pressure-coherent European sites
hoekvanholla-hvh-nl,Hoek v.H.,1997,1,0.7244137206723487,0.4726035477507772,-16.01550825752895,3.925993798267049,248.0,45.0,105.8268064390431,85.0541700980999,-0.5387915683023761,pressure-coherent European sites
hoekvanholla-hvh-nl,Hoek v.H.,1997,2,0.3928025859085257,0.1409924129869542,5.284491742471005,0.6759937982670472,200.0,45.0,50.60288408777702,29.830247746833827,-0.5387915683023761,pressure-coherent European sites
hoekvanholla-hvh-nl,Hoek v.H.,1997,3,0.320365552943002,0.06855538002143052,9.084491742471073,1.7037715760448258,207.0,45.0,68.71383330232484,47.94119696138165,-0.5387915683023761,pressure-coherent European sites
hoekvanholla-hvh-nl,Hoek v.H.,1998,-3,0.5541380594583505,0.302327886536779,1.9844917424710502,2.925993798267047,202.0,45.0,87.00759610179315,66.23495976084996,-0.5387915683023761,pressure-coherent European sites
hoekvanholla-hvh-nl,Hoek v.H.,1998,-2,0.5349608969123463,0.2831507239907748,-4.715508257528995,5.14821602048927,207.0,45.0,135.6869983510601,114.91436201011692,-0.5387915683023761,pressure-coherent European sites
hoekvanholla-hvh-nl,Hoek v.H.,1998,-1,0.3353577973617791,0.08354762444020764,-32.91550825752893,6.28710490937816,174.0,45.0,107.72304388185724,86.95040754091404,-0.5387915683023761,pressure-coherent European sites
hoekvanholla-hvh-nl,Hoek v.H.,1998,0,1.179080389997916,0.9272702170763446,-34.715508257528995,8.203771576044826,272.0,45.0,153.44963101406213,132.67699467311894,-0.5387915683023761,pressure-coherent European sites
hoekvanholla-hvh-nl,Hoek v.H.,1998,1,0.6359505768726706,0.38414040395109916,-9.915508257528927,4.175993798267047,283.0,45.0,63.79680031017424,43.02416396923105,-0.5387915683023761,pressure-coherent European sites
hoekvanholla-hvh-nl,Hoek v.H.,1998,2,0.3682876410395982,0.11647746811802673,-14.615508257528973,7.453771576044824,232.0,45.0,201.5489029176659,180.77626657672272,-0.5387915683023761,pressure-coherent European sites
hoekvanholla-hvh-nl,Hoek v.H.,1998,3,1.154732877145781,0.9029227042242095,-19.415508257528927,8.314882687155936,234.0,45.0,225.53436478577368,204.76172844483048,-0.5387915683023761,pressure-coherent European sites
hoekvanholla-hvh-nl,Hoek v.H.,1999,-3,0.2145135101501148,-0.037296662771456685,2.584491742471073,3.092660464933715,179.0,45.0,67.93072780747801,47.15809146653481,-0.5387915683023761,pressure-coherent European sites
hoekvanholla-hvh-nl,Hoek v.H.,1999,-2,0.4421267449585278,0.1903165720369563,-0.015508257528949798,4.287104909378158,197.0,45.0,108.46152757001082,87.68889122906762,-0.5387915683023761,pressure-coherent European sites
hoekvanholla-hvh-nl,Hoek v.H.,1999,-1,0.3126643442549893,0.060854171333417806,-24.815508257529018,8.120438242711494,192.0,45.0,186.61002546902318,165.83738912808,-0.5387915683023761,pressure-coherent European sites
hoekvanholla-hvh-nl,Hoek v.H.,1999,0,1.0916091746294514,0.8397990017078799,-29.715508257528995,8.092660464933715,199.0,45.0,199.24377648577584,178.47114014483265,-0.5387915683023761,pressure-coherent European sites
hoekvanholla-hvh-nl,Hoek v.H.,1999,1,0.7160826848612314,0.4642725119396599,-33.41550825752893,4.287104909378158,260.0,45.0,100.62486466269425,79.85222832175106,-0.5387915683023761,pressure-coherent European sites
hoekvanholla-hvh-nl,Hoek v.H.,1999,2,0.4275536066135114,0.1757434336919399,-27.815508257529018,0.45377157604482576,276.0,45.0,33.0786530545571,12.306016713613907,-0.5387915683023761,pressure-coherent European sites
hoekvanholla-hvh-nl,Hoek v.H.,1999,3,0.3926480444944634,0.1408378715728919,-24.615508257528973,-1.907339535066285,316.0,45.0,-0.4171340600318535,-21.189770400975046,-0.5387915683023761,pressure-coherent European sites
hoekvanholla-hvh-nl,Hoek v.H.,2000,-3,0.2652674823065545,0.013457309384983018,10.584491742471073,1.0093271316003811,257.0,45.0,51.66876984614781,30.896133505204617,-0.5387915683023761,pressure-coherent European sites
hoekvanholla-hvh-nl,Hoek v.H.,2000,-2,0.4390989584439791,0.18728878552240763,-7.415508257528927,4.342660464933715,233.0,45.0,122.86735780996395,102.09472146902075,-0.5387915683023761,pressure-coherent European sites
hoekvanholla-hvh-nl,Hoek v.H.,2000,-1,0.8484856024332886,0.5966754295117171,-18.215508257528995,6.203771576044824,247.0,45.0,156.69407142178704,135.92143508084385,-0.5387915683023761,pressure-coherent European sites
hoekvanholla-hvh-nl,Hoek v.H.,2000,0,1.2444724528860531,0.9926622799644816,-10.315508257529018,5.2315493538226026,249.0,45.0,132.16028110181605,111.38764476087286,-0.5387915683023761,pressure-coherent European sites
hoekvanholla-hvh-nl,Hoek v.H.,2000,1,0.8950498808272208,0.6432397079056493,0.38449174247102746,5.5648826871559365,249.0,45.0,139.58706732228097,118.81443098133778,-0.5387915683023761,pressure-coherent European sites
hoekvanholla-hvh-nl,Hoek v.H.,2000,2,0.3705161712992546,0.11870599837768314,0.9844917424710502,3.5648826871559365,230.0,45.0,106.94411431389388,86.17147797295068,-0.5387915683023761,pressure-coherent European sites
hoekvanholla-hvh-nl,Hoek v.H.,2000,3,0.4470432774444224,0.19523310452285092,-0.5155082575289498,2.1482160204892704,290.0,45.0,33.81076531660699,13.038128975663795,-0.5387915683023761,pressure-coherent European sites
hoekvanholla-hvh-nl,Hoek v.H.,2001,-3,0.6393430217790396,0.3875328488574681,-8.01550825752895,1.0093271316003811,358.0,45.0,-41.55190780007327,-62.32454414101647,-0.5387915683023761,pressure-coherent European sites
hoekvanholla-hvh-nl,Hoek v.H.,2001,-2,0.2130809517042859,-0.03872922121728559,1.584491742471073,2.2037715760448258,230.0,45.0,80.69177054543141,59.919134204488216,-0.5387915683023761,pressure-coherent European sites
hoekvanholla-hvh-nl,Hoek v.H.,2001,-1,0.7975541410653606,0.5457439681437891,-16.01550825752895,6.259327131600381,257.0,45.0,144.5477040439464,123.7750677030032,-0.5387915683023761,pressure-coherent European sites
hoekvanholla-hvh-nl,Hoek v.H.,2001,0,1.0560992036484569,0.8042890307268854,-19.615508257528973,5.925993798267047,257.0,45.0,137.26077225475044,116.48813591380724,-0.5387915683023761,pressure-coherent European sites
hoekvanholla-hvh-nl,Hoek v.H.,2001,1,0.530260744855234,0.2784505719336625,-14.115508257528973,1.3148826871559365,299.0,45.0,18.134215668503547,-2.638420672439647,-0.5387915683023761,pressure-coherent European sites
hoekvanholla-hvh-nl,Hoek v.H.,2001,2,0.3746299869437539,0.1228198140221824,-12.51550825752895,4.175993798267047,223.0,45.0,120.31632236547408,99.54368602453088,-0.5387915683023761,pressure-coherent European sites
hoekvanholla-hvh-nl,Hoek v.H.,2001,3,0.5997641190400094,0.3479539461184379,-17.415508257528927,8.231549353822604,262.0,45.0,180.35913558345047,159.58649924250727,-0.5387915683023761,pressure-coherent European sites
hoekvanholla-hvh-nl,Hoek v.H.,2002,-3,0.7147375581456791,0.4629273852241076,-29.915508257528927,3.2037715760448258,269.0,45.0,71.93398003386511,51.16134369292192,-0.5387915683023761,pressure-coherent European sites
hoekvanholla-hvh-nl,Hoek v.H.,2002,-2,0.6781831133497687,0.4263729404281972,-9.115508257528973,1.5093271316003811,271.0,45.0,47.9190995196025,27.146463178659303,-0.5387915683023761,pressure-coherent European sites
hoekvanholla-hvh-nl,Hoek v.H.,2002,-1,0.3946076551574349,0.14279748223586342,-21.715508257528995,6.175993798267049,241.0,45.0,161.7597237696698,140.9870874287266,-0.5387915683023761,pressure-coherent European sites
hoekvanholla-hvh-nl,Hoek v.H.,2002,0,1.3066287513467882,1.0548185784252166,-19.615508257528973,6.092660464933713,260.0,45.0,136.0803692339836,115.3077328930404,-0.5387915683023761,pressure-coherent European sites
hoekvanholla-hvh-nl,Hoek v.H.,2002,1,0.4373946511599236,0.1855844782383521,-19.315508257529018,13.148216020489269,247.0,45.0,368.81599493957447,348.04335859863124,-0.5387915683023761,pressure-coherent European sites
hoekvanholla-hvh-nl,Hoek v.H.,2002,2,0.9582934347358886,0.7064832618143171,6.8844917424710275,4.342660464933715,284.0,45.0,63.90326966328062,43.130633322337424,-0.5387915683023761,pressure-coherent European sites
hoekvanholla-hvh-nl,Hoek v.H.,2002,3,0.1738662017505879,-0.07794397117098359,-1.6155082575289725,-1.7128950906218412,112.0,45.0,-10.096600896587415,-30.86923723753061,-0.5387915683023761,pressure-coherent European sites
hoekvanholla-hvh-nl,Hoek v.H.,2003,-3,0.3030861850657896,0.05127601214421812,4.48449174247105,-2.712895090621841,158.0,45.0,6.514898885435735,-14.25773745550746,-0.5387915683023761,pressure-coherent European sites
hoekvanholla-hvh-nl,Hoek v.H.,2003,-2,0.3429279266798769,0.09111775375830544,3.48449174247105,-2.407339535066285,210.0,45.0,18.60599716626567,-2.166639174677524,-0.5387915683023761,pressure-coherent European sites
hoekvanholla-hvh-nl,Hoek v.H.,2003,-1,0.2331582849470918,-0.018651887974479697,-16.01550825752895,6.259327131600381,221.0,45.0,170.0323292456753,149.2596929047321,-0.5387915683023761,pressure-coherent European sites
hoekvanholla-hvh-nl,Hoek v.H.,2003,0,1.0989070774135017,0.8470969044919302,-21.215508257528995,7.009327131600381,271.0,45.0,132.39727579375506,111.62463945281186,-0.5387915683023761,pressure-coherent European sites
hoekvanholla-hvh-nl,Hoek v.H.,2003,1,0.4905036659060514,0.2386934929844799,-1.5155082575289498,2.3148826871559365,357.0,45.0,-55.546101199468644,-76.31873754041183,-0.5387915683023761,pressure-coherent European sites
hoekvanholla-hvh-nl,Hoek v.H.,2003,2,0.1577453658983985,-0.09406480702317299,7.084491742471073,0.7315493538226034,230.0,45.0,56.451801560614115,35.67916521967092,-0.5387915683023761,pressure-coherent European sites
hoekvanholla-hvh-nl,Hoek v.H.,2003,3,0.1632606544291176,-0.08854951849245388,12.084491742471073,-0.4351173128440635,233.0,45.0,40.06994428462708,19.297307943683883,-0.5387915683023761,pressure-coherent European sites
hoekvanholla-hvh-nl,Hoek v.H.,2004,-3,0.1292556310603226,-0.1225545418612489,4.48449174247105,2.453771576044824,232.0,45.0,84.92473009981059,64.1520937588674,-0.5387915683023761,pressure-coherent European sites
hoekvanholla-hvh-nl,Hoek v.H.,2004,-2,0.3849895195322536,0.1331793466106821,-6.415508257528927,6.8148826871559365,221.0,45.0,184.8110559161912,164.038419575248,-0.5387915683023761,pressure-coherent European sites
hoekvanholla-hvh-nl,Hoek v.H.,2004,-1,0.6547901834438636,0.40298001052229215,-14.115508257528973,8.759327131600381,239.0,45.0,234.78760783962386,214.01497149868067,-0.5387915683023761,pressure-coherent European sites
hoekvanholla-hvh-nl,Hoek v.H.,2004,0,1.251417354371736,0.9996071814501645,-11.115508257528973,5.509327131600379,248.0,45.0,139.38901001943515,118.61637367849195,-0.5387915683023761,pressure-coherent European sites
hoekvanholla-hvh-nl,Hoek v.H.,2004,1,0.5768432061630995,0.325033033241528,-9.415508257528927,3.7315493538226026,253.0,45.0,97.86070616192065,77.08806982097745,-0.5387915683023761,pressure-coherent European sites
hoekvanholla-hvh-nl,Hoek v.H.,2004,2,0.2548950707252552,0.003084897803683706,0.08449174247107294,-2.85178397951073,339.0,45.0,-6.328269807855266,-27.100906148798458,-0.5387915683023761,pressure-coherent European sites
hoekvanholla-hvh-nl,Hoek v.H.,2004,3,0.1513917696845361,-0.10041840323703538,4.8844917424710275,-0.8517839795107305,8.0,45.0,-28.220919612751402,-48.993555953694596,-0.5387915683023761,pressure-coherent European sites
hoekvanholla-hvh-nl,Hoek v.H.,2005,-3,0.677680068402272,0.42586989548070053,-18.315508257529018,3.2037715760448258,282.0,45.0,54.4639035015027,33.691267160559505,-0.5387915683023761,pressure-coherent European sites
hoekvanholla-hvh-nl,Hoek v.H.,2005,-2,0.6939258277461336,0.44211565482456217,-12.715508257528995,3.3148826871559365,237.0,45.0,100.00049730464991,79.22786096370672,-0.5387915683023761,pressure-coherent European sites
hoekvanholla-hvh-nl,Hoek v.H.,2005,-1,0.7584934307719209,0.5066832578503494,-11.715508257528995,5.648216020489269,295.0,45.0,52.966675035520815,32.19403869457762,-0.5387915683023761,pressure-coherent European sites
hoekvanholla-hvh-nl,Hoek v.H.,2005,0,1.4193219001395962,1.1675117272180247,-10.315508257529018,5.8148826871559365,305.0,45.0,27.61702761419523,6.844391273252036,-0.5387915683023761,pressure-coherent European sites
hoekvanholla-hvh-nl,Hoek v.H.,2005,1,0.5309793450891065,0.279169172167535,0.7844917424710047,1.787104909378158,320.0,45.0,-6.421078297290984,-27.193714638234177,-0.5387915683023761,pressure-coherent European sites
hoekvanholla-hvh-nl,Hoek v.H.,2005,2,0.194764914163359,-0.05704525875821248,6.8844917424710275,3.3148826871559365,348.0,45.0,-55.68093640690661,-76.4535727478498,-0.5387915683023761,pressure-coherent European sites
hoekvanholla-hvh-nl,Hoek v.H.,2005,3,0.7032308577160993,0.4514206847945278,6.8844917424710275,2.8982160204892704,2.0,45.0,-68.7342686812628,-89.506905022206,-0.5387915683023761,pressure-coherent European sites
hoekvanholla-hvh-nl,Hoek v.H.,2006,-3,0.3995134033062604,0.1477032303846889,5.184491742470982,0.9259937982670481,317.0,45.0,-2.081151777126624,-22.85378811806982,-0.5387915683023761,pressure-coherent European sites
hoekvanholla-hvh-nl,Hoek v.H.,2006,-2,0.0593884005059921,-0.1924217724155794,-0.6155082575289725,0.8426604649337142,224.0,45.0,58.34373606960037,37.571099728657174,-0.5387915683023761,pressure-coherent European sites
hoekvanholla-hvh-nl,Hoek v.H.,2006,-1,0.4592158164165312,0.2074056434949597,-9.415508257528927,3.703771576044824,269.0,45.0,79.30721298733627,58.53457664639308,-0.5387915683023761,pressure-coherent European sites
hoekvanholla-hvh-nl,Hoek v.H.,2006,0,1.055754953039702,0.8039447801181304,-0.11550825752897254,5.89821602048927,329.0,45.0,-38.98545214050536,-59.75808848144855,-0.5387915683023761,pressure-coherent European sites
hoekvanholla-hvh-nl,Hoek v.H.,2006,1,0.1780189342263495,-0.07379123869522197,16.984491742470937,-1.1851173128440635,356.0,45.0,-20.655735045469633,-41.42837138641283,-0.5387915683023761,pressure-coherent European sites
hoekvanholla-hvh-nl,Hoek v.H.,2006,2,0.1686437834575426,-0.08316638946402888,17.684491742470982,-2.490672868399619,347.0,45.0,-9.823541916051497,-30.59617825699469,-0.5387915683023761,pressure-coherent European sites
hoekvanholla-hvh-nl,Hoek v.H.,2006,3,0.1550166384365555,-0.09679353448501599,17.584491742471073,0.06488268715593648,291.0,45.0,19.147064704792815,-1.6255716361503794,-0.5387915683023761,pressure-coherent European sites
hoekvanholla-hvh-nl,Hoek v.H.,2007,-3,0.4520276140386515,0.20021744111708,2.184491742470982,1.0093271316003811,213.0,45.0,59.59530301044909,38.8226666695059,-0.5387915683023761,pressure-coherent European sites
hoekvanholla-hvh-nl,Hoek v.H.,2007,-2,0.389986411443086,0.1381762385215145,-8.715508257528995,3.925993798267049,242.0,45.0,109.94257979897257,89.16994345802938,-0.5387915683023761,pressure-coherent European sites
hoekvanholla-hvh-nl,Hoek v.H.,2007,-1,0.6947395375616173,0.44292936464004584,-28.815508257529018,11.370438242711494,242.0,45.0,315.6071334888008,294.83449714785763,-0.5387915683023761,pressure-coherent European sites
hoekvanholla-hvh-nl,Hoek v.H.,2007,0,1.3669393520332374,1.115129179111666,-9.315508257529018,3.9815493538226026,230.0,45.0,115.71846807833622,94.94583173739302,-0.5387915683023761,pressure-coherent European sites
hoekvanholla-hvh-nl,Hoek v.H.,2007,1,0.5516248402279375,0.29981466730636597,-4.215508257528995,5.731549353822604,231.0,45.0,156.08545373441527,135.31281739347207,-0.5387915683023761,pressure-coherent European sites
hoekvanholla-hvh-nl,Hoek v.H.,2007,2,0.8470575765434717,0.5952474036219002,-11.51550825752895,7.203771576044826,253.0,45.0,173.05772820034971,152.28509185940652,-0.5387915683023761,pressure-coherent European sites
hoekvanholla-hvh-nl,Hoek v.H.,2007,3,0.5269263090349042,0.27511613611333274,-0.21550825752899527,0.48154935382260344,53.0,45.0,-52.45058743109287,-73.22322377203606,-0.5387915683023761,pressure-coherent European sites
hoekvanholla-hvh-nl,Hoek v.H.,2008,-3,0.6902011632605208,0.43839099033894935,-2.01550825752895,1.842660464933715,265.0,45.0,57.170204153480476,36.39756781253728,-0.5387915683023761,pressure-coherent European sites
hoekvanholla-hvh-nl,Hoek v.H.,2008,-2,0.2299033561872027,-0.021906816734368784,6.584491742471073,-2.9628950906218408,237.0,45.0,14.373335577449536,-6.399300763493658,-0.5387915683023761,pressure-coherent European sites
hoekvanholla-hvh-nl,Hoek v.H.,2008,-1,0.3107935014838402,0.05898332856226873,-16.815508257529018,6.648216020489269,236.0,45.0,177.43214312169437,156.65950678075117,-0.5387915683023761,pressure-coherent European sites
hoekvanholla-hvh-nl,Hoek v.H.,2008,0,1.1827635642910366,0.9309533913694651,-21.51550825752895,7.759327131600381,287.0,45.0,99.46421591319347,78.69157957225028,-0.5387915683023761,pressure-coherent European sites
hoekvanholla-hvh-nl,Hoek v.H.,2008,1,0.6170592888345501,0.3652491159129786,-9.115508257528973,5.342660464933715,255.0,45.0,127.61111522786301,106.83847888691982,-0.5387915683023761,pressure-coherent European sites
hoekvanholla-hvh-nl,Hoek v.H.,2008,2,0.469994970538679,0.21818479761710752,-4.715508257528995,2.6482160204892704,280.0,45.0,51.16160188439889,30.388965543455697,-0.5387915683023761,pressure-coherent European sites
hoekvanholla-hvh-nl,Hoek v.H.,2008,3,0.3771814072139701,0.1253712342923986,-0.7155082575289953,2.1482160204892704,342.0,45.0,-36.32064118440983,-57.093277525353024,-0.5387915683023761,pressure-coherent European sites
hoekvanholla-hvh-nl,Hoek v.H.,2009,-3,0.4251280113483376,0.17331783842676612,1.084491742471073,1.787104909378158,212.0,45.0,71.78536123129554,51.012724890352345,-0.5387915683023761,pressure-coherent European sites
hoekvanholla-hvh-nl,Hoek v.H.,2009,-2,0.1948472627233153,-0.056962910198256195,-1.6155082575289725,1.1204382427114918,184.0,45.0,47.300374732711916,26.52773839176872,-0.5387915683023761,pressure-coherent European sites
hoekvanholla-hvh-nl,Hoek v.H.,2009,-1,0.3450047808806989,0.09319460795912743,-10.715508257528995,4.9815493538226026,204.0,45.0,129.50258854472293,108.72995220377973,-0.5387915683023761,pressure-coherent European sites
hoekvanholla-hvh-nl,Hoek v.H.,2009,0,0.9961203758472694,0.7443102029256979,-17.615508257528973,6.175993798267049,243.0,45.0,160.04241094312792,139.26977460218473,-0.5387915683023761,pressure-coherent European sites
hoekvanholla-hvh-nl,Hoek v.H.,2009,1,0.8278448269346315,0.57603465401306,-8.51550825752895,3.9815493538226026,248.0,45.0,106.92629834733347,86.15366200639028,-0.5387915683023761,pressure-coherent European sites
hoekvanholla-hvh-nl,Hoek v.H.,2009,2,0.6351630574236125,0.38335288450204097,-11.115508257528973,4.953771576044824,203.0,45.0,128.00932092112706,107.23668458018386,-0.5387915683023761,pressure-coherent European sites
hoekvanholla-hvh-nl,Hoek v.H.,2009,3,0.5963230441099382,0.3445128711883667,-10.915508257528927,4.259327131600381,213.0,45.0,119.55439239709702,98.78175605615382,-0.5387915683023761,pressure-coherent European sites
hoekvanholla-hvh-nl,Hoek v.H.,2010,-3,0.0750717259929284,-0.1767384469286431,-37.41550825752893,0.6482160204892704,105.0,45.0,-27.709876543209877,-48.48251288415307,-0.5387915683023761,pressure-coherent European sites
hoekvanholla-hvh-nl,Hoek v.H.,2010,-2,0.4833581626515839,0.2315479897300124,-28.615508257528973,-0.8517839795107305,343.0,45.0,-16.58944420473969,-37.362080545682886,-0.5387915683023761,pressure-coherent European sites
hoekvanholla-hvh-nl,Hoek v.H.,2010,-1,0.3458529951794893,0.09404282225791782,-29.815508257529018,7.009327131600381,194.0,45.0,163.37039952093212,142.59776317998893,-0.5387915683023761,pressure-coherent European sites
hoekvanholla-hvh-nl,Hoek v.H.,2010,0,1.3737684487955923,1.1219582758740207,-26.915508257528927,7.203771576044826,255.0,45.0,169.74097914174996,148.96834280080677,-0.5387915683023761,pressure-coherent European sites
hoekvanholla-hvh-nl,Hoek v.H.,2010,1,0.9932694199665512,0.7414592470449797,-20.815508257529018,0.48154935382260344,261.0,45.0,42.850434075519985,22.07779773457679,-0.5387915683023761,pressure-coherent European sites
hoekvanholla-hvh-nl,Hoek v.H.,2010,2,0.4909193914914587,0.2391092185698872,-20.415508257528927,3.175993798267047,223.0,45.0,99.38463671068523,78.61200036974203,-0.5387915683023761,pressure-coherent European sites
hoekvanholla-hvh-nl,Hoek v.H.,2010,3,0.5138794355618762,0.2620692626403047,-6.6155082575289725,-0.6017839795107296,256.0,45.0,32.89048819183283,12.117851850889636,-0.5387915683023761,pressure-coherent European sites
hong-kong-b,Hong Kong,1980,-3,0.0801801390744784,-0.011087103384436414,-3.676128234566818,-1.8303060633715051,112.0,90.0,-7.887501540585517,3.3645205017895856,0.15917196717456508,weak/regime-dependent daily-local sites
hong-kong-b,Hong Kong,1980,-2,0.0035267210799146,-0.08774052137900021,-6.7761282345668405,-1.9136393967048386,309.0,90.0,6.238755079474013,17.490777121849117,0.15917196717456508,weak/regime-dependent daily-local sites
hong-kong-b,Hong Kong,1980,-1,0.0658104727706339,-0.02545676968828091,-9.176128234566818,2.1696939366284944,321.0,90.0,30.106862319043973,41.35888436141907,0.15917196717456508,weak/regime-dependent daily-local sites
hong-kong-b,Hong Kong,1980,0,0.4510056234334342,0.3597383809745194,-14.376128234566863,4.364138381072939,216.0,90.0,48.79343254832826,60.045454590703365,0.15917196717456508,weak/regime-dependent daily-local sites
hong-kong-b,Hong Kong,1980,1,0.43902898615391,0.3477617436949952,-3.976128234566886,1.6419161588507167,220.0,90.0,26.237241166989136,37.48926320936424,0.15917196717456508,weak/regime-dependent daily-local sites
hong-kong-b,Hong Kong,1980,2,-0.0926970048015121,-0.18396424726042693,-3.676128234566818,-0.05252828559372791,204.0,90.0,8.963584307783895,20.215606350159,0.15917196717456508,weak/regime-dependent daily-local sites
hong-kong-b,Hong Kong,1980,3,-0.0336391359737368,-0.12490637843265161,-5.7761282345668405,1.447471714406273,201.0,90.0,13.75098747140297,25.003009513778075,0.15917196717456508,weak/regime-dependent daily-local sites
hong-kong-b,Hong Kong,1981,-3,0.1621983547544465,0.07093111229553169,-8.076128234566909,1.364138381072939,94.0,90.0,-37.254706815258864,-26.00268477288376,0.15917196717456508,weak/regime-dependent daily-local sites
hong-kong-b,Hong Kong,1981,-2,0.1923730244146465,0.10110578195573168,-10.876128234566863,2.1696939366284944,92.0,90.0,-47.81113477315659,-36.559112730781486,0.15917196717456508,weak/regime-dependent daily-local sites
hong-kong-b,Hong Kong,1981,-1,0.1996291563819883,0.1083619139230735,-14.176128234566818,1.11413838107294,14.0,90.0,-8.310651785488282,2.9413702568868203,0.15917196717456508,weak/regime-dependent daily-local sites
hong-kong-b,Hong Kong,1981,0,0.428106340855812,0.3368390983968972,-15.676128234566818,2.447471714406272,359.0,90.0,0.9033370958483133,12.155359138223416,0.15917196717456508,weak/regime-dependent daily-local sites
hong-kong-b,Hong Kong,1981,1,0.1843671373291047,0.0930998948701899,-13.576128234566909,-0.1914171744826163,351.0,90.0,3.2464979720077576,14.49852001438286,0.15917196717456508,weak/regime-dependent daily-local sites
hong-kong-b,Hong Kong,1981,2,0.1654311211248511,0.07416387866593628,-11.876128234566863,-1.5525282855937275,356.0,90.0,0.7118282139398615,11.963850256314965,0.15917196717456508,weak/regime-dependent daily-local sites
hong-kong-b,Hong Kong,1981,3,0.1022060835377598,0.01093884107884499,-8.876128234566863,-1.6914171744826163,128.0,90.0,-7.357199165618314,3.8948228767567885,0.15917196717456508,weak/regime-dependent daily-local sites
hong-kong-b,Hong Kong,1982,-3,0.086959761313041,-0.004307481145873801,-7.676128234566818,-0.6080838411492824,143.0,90.0,-10.309332815585359,0.942689226789744,0.15917196717456508,weak/regime-dependent daily-local sites
hong-kong-b,Hong Kong,1982,-2,0.1096957798761823,0.018428537417267493,-8.376128234566863,-0.552528285593727,108.0,90.0,-16.732283663615586,-5.4802616212404835,0.15917196717456508,weak/regime-dependent daily-local sites
hong-kong-b,Hong Kong,1982,-1,0.1635707279576074,0.0723034854986926,-10.976128234566886,3.4752494921840515,111.0,90.0,-63.11464710492195,-51.86262506254685,0.15917196717456508,weak/regime-dependent daily-local sites
hong-kong-b,Hong Kong,1982,0,0.3612364920728659,0.2699692496139511,-8.676128234566818,1.697471714406272,126.0,90.0,-33.59917492688052,-22.34715288450542,0.15917196717456508,weak/regime-dependent daily-local sites
hong-kong-b,Hong Kong,1982,1,0.1838627153086073,0.09259547284969248,-4.876128234566863,0.030805047739606017,154.0,90.0,-10.00676852361733,1.2452535187577727,0.15917196717456508,weak/regime-dependent daily-local sites
hong-kong-b,Hong Kong,1982,2,0.0520746048663595,-0.039192637592555306,-2.676128234566818,-0.27475050781594934,153.0,90.0,-9.080160296102463,2.17186174627264,0.15917196717456508,weak/regime-dependent daily-local sites
hong-kong-b,Hong Kong,1982,3,0.034120914543177,-0.05714632791573781,-3.3761282345668633,-0.6358616189270601,129.0,90.0,-13.134726188081402,-1.882704145706299,0.15917196717456508,weak/regime-dependent daily-local sites
hong-kong-b,Hong Kong,1983,-3,0.196286466192013,0.1050192237330982,2.1238717654331367,0.9752494921840507,84.0,90.0,-32.56445304926547,-21.312431006890364,0.15917196717456508,weak/regime-dependent daily-local sites
hong-kong-b,Hong Kong,1983,-2,0.1908102178282829,0.09954297536936808,-1.8761282345668633,-0.27475050781594934,66.0,90.0,-18.271614049038472,-7.01959200666337,0.15917196717456508,weak/regime-dependent daily-local sites
hong-kong-b,Hong Kong,1983,-1,0.4408006913942383,0.34953344893532345,-5.2761282345668405,2.3363606032951614,54.0,90.0,-40.59130405804857,-29.33928201567347,0.15917196717456508,weak/regime-dependent daily-local sites
hong-kong-b,Hong Kong,1983,0,0.4992061763670133,0.4079389339080985,-7.676128234566818,6.947471714406273,105.0,90.0,-132.1000458158185,-120.8480237734434,0.15917196717456508,weak/regime-dependent daily-local sites
hong-kong-b,Hong Kong,1983,1,-0.3395968281679398,-0.4308640706268546,-1.1761282345668178,0.7252494921840507,140.0,90.0,-19.248413845929715,-7.996391803554612,0.15917196717456508,weak/regime-dependent daily-local sites
hong-kong-b,Hong Kong,1983,2,0.0133520365115214,-0.0779152059473934,0.42387176543309124,-0.10808384114928327,96.0,90.0,-21.401405200560006,-10.149383158184904,0.15917196717456508,weak/regime-dependent daily-local sites
hong-kong-b,Hong Kong,1983,3,0.0960116811498748,0.004744438690959987,-0.27612823456684055,-0.38586161892706095,106.0,90.0,-18.28251507961699,-7.030493037241886,0.15917196717456508,weak/regime-dependent daily-local sites
hong-kong-b,Hong Kong,1984,-3,0.1796542977201158,0.08838705526120098,-11.77612823456684,-0.8580838411492828,113.0,90.0,-13.921215376286906,-2.669193333911803,0.15917196717456508,weak/regime-dependent daily-local sites
hong-kong-b,Hong Kong,1984,-2,0.2196845337355025,0.1284172912765877,-10.576128234566909,-0.3303060633715047,3.0,90.0,-1.0209145908779822,10.23110745149712,0.15917196717456508,weak/regime-dependent daily-local sites
hong-kong-b,Hong Kong,1984,-1,0.3473769429863175,0.2561097005274027,-12.376128234566863,0.8919161588507176,20.0,90.0,-10.87523772091627,0.37678432145883356,0.15917196717456508,weak/regime-dependent daily-local sites
hong-kong-b,Hong Kong,1984,0,0.4660274078196175,0.37476016536070267,-11.27612823456684,2.697471714406273,70.0,90.0,-52.077533021085706,-40.825510978710604,0.15917196717456508,weak/regime-dependent daily-local sites
hong-kong-b,Hong Kong,1984,1,0.3834902341530506,0.2922229916941358,-11.076128234566909,0.058582825517383696,86.0,90.0,-23.0371099230141,-11.785087880638997,0.15917196717456508,weak/regime-dependent daily-local sites
hong-kong-b,Hong Kong,1984,2,0.2446941949077202,0.1534269524488054,-17.176128234566818,4.4752494921840515,81.0,90.0,-84.00228368345562,-72.75026164108051,0.15917196717456508,weak/regime-dependent daily-local sites
hong-kong-b,Hong Kong,1984,3,0.0913658348499954,9.859239108059303e-05,-16.27612823456684,2.6419161588507176,283.0,90.0,53.19639529625317,64.44841733862827,0.15917196717456508,weak/regime-dependent daily-local sites
hong-kong-b,Hong Kong,1985,-3,0.1987785353494339,0.1075112928905191,-10.27612823456684,1.780805047739606,96.0,90.0,-42.37845036397599,-31.12642832160089,0.15917196717456508,weak/regime-dependent daily-local sites
hong-kong-b,Hong Kong,1985,-2,0.1006869307175253,0.00941968825861049,-18.27612823456684,0.5585828255173846,314.0,90.0,20.2486383149339,31.500660357309002,0.15917196717456508,weak/regime-dependent daily-local sites
hong-kong-b,Hong Kong,1985,-1,0.3387037860595443,0.2474365436006295,-26.176128234566818,4.141916158850718,339.0,90.0,28.31549230975216,39.56751435212726,0.15917196717456508,weak/regime-dependent daily-local sites
hong-kong-b,Hong Kong,1985,0,0.7420551332733829,0.6507878908144681,-25.976128234566886,4.447471714406273,235.0,90.0,69.24931876878566,80.50134081116076,0.15917196717456508,weak/regime-dependent daily-local sites
hong-kong-b,Hong Kong,1985,1,0.4999665065659994,0.40869926410708457,-16.77612823456684,2.36413838107294,244.0,90.0,45.450128563473925,56.70215060584903,0.15917196717456508,weak/regime-dependent daily-local sites
hong-kong-b,Hong Kong,1985,2,-0.0371142825879751,-0.1283815250468899,-12.376128234566863,0.3085828255173837,232.0,90.0,20.14048472412736,31.392506766502464,0.15917196717456508,weak/regime-dependent daily-local sites
hong-kong-b,Hong Kong,1985,3,0.0573127222108309,-0.03395452024808391,-14.676128234566818,-0.5803060633715047,201.0,90.0,6.221665790717023,17.473687833092125,0.15917196717456508,weak/regime-dependent daily-local sites
hong-kong-b,Hong Kong,1986,-3,0.0243366747131535,-0.06693056774576131,-8.676128234566818,-1.5803060633715051,167.0,90.0,-2.2557591838370916,8.99626285853801,0.15917196717456508,weak/regime-dependent daily-local sites
hong-kong-b,Hong Kong,1986,-2,0.0626501733758466,-0.028617069083068214,-11.27612823456684,-2.5247505078159493,342.0,90.0,1.5260098487651736,12.778031891140277,0.15917196717456508,weak/regime-dependent daily-local sites
hong-kong-b,Hong Kong,1986,-1,0.1971081551682318,0.10584091270931699,-19.57612823456691,2.3085828255173837,325.0,90.0,28.553130684895148,39.805152727270254,0.15917196717456508,weak/regime-dependent daily-local sites
hong-kong-b,Hong Kong,1986,0,0.7417364789855208,0.6504692365266059,-26.176128234566818,7.169693936628494,195.0,90.0,36.75410175903784,48.00612380141294,0.15917196717456508,weak/regime-dependent daily-local sites
hong-kong-b,Hong Kong,1986,1,0.6444790460538092,0.5532118035948944,-16.376128234566863,7.197471714406273,189.0,90.0,22.31846650149589,33.570488543870994,0.15917196717456508,weak/regime-dependent daily-local sites
hong-kong-b,Hong Kong,1986,2,0.2535301200149662,0.1622628775560514,-5.7761282345668405,1.0585828255173837,151.0,90.0,-16.340253874984757,-5.0882318326096545,0.15917196717456508,weak/regime-dependent daily-local sites
hong-kong-b,Hong Kong,1986,3,-0.0013142082143179,-0.0925814506732327,-4.976128234566886,0.11413838107293905,127.0,90.0,-18.872077542591306,-7.620055500216203,0.15917196717456508,weak/regime-dependent daily-local sites
hong-kong-b,Hong Kong,1987,-3,0.0664974427488281,-0.024769799710086707,-0.3761282345668633,-1.0247505078159493,70.0,90.0,-13.019383255271427,-1.7673612128963239,0.15917196717456508,weak/regime-dependent daily-local sites
hong-kong-b,Hong Kong,1987,-2,0.0924406489195801,0.0011734064606652994,-2.2761282345668405,5.253027269961828,20.0,90.0,-34.202014332566876,-22.949992290191773,0.15917196717456508,weak/regime-dependent daily-local sites
hong-kong-b,Hong Kong,1987,-1,0.3098886897220161,0.2186214472631013,0.12387176543313672,6.641916158850718,15.0,90.0,-33.57058756306617,-22.318565520691067,0.15917196717456508,weak/regime-dependent daily-local sites
hong-kong-b,Hong Kong,1987,0,0.5986146858174098,0.507347443358495,11.123871765433137,4.558582825517384,359.0,90.0,1.511262586747022,12.763284629122126,0.15917196717456508,weak/regime-dependent daily-local sites
hong-kong-b,Hong Kong,1987,1,0.1344183609284577,0.04315111846954288,11.323871765433182,2.5863606032951614,5.0,90.0,-4.687042165540731,6.5649798768343715,0.15917196717456508,weak/regime-dependent daily-local sites
hong-kong-b,Hong Kong,1987,2,0.1619433753285348,0.07067613286962,10.923871765433091,2.6419161588507176,9.0,90.0,-8.54064583980446,2.7113762025706425,0.15917196717456508,weak/regime-dependent daily-local sites
hong-kong-b,Hong Kong,1987,3,0.3036263528090866,0.2123591103501718,11.22387176543316,0.697471714406273,13.0,90.0,-6.667993598513827,4.584028443861276,0.15917196717456508,weak/regime-dependent daily-local sites
hong-kong-b,Hong Kong,1988,-3,0.0128975708123562,-0.07836967164655861,-6.176128234566818,-2.163639396704838,283.0,90.0,6.5025668906847995,17.754588933059903,0.15917196717456508,weak/regime-dependent daily-local sites
hong-kong-b,Hong Kong,1988,-2,-0.0161573603194688,-0.10742460277838362,-11.376128234566863,0.5030272699618275,82.0,90.0,-27.294263644689522,-16.04224160231442,0.15917196717456508,weak/regime-dependent daily-local sites
hong-kong-b,Hong Kong,1988,-1,0.1602428495208238,0.06897560706190899,-15.476128234566886,5.280805047739607,210.0,90.0,50.27816358024694,61.53018562262204,0.15917196717456508,weak/regime-dependent daily-local sites
hong-kong-b,Hong Kong,1988,0,0.6315429157399203,0.5402756732810055,-6.576128234566909,1.3085828255173837,202.0,90.0,13.73673128510633,24.988753327481433,0.15917196717456508,weak/regime-dependent daily-local sites
hong-kong-b,Hong Kong,1988,1,-0.0428688226497229,-0.1341360651086377,-4.7761282345668405,0.530805047739606,199.0,90.0,9.068680845604444,20.320702887979547,0.15917196717456508,weak/regime-dependent daily-local sites
hong-kong-b,Hong Kong,1988,2,-0.0493073869551036,-0.1405746294140184,-5.376128234566863,-0.8580838411492828,203.0,90.0,5.909205338263706,17.16122738063881,0.15917196717456508,weak/regime-dependent daily-local sites
hong-kong-b,Hong Kong,1988,3,-0.0095502496571372,-0.10081749211605201,-4.076128234566909,-0.16363939670483862,203.0,90.0,8.208067108889253,19.460089151264356,0.15917196717456508,weak/regime-dependent daily-local sites
hong-kong-b,Hong Kong,1989,-3,0.0234358090411275,-0.0678314334177873,-6.576128234566909,-2.441417174482616,198.0,90.0,1.6426065387723863,12.894628581147488,0.15917196717456508,weak/regime-dependent daily-local sites
hong-kong-b,Hong Kong,1989,-2,0.0420294744082919,-0.04923776805062291,-12.876128234566863,-1.9136393967048386,129.0,90.0,-6.238755079474016,5.013266962901087,0.15917196717456508,weak/regime-dependent daily-local sites
hong-kong-b,Hong Kong,1989,-1,0.2870523547487996,0.19578511228988477,-19.176128234566818,9.141916158850718,96.0,90.0,-191.844501421349,-180.5924793789739,0.15917196717456508,weak/regime-dependent daily-local sites
hong-kong-b,Hong Kong,1989,0,1.006258775634947,0.9149915331760322,-15.876128234566863,7.197471714406273,114.0,90.0,-130.3353048750902,-119.0832828327151,0.15917196717456508,weak/regime-dependent daily-local sites
hong-kong-b,Hong Kong,1989,1,0.0595383581558777,-0.03172888430303711,-5.176128234566818,1.0585828255173837,132.0,90.0,-25.04730642104788,-13.795284378672779,0.15917196717456508,weak/regime-dependent daily-local sites
hong-kong-b,Hong Kong,1989,2,-0.0285029764607666,-0.11977021891968141,-5.076128234566909,-1.8025282855937275,145.0,90.0,-4.972766079352122,6.2792559630229805,0.15917196717456508,weak/regime-dependent daily-local sites
hong-kong-b,Hong Kong,1989,3,0.1115386859649885,0.020271443506073697,-6.376128234566863,0.5585828255173846,102.0,90.0,-27.53379831972992,-16.28177627735482,0.15917196717456508,weak/regime-dependent daily-local sites
hong-kong-b,Hong Kong,1990,-3,0.1323802276301644,0.0411129851712496,-10.676128234566818,-1.4414171744826163,104.0,90.0,-10.602127916508014,0.649894125867089,0.15917196717456508,weak/regime-dependent daily-local sites
hong-kong-b,Hong Kong,1990,-2,0.2905952497931457,0.1993280073342309,-14.376128234566863,2.030805047739605,37.0,90.0,-27.646341989491003,-16.3943199471159,0.15917196717456508,weak/regime-dependent daily-local sites
hong-kong-b,Hong Kong,1990,-1,0.4463461347390694,0.3550788922801546,-20.57612823456691,4.308582825517384,52.0,90.0,-64.61931392770678,-53.36729188533168,0.15917196717456508,weak/regime-dependent daily-local sites
hong-kong-b,Hong Kong,1990,0,0.6964162159874523,0.6051489735285375,-16.57612823456691,2.6696939366284944,268.0,90.0,54.97343570012678,66.22545774250187,0.15917196717456508,weak/regime-dependent daily-local sites
hong-kong-b,Hong Kong,1990,1,0.2235586696071772,0.13229142714826242,-11.27612823456684,1.197471714406272,216.0,90.0,20.770226399680627,32.02224844205573,0.15917196717456508,weak/regime-dependent daily-local sites
hong-kong-b,Hong Kong,1990,2,-0.016059810133141,-0.1073270525920558,-12.876128234566863,0.6696939366284953,232.0,90.0,23.12045440269723,34.37247644507234,0.15917196717456508,weak/regime-dependent daily-local sites
hong-kong-b,Hong Kong,1990,3,0.0116882148306737,-0.07957902762824111,-11.676128234566818,-0.4136393967048386,232.0,90.0,14.797090817726223,26.049112860101324,0.15917196717456508,weak/regime-dependent daily-local sites
hong-kong-b,Hong Kong,1991,-3,0.1594637215674494,0.06819647910853459,0.523871765433114,-1.2747505078159493,136.0,90.0,-8.375028579029191,2.8769934633459116,0.15917196717456508,weak/regime-dependent daily-local sites
hong-kong-b,Hong Kong,1991,-2,0.1540411878309968,0.06277394537208199,-0.476128234566886,1.9752494921840498,5.0,90.0,-3.9384173752113085,7.313604667163794,0.15917196717456508,weak/regime-dependent daily-local sites
hong-kong-b,Hong Kong,1991,-1,0.2331990350538396,0.14193179259492478,0.7238717654331595,3.5030272699618283,6.0,90.0,-7.114468531154668,4.1375535112204345,0.15917196717456508,weak/regime-dependent daily-local sites
hong-kong-b,Hong Kong,1991,0,0.5212083606173897,0.4299411181584749,-0.6761282345668178,2.947471714406272,2.0,90.0,-2.066206390807254,9.185815651567848,0.15917196717456508,weak/regime-dependent daily-local sites
hong-kong-b,Hong Kong,1991,1,0.4299846815830201,0.3387174391241053,-3.2761282345668405,1.864138381072939,3.0,90.0,-2.2874366554207666,8.964585386954337,0.15917196717456508,weak/regime-dependent daily-local sites
hong-kong-b,Hong Kong,1991,2,0.2020976286213359,0.1108303861624211,-0.07612823456690876,0.864138381072939,1.0,90.0,-0.5494814755145979,10.702540566860504,0.15917196717456508,weak/regime-dependent daily-local sites
hong-kong-b,Hong Kong,1991,3,0.0973767652716509,0.006109522812736093,3.2238717654331595,0.530805047739606,10.0,90.0,-4.836959269889033,6.41506277248607,0.15917196717456508,weak/regime-dependent daily-local sites
hong-kong-b,Hong Kong,1992,-3,0.1594222943730687,0.0681550519141539,-10.076128234566909,0.6141383810729399,99.0,90.0,-28.387656634898374,-17.13563459252327,0.15917196717456508,weak/regime-dependent daily-local sites
hong-kong-b,Hong Kong,1992,-2,0.2172518822326689,0.12598463977375407,-11.376128234566863,1.864138381072939,91.0,90.0,-43.70013336762239,-32.44811132524729,0.15917196717456508,weak/regime-dependent daily-local sites
hong-kong-b,Hong Kong,1992,-1,0.2721981774687528,0.18093093500983798,-11.176128234566818,2.947471714406272,91.0,90.0,-59.195458180289144,-47.94343613791404,0.15917196717456508,weak/regime-dependent daily-local sites
hong-kong-b,Hong Kong,1992,0,0.4483341092065389,0.35706686674762406,-8.77612823456684,4.280805047739605,95.0,90.0,-81.19063656322577,-69.93861452085066,0.15917196717456508,weak/regime-dependent daily-local sites
hong-kong-b,Hong Kong,1992,1,0.3397233369688862,0.24845609450997136,-7.7761282345668405,-0.02475050781594934,148.0,90.0,-11.816872481743532,-0.5648504393684295,0.15917196717456508,weak/regime-dependent daily-local sites
hong-kong-b,Hong Kong,1992,2,0.1712437506474053,0.07997650818849049,-8.27612823456684,-0.8025282855937275,173.0,90.0,-1.8961214818066308,9.355900560568472,0.15917196717456508,weak/regime-dependent daily-local sites
hong-kong-b,Hong Kong,1992,3,0.0532033333214307,-0.03806390913748411,-7.876128234566863,0.030805047739606017,196.0,90.0,6.29201815932878,17.544040201703883,0.15917196717456508,weak/regime-dependent daily-local sites
hong-kong-b,Hong Kong,1993,-3,0.0950568241416661,0.0037895816827512863,-5.076128234566909,-0.8025282855937275,144.0,90.0,-9.145140298785053,2.1068817435900495,0.15917196717456508,weak/regime-dependent daily-local sites
hong-kong-b,Hong Kong,1993,-2,0.0761265899243161,-0.015140652534598703,-7.676128234566818,-1.9136393967048386,157.0,90.0,-3.136702670372224,8.11531937200288,0.15917196717456508,weak/regime-dependent daily-local sites
hong-kong-b,Hong Kong,1993,-1,0.1706868936520824,0.07941965119316759,-13.376128234566863,5.141916158850718,70.0,90.0,-91.89265739808864,-80.64063535571354,0.15917196717456508,weak/regime-dependent daily-local sites
hong-kong-b,Hong Kong,1993,0,0.6077359473919947,0.5164687049330798,-14.076128234566909,7.419693936628494,135.0,90.0,-104.67144547064198,-93.41942342826688,0.15917196717456508,weak/regime-dependent daily-local sites
hong-kong-b,Hong Kong,1993,1,-0.1414133816252725,-0.23268062408418733,-7.676128234566818,5.447471714406273,152.0,90.0,-48.79062910499138,-37.53860706261628,0.15917196717456508,weak/regime-dependent daily-local sites
hong-kong-b,Hong Kong,1993,2,0.5959390993337325,0.5046718568748176,-1.7761282345668405,1.9752494921840498,152.0,90.0,-21.214608489963652,-9.96258644758855,0.15917196717456508,weak/regime-dependent daily-local sites
hong-kong-b,Hong Kong,1993,3,0.0477950217133623,-0.04347222074555251,-0.7761282345668405,0.14191615885071762,136.0,90.0,-16.60319265689653,-5.3511706145214255,0.15917196717456508,weak/regime-dependent daily-local sites
hong-kong-b,Hong Kong,1994,-3,0.1312567675220248,0.03998952506311,5.123871765433137,0.8085828255173837,64.0,90.0,-27.74055698454219,-16.48853494216709,0.15917196717456508,weak/regime-dependent daily-local sites
hong-kong-b,Hong Kong,1994,-2,0.2000902996471701,0.10882305718825529,4.523871765433114,2.9196939366284953,7.0,90.0,-7.163209184591451,4.088812857783652,0.15917196717456508,weak/regime-dependent daily-local sites
hong-kong-b,Hong Kong,1994,-1,0.2990819231955331,0.2078146807366183,7.523871765433114,3.614138381072939,6.0,90.0,-7.307394522000523,3.9446275203745795,0.15917196717456508,weak/regime-dependent daily-local sites
hong-kong-b,Hong Kong,1994,0,0.4080121053149494,0.3167448628560346,7.2238717654331595,3.1419161588507167,12.0,90.0,-12.939294239658333,-1.6872721972832299,0.15917196717456508,weak/regime-dependent daily-local sites
hong-kong-b,Hong Kong,1994,1,0.2714633905969356,0.18019614813802076,7.323871765433182,1.780805047739606,18.0,90.0,-13.167795921571354,-1.9157738791962515,0.15917196717456508,weak/regime-dependent daily-local sites
hong-kong-b,Hong Kong,1994,2,0.2128510046306545,0.1215837621717397,7.023871765433114,0.8919161588507176,12.0,90.0,-6.610982150392785,4.6410398919823175,0.15917196717456508,weak/regime-dependent daily-local sites
hong-kong-b,Hong Kong,1994,3,0.1477808361644919,0.056513593705577084,5.423871765433091,0.25302726996182834,16.0,90.0,-6.89093389542498,4.361088146950123,0.15917196717456508,weak/regime-dependent daily-local sites
hong-kong-b,Hong Kong,1995,-3,0.1916202268148021,0.10035298435588728,-7.876128234566863,1.7252494921840507,112.0,90.0,-38.839416883160744,-27.58739484078564,0.15917196717456508,weak/regime-dependent daily-local sites
hong-kong-b,Hong Kong,1995,-2,0.1479821923179028,0.05671494985898799,-11.476128234566886,-1.4414171744826163,145.0,90.0,-6.267296230838857,4.984725811536245,0.15917196717456508,weak/regime-dependent daily-local sites
hong-kong-b,Hong Kong,1995,-1,0.2598261942088317,0.16855895174991686,-13.876128234566863,0.1696939366284944,303.0,90.0,20.273696159847372,31.525718202222475,0.15917196717456508,weak/regime-dependent daily-local sites
hong-kong-b,Hong Kong,1995,0,0.3964396944794956,0.3051724520205808,-12.976128234566886,2.4752494921840507,214.0,90.0,29.167777989677838,40.41980003205294,0.15917196717456508,weak/regime-dependent daily-local sites
hong-kong-b,Hong Kong,1995,1,0.0290134804025731,-0.062253762056341706,-5.676128234566818,0.8919161588507176,205.0,90.0,13.438021564870743,24.690043607245848,0.15917196717456508,weak/regime-dependent daily-local sites
hong-kong-b,Hong Kong,1995,2,-0.0275313211740516,-0.11879856363296641,-7.7761282345668405,0.6141383810729399,217.0,90.0,17.297073917739706,28.54909596011481,0.15917196717456508,weak/regime-dependent daily-local sites
hong-kong-b,Hong Kong,1995,3,0.0589358935886086,-0.032331348870306205,-7.876128234566863,0.39191615885071673,159.0,90.0,-9.463844963879549,1.7881770784955542,0.15917196717456508,weak/regime-dependent daily-local sites
hong-kong-b,Hong Kong,1996,-3,0.0696984729532368,-0.021568769505678,-4.576128234566909,-1.719194952260394,107.0,90.0,-8.766864819133353,2.4851572232417496,0.15917196717456508,weak/regime-dependent daily-local sites
hong-kong-b,Hong Kong,1996,-2,0.0968642363890469,0.005596993930132091,-5.176128234566818,-1.5525282855937275,92.0,90.0,-10.198259017999645,1.053763024375458,0.15917196717456508,weak/regime-dependent daily-local sites
hong-kong-b,Hong Kong,1996,-1,0.1503534379711619,0.0590861955122471,-9.976128234566886,8.003027269961828,68.0,90.0,-150.72532535801338,-139.47330331563828,0.15917196717456508,weak/regime-dependent daily-local sites
hong-kong-b,Hong Kong,1996,0,0.6534364851989366,0.5621692427400218,-4.876128234566863,3.5030272699618283,101.0,90.0,-66.81200017340663,-55.55997813103153,0.15917196717456508,weak/regime-dependent daily-local sites
hong-kong-b,Hong Kong,1996,1,-0.1807168110086308,-0.2719840534675456,-4.7761282345668405,-0.8303060633715051,94.0,90.0,-15.302909632110774,-4.050887589735671,0.15917196717456508,weak/regime-dependent daily-local sites
hong-kong-b,Hong Kong,1996,2,0.1818458619479321,0.09057861948901728,-7.176128234566818,0.864138381072939,86.0,90.0,-31.407873076236,-20.1558510338609,0.15917196717456508,weak/regime-dependent daily-local sites
hong-kong-b,Hong Kong,1996,3,0.3240611252116965,0.23279388275278168,-7.476128234566886,2.6696939366284944,87.0,90.0,-54.93155933882623,-43.67953729645113,0.15917196717456508,weak/regime-dependent daily-local sites
hong-kong-b,Hong Kong,1997,-3,0.1774578538104952,0.08619061135158039,-11.476128234566886,2.530805047739606,69.0,90.0,-49.448066972587895,-38.19604493021279,0.15917196717456508,weak/regime-dependent daily-local sites
hong-kong-b,Hong Kong,1997,-2,0.2967114884692985,0.2054442460103837,-15.77612823456684,4.364138381072939,77.0,90.0,-80.8847446372336,-69.63272259485849,0.15917196717456508,weak/regime-dependent daily-local sites
hong-kong-b,Hong Kong,1997,-1,0.4525715196093384,0.36130427715042357,-28.176128234566818,7.641916158850718,80.0,90.0,-151.1527924368645,-139.9007703944894,0.15917196717456508,weak/regime-dependent daily-local sites
hong-kong-b,Hong Kong,1997,0,0.6442166295084499,0.5529493870495351,-11.976128234566886,2.1419161588507176,213.0,90.0,25.84682037775018,37.09884242012528,0.15917196717456508,weak/regime-dependent daily-local sites
hong-kong-b,Hong Kong,1997,1,-0.113478916858637,-0.2047461593175518,-8.676128234566818,-0.469194952260394,196.0,90.0,5.043993464935146,16.296015507310248,0.15917196717456508,weak/regime-dependent daily-local sites
hong-kong-b,Hong Kong,1997,2,0.0091138857454497,-0.0821533567134651,-9.676128234566818,-0.9136393967048382,200.0,90.0,5.0257959949799655,16.27781803735507,0.15917196717456508,weak/regime-dependent daily-local sites
hong-kong-b,Hong Kong,1997,3,0.0111315281901228,-0.08013571426879201,-10.27612823456684,-0.3580838411492824,207.0,90.0,8.744921940970714,19.996943983345815,0.15917196717456508,weak/regime-dependent daily-local sites
hong-kong-b,Hong Kong,1998,-3,0.2160652593147298,0.124798016855815,-1.7761282345668405,0.058582825517383696,12.0,90.0,-4.801380396978951,6.450641645396152,0.15917196717456508,weak/regime-dependent daily-local sites
hong-kong-b,Hong Kong,1998,-2,0.3833334685211944,0.29206622606227955,-4.376128234566863,1.8363606032951614,17.0,90.0,-12.671470897045836,-1.4194488546707333,0.15917196717456508,weak/regime-dependent daily-local sites
hong-kong-b,Hong Kong,1998,-1,0.3369349006427653,0.2456676581838505,-9.876128234566863,4.836360603295162,349.0,90.0,17.523951137880573,28.775973180255676,0.15917196717456508,weak/regime-dependent daily-local sites
hong-kong-b,Hong Kong,1998,0,0.994137949128402,0.9028707066694872,-7.2761282345668405,4.641916158850716,346.0,90.0,21.325713766117623,32.577735808492726,0.15917196717456508,weak/regime-dependent daily-local sites
hong-kong-b,Hong Kong,1998,1,0.4268357539177058,0.33556851145879096,-0.1761282345668178,0.4474717144062721,332.0,90.0,12.6674005239659,23.919422566341005,0.15917196717456508,weak/regime-dependent daily-local sites
hong-kong-b,Hong Kong,1998,2,0.0487628498060626,-0.042504392652852205,2.323871765433182,-1.496972730038172,11.0,90.0,-2.0154200136647544,9.236602028710347,0.15917196717456508,weak/regime-dependent daily-local sites
hong-kong-b,Hong Kong,1998,3,0.0361782424896433,-0.05508899996927151,2.823871765433182,-1.8303060633715051,139.0,90.0,-5.581057711898412,5.670964330476691,0.15917196717456508,weak/regime-dependent daily-local sites
hong-kong-b,Hong Kong,1999,-3,0.3603192865433342,0.2690520440844194,-0.5761282345669088,1.7530272699618275,53.0,90.0,-33.74235029949811,-22.49032825712301,0.15917196717456508,weak/regime-dependent daily-local sites
hong-kong-b,Hong Kong,1999,-2,0.2739343509748569,0.1826671085159421,-1.976128234566886,2.2530272699618283,22.0,90.0,-18.355723077379693,-7.10370103500459,0.15917196717456508,weak/regime-dependent daily-local sites
hong-kong-b,Hong Kong,1999,-1,0.2223256418384594,0.1310583993795446,-4.876128234566863,3.864138381072939,38.0,90.0,-45.65205847129302,-34.400036428917915,0.15917196717456508,weak/regime-dependent daily-local sites
hong-kong-b,Hong Kong,1999,0,0.6026407114547838,0.511373468995869,-6.876128234566863,3.9752494921840498,32.0,90.0,-40.31475291384034,-29.062730871465234,0.15917196717456508,weak/regime-dependent daily-local sites
hong-kong-b,Hong Kong,1999,1,-0.0143888454438189,-0.1056560879027337,-3.176128234566818,-0.5803060633715047,253.0,90.0,16.602513124358254,27.854535166733356,0.15917196717456508,weak/regime-dependent daily-local sites
hong-kong-b,Hong Kong,1999,2,0.0548700091635175,-0.036397233295397305,-3.2761282345668405,-1.4414171744826163,235.0,90.0,8.950626619734884,20.202648662109986,0.15917196717456508,weak/regime-dependent daily-local sites
hong-kong-b,Hong Kong,1999,3,0.0731258422586662,-0.01814140020024861,-0.07612823456690876,-0.8303060633715051,94.0,90.0,-15.302909632110774,-4.050887589735671,0.15917196717456508,weak/regime-dependent daily-local sites
hong-kong-b,Hong Kong,2000,-3,0.2522565584792784,0.1609893160203636,1.523871765433114,3.0585828255173837,9.0,90.0,-9.5310353349087,1.7209867074664036,0.15917196717456508,weak/regime-dependent daily-local sites
hong-kong-b,Hong Kong,2000,-2,0.3381506949079895,0.24688345244907467,-1.8761282345668633,1.8085828255173837,7.0,90.0,-5.237372646831094,6.014649395544009,0.15917196717456508,weak/regime-dependent daily-local sites
hong-kong-b,Hong Kong,2000,-1,0.2594952502319246,0.16822800777300978,-3.0761282345669088,2.9196939366284953,353.0,90.0,7.1632091845914285,18.415231226966533,0.15917196717456508,weak/regime-dependent daily-local sites
hong-kong-b,Hong Kong,2000,0,0.526944499434491,0.43567725697557613,1.523871765433114,3.0585828255173837,1.0,90.0,-1.0633174881900833,10.18870455418502,0.15917196717456508,weak/regime-dependent daily-local sites
hong-kong-b,Hong Kong,2000,1,0.2532559752105627,0.16198873275164788,4.823871765433182,1.3085828255173837,9.0,90.0,-5.736413207231431,5.515608835143672,0.15917196717456508,weak/regime-dependent daily-local sites
hong-kong-b,Hong Kong,2000,2,0.1177597672231076,0.026492524764192796,4.123871765433137,-0.24697273003817166,17.0,90.0,-5.92052702063542,5.331495021739682,0.15917196717456508,weak/regime-dependent daily-local sites
hong-kong-b,Hong Kong,2000,3,0.121279897938497,0.030012655479582193,1.9238717654330912,-0.8580838411492828,26.0,90.0,-6.62968709650148,4.6223349458736225,0.15917196717456508,weak/regime-dependent daily-local sites
hong-kong-b,Hong Kong,2001,-3,0.1353047264498383,0.044037483990923484,-20.27612823456684,0.25302726996182834,327.0,90.0,13.615975875375671,24.867997917750774,0.15917196717456508,weak/regime-dependent daily-local sites
hong-kong-b,Hong Kong,2001,-2,0.3530108164406368,0.261743573981722,-31.476128234566886,5.058582825517384,320.0,90.0,61.80333430202931,73.05535634440442,0.15917196717456508,weak/regime-dependent daily-local sites
hong-kong-b,Hong Kong,2001,-1,0.3141268541439913,0.22285961168507645,-30.77612823456684,6.280805047739607,192.0,90.0,25.2845321590249,36.5365542014,0.15917196717456508,weak/regime-dependent daily-local sites
hong-kong-b,Hong Kong,2001,0,0.6623520300372183,0.5710847875783035,-9.676128234566818,2.8363606032951614,159.0,90.0,-20.608645765171044,-9.356623722795941,0.15917196717456508,weak/regime-dependent daily-local sites
hong-kong-b,Hong Kong,2001,1,-0.0108216008556338,-0.10208884331454861,-4.2761282345668405,0.08636060329516138,130.0,90.0,-17.89564935175168,-6.643627309376576,0.15917196717456508,weak/regime-dependent daily-local sites
hong-kong-b,Hong Kong,2001,2,0.036571702027838,-0.05469554043107681,-4.476128234566886,-1.6914171744826163,191.0,90.0,1.781472873500148,13.03349491587525,0.15917196717456508,weak/regime-dependent daily-local sites
hong-kong-b,Hong Kong,2001,3,-0.0068860852624837,-0.09815332772139851,-6.376128234566863,-0.8580838411492828,226.0,90.0,10.878904387837625,22.130926430212728,0.15917196717456508,weak/regime-dependent daily-local sites
hong-kong-b,Hong Kong,2002,-3,0.1251837027620388,0.033916460303123994,6.623871765433137,-0.302528285593727,14.0,90.0,-4.778704110610722,6.473317931764381,0.15917196717456508,weak/regime-dependent daily-local sites
hong-kong-b,Hong Kong,2002,-2,0.1442373415872856,0.05297009912837079,6.623871765433137,-0.3580838411492824,21.0,90.0,-6.9030073244204315,4.349014717954671,0.15917196717456508,weak/regime-dependent daily-local sites
hong-kong-b,Hong Kong,2002,-1,0.1426304374656094,0.051363195006694604,8.523871765433114,1.9752494921840498,18.0,90.0,-13.963943872356806,-2.711921829981703,0.15917196717456508,weak/regime-dependent daily-local sites
hong-kong-b,Hong Kong,2002,0,0.3851704498447392,0.29390320738582437,11.22387176543316,3.1419161588507167,15.0,90.0,-16.107491436565518,-4.855469394190415,0.15917196717456508,weak/regime-dependent daily-local sites
hong-kong-b,Hong Kong,2002,1,0.2396637343987318,0.14839649193981697,11.123871765433137,1.947471714406273,10.0,90.0,-7.7821449128649585,3.4698771295101443,0.15917196717456508,weak/regime-dependent daily-local sites
hong-kong-b,Hong Kong,2002,2,0.1427645056977726,0.051497263238857796,9.323871765433182,-0.8303060633715051,15.0,90.0,-3.9703560460518634,7.281665996323239,0.15917196717456508,weak/regime-dependent daily-local sites
hong-kong-b,Hong Kong,2002,3,0.0742093198612688,-0.017057922597646005,10.023871765433114,-1.1358616189270605,3.0,90.0,-0.6824673306371543,10.569554711737949,0.15917196717456508,weak/regime-dependent daily-local sites
hong-kong-b,Hong Kong,2003,-3,0.2033054026288687,0.1120381601699539,-6.376128234566863,2.2252494921840507,117.0,90.0,-43.31350465307976,-32.06148261070466,0.15917196717456508,weak/regime-dependent daily-local sites
hong-kong-b,Hong Kong,2003,-2,0.3501898816240966,0.25892263916518177,-7.976128234566886,0.8085828255173837,104.0,90.0,-29.947398959135693,-18.69537691676059,0.15917196717456508,weak/regime-dependent daily-local sites
hong-kong-b,Hong Kong,2003,-1,0.2531851910865995,0.16191794862768466,-12.27612823456684,8.114138381072939,96.0,90.0,-164.50205570077267,-153.25003365839757,0.15917196717456508,weak/regime-dependent daily-local sites
hong-kong-b,Hong Kong,2003,0,1.720692049715839,1.6294248072569242,-9.876128234566863,6.391916158850718,124.0,90.0,-102.8627088768698,-91.6106868344947,0.15917196717456508,weak/regime-dependent daily-local sites
hong-kong-b,Hong Kong,2003,1,0.0744799536845454,-0.016787288774369413,-2.2761282345668405,0.9196939366284944,154.0,90.0,-14.076584602449254,-2.824562560074151,0.15917196717456508,weak/regime-dependent daily-local sites
hong-kong-b,Hong Kong,2003,2,-0.0420107092865712,-0.133277951745486,-1.6761282345668178,-1.6636393967048386,167.0,90.0,-2.1385971763663285,9.113424866008774,0.15917196717456508,weak/regime-dependent daily-local sites
hong-kong-b,Hong Kong,2003,3,-0.0594571861499432,-0.150724428608858,-3.176128234566818,-1.7747505078159498,225.0,90.0,6.246655507565416,17.498677549940517,0.15917196717456508,weak/regime-dependent daily-local sites
hong-kong-b,Hong Kong,2004,-3,0.1010934572635087,0.009826214804593891,7.123871765433137,-0.9136393967048382,47.0,90.0,-10.7468363376817,0.5051857046934032,0.15917196717456508,weak/regime-dependent daily-local sites
hong-kong-b,Hong Kong,2004,-2,0.110130094104625,0.018862851645710194,3.7238717654331595,-0.9414171744826163,358.0,90.0,0.5054233438342877,11.75744538620939,0.15917196717456508,weak/regime-dependent daily-local sites
hong-kong-b,Hong Kong,2004,-1,0.1406247258612777,0.04935748340236289,-1.976128234566886,1.280805047739606,353.0,90.0,4.4280135120408755,15.680035554415978,0.15917196717456508,weak/regime-dependent daily-local sites
hong-kong-b,Hong Kong,2004,0,0.3618511435477455,0.2705839010888307,1.3238717654331822,2.2252494921840507,344.0,90.0,13.399250813137922,24.651272855513024,0.15917196717456508,weak/regime-dependent daily-local sites
hong-kong-b,Hong Kong,2004,1,0.1595218260877299,0.0682545836288151,7.523871765433114,1.11413838107294,20.0,90.0,-11.74928919830409,-0.49726715592898785,0.15917196717456508,weak/regime-dependent daily-local sites
hong-kong-b,Hong Kong,2004,2,0.1891489780938112,0.0978817356348964,11.423871765433091,-0.02475050781594934,6.0,90.0,-2.3309202071259163,8.921101835249186,0.15917196717456508,weak/regime-dependent daily-local sites
hong-kong-b,Hong Kong,2004,3,-0.0188963530114092,-0.110163595470324,10.523871765433114,0.697471714406273,14.0,90.0,-7.171042855985214,4.0809791863898885,0.15917196717456508,weak/regime-dependent daily-local sites
hong-kong-b,Hong Kong,2005,-3,0.0706615962424547,-0.020605646216460105,-6.476128234566886,0.4474717144062721,358.0,90.0,0.941667052615547,12.19368909499065,0.15917196717456508,weak/regime-dependent daily-local sites
hong-kong-b,Hong Kong,2005,-2,0.3049829860899751,0.21371574363106027,-7.076128234566909,2.197471714406273,7.0,90.0,-5.877186699708118,5.374835342666985,0.15917196717456508,weak/regime-dependent daily-local sites
hong-kong-b,Hong Kong,2005,-1,0.6041701699683846,0.5129029275094698,-6.876128234566863,5.447471714406273,69.0,90.0,-97.02393060530989,-85.77190856293478,0.15917196717456508,weak/regime-dependent daily-local sites
hong-kong-b,Hong Kong,2005,0,0.6904863242067848,0.59921908174787,-5.576128234566909,4.97524949218405,81.0,90.0,-93.35788713187064,-82.10586508949554,0.15917196717456508,weak/regime-dependent daily-local sites
hong-kong-b,Hong Kong,2005,1,-0.0179874190232644,-0.1092546614821792,-0.8761282345668633,2.5030272699618283,102.0,90.0,-51.41388326357066,-40.16186122119556,0.15917196717456508,weak/regime-dependent daily-local sites
hong-kong-b,Hong Kong,2005,2,0.2908873762347016,0.1996201337757868,2.7238717654331595,0.5863606032951614,103.0,90.0,-27.715415176113357,-16.463393133738254,0.15917196717456508,weak/regime-dependent daily-local sites
hong-kong-b,Hong Kong,2005,3,0.0784842551982744,-0.012782987260640408,0.9238717654330912,-1.3303060633715047,83.0,90.0,-11.586597784090712,-0.334575741715609,0.15917196717456508,weak/regime-dependent daily-local sites
hong-kong-b,Hong Kong,2006,-3,0.3099589558665422,0.21869171340762739,-2.8761282345668633,-0.0803060633715047,47.0,90.0,-15.927258390817492,-4.6752363484423896,0.15917196717456508,weak/regime-dependent daily-local sites
hong-kong-b,Hong Kong,2006,-2,0.2645722047408631,0.1733049622819483,-9.976128234566886,4.836360603295162,11.0,90.0,-17.523951137880598,-6.271929095505495,0.15917196717456508,weak/regime-dependent daily-local sites
hong-kong-b,Hong Kong,2006,-1,0.5184301174109035,0.4271628749519887,-13.476128234566886,5.447471714406273,349.0,90.0,19.830148748666215,31.082170791041317,0.15917196717456508,weak/regime-dependent daily-local sites
hong-kong-b,Hong Kong,2006,0,1.0526100686558617,0.9613428261969469,-5.576128234566909,-0.0803060633715047,315.0,90.0,15.399214345840372,26.651236388215473,0.15917196717456508,weak/regime-dependent daily-local sites
hong-kong-b,Hong Kong,2006,1,-0.0346566876721083,-0.1259239301310231,-3.476128234566886,-1.3303060633715047,95.0,90.0,-11.629189496473781,-0.3771674540986787,0.15917196717456508,weak/regime-dependent daily-local sites
hong-kong-b,Hong Kong,2006,2,0.1349427074661044,0.04367546500718959,-0.8761282345668633,0.19747171440627298,108.0,90.0,-23.250983535721954,-11.998961493346851,0.15917196717456508,weak/regime-dependent daily-local sites
hong-kong-b,Hong Kong,2006,3,0.0660266736859912,-0.025240568772923605,-3.0761282345669088,2.280805047739606,131.0,90.0,-37.27484993864152,-26.02282789626642,0.15917196717456508,weak/regime-dependent daily-local sites
hong-kong-b,Hong Kong,2007,-3,0.1997422794722144,0.1084750370132996,-3.976128234566886,-0.1914171744826163,9.0,90.0,-3.246497972007755,8.005524070367347,0.15917196717456508,weak/regime-dependent daily-local sites
hong-kong-b,Hong Kong,2007,-2,0.2719771953276513,0.18070995286873648,-7.2761282345668405,1.1419161588507167,359.0,90.0,0.6052322183003622,11.857254260675465,0.15917196717456508,weak/regime-dependent daily-local sites
hong-kong-b,Hong Kong,2007,-1,0.3581248683562885,0.26685762589737366,-9.376128234566863,3.3363606032951623,81.0,90.0,-64.5358305323587,-53.2838084899836,0.15917196717456508,weak/regime-dependent daily-local sites
hong-kong-b,Hong Kong,2007,0,0.5746440842729574,0.4833768418140426,-6.976128234566886,2.0030272699618283,98.0,90.0,-45.1190888820378,-33.8670668396627,0.15917196717456508,weak/regime-dependent daily-local sites
hong-kong-b,Hong Kong,2007,1,0.071024665764785,-0.020242576694129807,-0.7761282345668405,0.25302726996182834,102.0,90.0,-24.453690018345142,-13.20166797597004,0.15917196717456508,weak/regime-dependent daily-local sites
hong-kong-b,Hong Kong,2007,2,0.1509852617340395,0.0597180192751247,-1.1761282345668178,0.19747171440627298,83.0,90.0,-24.265302676391702,-13.0132806340166,0.15917196717456508,weak/regime-dependent daily-local sites
hong-kong-b,Hong Kong,2007,3,0.1176991178290728,0.026431875370157995,-2.5761282345669088,-1.8303060633715051,68.0,90.0,-7.887501540585517,3.3645205017895856,0.15917196717456508,weak/regime-dependent daily-local sites
hong-kong-b,Hong Kong,2008,-3,0.029720052912164,-0.061547189546750806,-13.076128234566909,-1.0247505078159493,333.0,90.0,6.2900103497865,17.5420323921616,0.15917196717456508,weak/regime-dependent daily-local sites
hong-kong-b,Hong Kong,2008,-2,0.3840037423345273,0.29273649987561245,-17.176128234566818,10.391916158850718,108.0,90.0,-217.96879764858645,-206.71677560621134,0.15917196717456508,weak/regime-dependent daily-local sites
hong-kong-b,Hong Kong,2008,-1,0.5113791200569614,0.4201118775980466,-7.2761282345668405,4.364138381072939,136.0,90.0,-57.66522077736169,-46.41319873498659,0.15917196717456508,weak/regime-dependent daily-local sites
hong-kong-b,Hong Kong,2008,0,0.8440024244029578,0.752735181944043,-4.2761282345668405,-0.0803060633715047,100.0,90.0,-21.446924398932534,-10.194902356557431,0.15917196717456508,weak/regime-dependent daily-local sites
hong-kong-b,Hong Kong,2008,1,0.1365321638236007,0.04526492136468589,-4.376128234566863,-0.8025282855937275,63.0,90.0,-13.86285150751099,-2.610829465135888,0.15917196717456508,weak/regime-dependent daily-local sites
hong-kong-b,Hong Kong,2008,2,0.2260381536666378,0.134770911207723,-3.5761282345669088,-0.4414171744826163,5.0,90.0,-1.6156764811053155,9.636345561269787,0.15917196717456508,weak/regime-dependent daily-local sites
hong-kong-b,Hong Kong,2008,3,0.3143799484793533,0.22311270602043848,-6.576128234566909,0.697471714406273,6.0,90.0,-3.0984301272300763,8.153591915145027,0.15917196717456508,weak/regime-dependent daily-local sites
hong-kong-b,Hong Kong,2009,-3,0.2005878091398792,0.10932056668096439,-3.176128234566818,-0.8580838411492828,67.0,90.0,-13.921215376286908,-2.669193333911805,0.15917196717456508,weak/regime-dependent daily-local sites
hong-kong-b,Hong Kong,2009,-2,0.2271688971014848,0.13590165464256998,-5.676128234566818,-0.719194952260394,136.0,90.0,-11.269438455941676,-0.017416413566573752,0.15917196717456508,weak/regime-dependent daily-local sites
hong-kong-b,Hong Kong,2009,-1,0.3796451493461559,0.2883779068872411,-8.076128234566909,0.6419161588507167,43.0,90.0,-19.805316573543358,-8.553294531168255,0.15917196717456508,weak/regime-dependent daily-local sites
hong-kong-b,Hong Kong,2009,0,0.593643108301016,0.5023758658421011,-7.076128234566909,0.8085828255173837,28.0,90.0,-14.489863048947248,-3.237841006572145,0.15917196717456508,weak/regime-dependent daily-local sites
hong-kong-b,Hong Kong,2009,1,0.2725204365778509,0.1812531941189361,-6.476128234566886,2.4196939366284953,60.0,90.0,-44.48002698881742,-33.22800494644232,0.15917196717456508,weak/regime-dependent daily-local sites
hong-kong-b,Hong Kong,2009,2,0.2169759011469992,0.1257086586880844,-2.476128234566886,-0.02475050781594934,58.0,90.0,-18.910949057809194,-7.658927015434092,0.15917196717456508,weak/regime-dependent daily-local sites
hong-kong-b,Hong Kong,2009,3,0.1662008807234054,0.07493363826449058,-1.476128234566886,-1.6636393967048386,13.0,90.0,-2.138597176366328,9.113424866008774,0.15917196717456508,weak/regime-dependent daily-local sites
hong-kong-b,Hong Kong,2010,-3,0.3025969081798407,0.21132966572092587,-3.7761282345668405,1.0585828255173837,2.0,90.0,-1.1762692248934778,10.075752817481625,0.15917196717456508,weak/regime-dependent daily-local sites
hong-kong-b,Hong Kong,2010,-2,0.3713062972821875,0.2800390548232727,-6.576128234566909,2.2530272699618283,360.0,90.0,9.001153973733046e-15,11.252022042375112,0.15917196717456508,weak/regime-dependent daily-local sites
hong-kong-b,Hong Kong,2010,-1,0.5223971975710341,0.43112995511211927,-8.176128234566818,3.364138381072939,9.0,90.0,-10.29184276789371,0.9601792744813924,0.15917196717456508,weak/regime-dependent daily-local sites
hong-kong-b,Hong Kong,2010,0,0.6198960899038835,0.5286288474449686,-6.7761282345668405,1.280805047739606,341.0,90.0,11.829227488605747,23.08124953098085,0.15917196717456508,weak/regime-dependent daily-local sites
hong-kong-b,Hong Kong,2010,1,0.0845982786714379,-0.006668963787476903,-7.7761282345668405,0.8363606032951623,316.0,90.0,21.65500989576695,32.907031938142055,0.15917196717456508,weak/regime-dependent daily-local sites
hong-kong-b,Hong Kong,2010,2,0.0827713867714166,-0.008495855687498208,-4.7761282345668405,-0.6358616189270601,3.0,90.0,-0.8845422727974099,10.367479769577693,0.15917196717456508,weak/regime-dependent daily-local sites
hong-kong-b,Hong Kong,2010,3,0.0725192736434455,-0.018747968815469307,-1.3761282345668633,0.5863606032951614,13.0,90.0,-6.398607768003272,4.853414274371831,0.15917196717456508,weak/regime-dependent daily-local sites
newlyn-p001-uk,Newlyn,1980,-3,0.0801978072969271,-0.006836131368905735,-8.970122758986122,-4.301681925677332,173.0,45.0,15.051402919921415,-17.49514058040822,-0.8311444855154034,pressure-coherent European sites
newlyn-p001-uk,Newlyn,1980,-2,0.2243680214336138,0.13733408276778097,-18.670122758986167,4.587206963211555,155.0,45.0,65.44935464918142,32.90281114885178,-0.8311444855154034,pressure-coherent European sites
newlyn-p001-uk,Newlyn,1980,-1,0.296702960619212,0.20966902195337914,-20.970122758986122,8.781651407656001,169.0,45.0,181.73812510399844,149.1915816036688,-0.8311444855154034,pressure-coherent European sites
newlyn-p001-uk,Newlyn,1980,0,0.4133153312693044,0.32628139260347155,-33.77012275898619,11.364984740989334,247.0,45.0,393.8842991556395,361.3377556553099,-0.8311444855154034,pressure-coherent European sites
newlyn-p001-uk,Newlyn,1980,1,0.2060094384727093,0.11897549980687647,-21.77012275898619,5.948318074322668,271.0,45.0,160.3765712705758,127.83002777024616,-0.8311444855154034,pressure-coherent European sites
newlyn-p001-uk,Newlyn,1980,2,0.3535624840932883,0.2665285454274554,-17.970122758986122,2.6427625187671104,255.0,45.0,122.40894873985229,89.86240523952266,-0.8311444855154034,pressure-coherent European sites
newlyn-p001-uk,Newlyn,1980,3,0.2763948335699313,0.18936089490409844,-14.470122758986122,-4.496126370121777,288.0,45.0,10.24316065037353,-22.3033828499561,-0.8311444855154034,pressure-coherent European sites
newlyn-p001-uk,Newlyn,1981,-3,0.2355610752932306,0.14852713662739775,-22.170122758986167,1.5316514076559997,149.0,45.0,28.10176686046015,-4.444776639869485,-0.8311444855154034,pressure-coherent European sites
newlyn-p001-uk,Newlyn,1981,-2,0.3843512562710868,0.29731731760525393,-36.27012275898619,3.5594291854337783,136.0,45.0,2.8618849293657207,-29.68465857096391,-0.8311444855154034,pressure-coherent European sites
newlyn-p001-uk,Newlyn,1981,-1,0.4250994116416482,0.33806547297581535,-46.97012275898612,3.0316514076560015,196.0,45.0,131.84352196418283,99.2969784638532,-0.8311444855154034,pressure-coherent European sites
newlyn-p001-uk,Newlyn,1981,0,0.6192634974492746,0.5322295587834417,-46.77012275898619,5.003873629878221,216.0,45.0,200.5624636621001,168.01592016177045,-0.8311444855154034,pressure-coherent European sites
newlyn-p001-uk,Newlyn,1981,1,0.293561956739638,0.20652801807380514,-32.67012275898617,-0.1905708145662217,229.0,45.0,81.80333102269529,49.256787522365656,-0.8311444855154034,pressure-coherent European sites
newlyn-p001-uk,Newlyn,1981,2,0.2170133783727899,0.12997943970695705,-21.370122758986213,2.1983180743226676,315.0,45.0,5.082354290506272e-14,-32.546543500329584,-0.8311444855154034,pressure-coherent European sites
newlyn-p001-uk,Newlyn,1981,3,0.1503523950689209,0.06331845640308806,-6.970122758986122,3.5594291854337783,205.0,45.0,154.0929131651559,121.54636966482626,-0.8311444855154034,pressure-coherent European sites
newlyn-p001-uk,Newlyn,1982,-3,0.0360056074524448,-0.05102833121338804,4.129877241013787,-1.662793036788444,198.0,45.0,51.23906268613801,18.69251918580838,-0.8311444855154034,pressure-coherent European sites
newlyn-p001-uk,Newlyn,1982,-2,0.1456110796696854,0.058577141003852556,-8.070122758986145,1.8649847409893336,159.0,45.0,50.21440037972843,17.667856879398798,-0.8311444855154034,pressure-coherent European sites
newlyn-p001-uk,Newlyn,1982,-1,0.2533111700682781,0.16627723140244524,-29.570122758986145,4.559429185433778,112.0,45.0,-74.47076027546841,-107.01730377579804,-0.8311444855154034,pressure-coherent European sites
newlyn-p001-uk,Newlyn,1982,0,0.466507953839088,0.3794740151732552,-40.77012275898619,7.2816514076560015,123.0,45.0,-56.794703967405304,-89.34124746773495,-0.8311444855154034,pressure-coherent European sites
newlyn-p001-uk,Newlyn,1982,1,0.4341426024659841,0.34710866380015126,-35.77012275898619,0.7816514076560015,289.0,45.0,44.080992454243386,11.534448953913753,-0.8311444855154034,pressure-coherent European sites
newlyn-p001-uk,Newlyn,1982,2,0.2439417292741967,0.15690779060836385,-18.370122758986213,2.6983180743226676,210.0,45.0,137.80839913645735,105.26185563612772,-0.8311444855154034,pressure-coherent European sites
newlyn-p001-uk,Newlyn,1982,3,0.1022021440537594,0.015168205387926556,-5.370122758986213,2.5594291854337783,227.0,45.0,139.28624084129953,106.7396973409699,-0.8311444855154034,pressure-coherent European sites
newlyn-p001-uk,Newlyn,1983,-3,0.2809169002819695,0.19388296161613663,-29.870122758986213,4.337206963211555,134.0,45.0,-3.220090184945719,-35.76663368527535,-0.8311444855154034,pressure-coherent European sites
newlyn-p001-uk,Newlyn,1983,-2,0.3478154532297505,0.2607815145639176,-28.070122758986145,-0.24612637012177707,177.0,45.0,54.19957911506751,21.653035614737874,-0.8311444855154034,pressure-coherent European sites
newlyn-p001-uk,Newlyn,1983,-1,0.4086291823371822,0.3215952436713494,-54.17012275898617,8.114984740989334,100.0,45.0,-172.8806292049594,-205.42717270528902,-0.8311444855154034,pressure-coherent European sites
newlyn-p001-uk,Newlyn,1983,0,0.6647042897444633,0.5776703510786304,-51.070122758986145,4.170540296544889,272.0,45.0,122.76444091097235,90.21789741064272,-0.8311444855154034,pressure-coherent European sites
newlyn-p001-uk,Newlyn,1983,1,0.3717067979704341,0.2846728593046013,-44.17012275898617,7.781651407655998,204.0,45.0,270.6871784602059,238.1406349598763,-0.8311444855154034,pressure-coherent European sites
newlyn-p001-uk,Newlyn,1983,2,0.4078485823875034,0.32081464372167057,-29.470122758986122,1.3927625187671104,248.0,45.0,104.18822256796682,71.64167906763718,-0.8311444855154034,pressure-coherent European sites
newlyn-p001-uk,Newlyn,1983,3,0.3186173024433836,0.23158336377755076,-20.070122758986145,2.587206963211557,253.0,45.0,123.6371893222737,91.09064582194407,-0.8311444855154034,pressure-coherent European sites
newlyn-p001-uk,Newlyn,1984,-3,0.1357408247285187,0.04870688606268586,-3.370122758986213,-5.773904147899555,311.0,45.0,0.8410068690215768,-31.705536631308057,-0.8311444855154034,pressure-coherent European sites
newlyn-p001-uk,Newlyn,1984,-2,0.1163532173150502,0.029319278649217365,-4.870122758986213,-1.9405708145662217,184.0,45.0,40.279712156195146,7.733168655865512,-0.8311444855154034,pressure-coherent European sites
newlyn-p001-uk,Newlyn,1984,-1,0.2218518006970828,0.13481786203124996,-27.570122758986145,6.892762518767112,177.0,45.0,174.28425664591248,141.73771314558286,-0.8311444855154034,pressure-coherent European sites
newlyn-p001-uk,Newlyn,1984,0,0.439359585144303,0.3523256464784702,-25.470122758986122,1.4483180743226676,191.0,45.0,94.8179739135579,62.27143041322827,-0.8311444855154034,pressure-coherent European sites
newlyn-p001-uk,Newlyn,1984,1,0.3912159235148112,0.3041819848489784,-34.37012275898621,1.9483180743226658,132.0,45.0,-6.558511047423047,-39.10505454775268,-0.8311444855154034,pressure-coherent European sites
newlyn-p001-uk,Newlyn,1984,2,0.2828688354609913,0.19583489679515845,-25.370122758986213,1.753873629878223,251.0,45.0,108.75407960219921,76.20753610186958,-0.8311444855154034,pressure-coherent European sites
newlyn-p001-uk,Newlyn,1984,3,0.1367491286807866,0.04971519001495375,-19.170122758986167,0.3927625187671122,253.0,45.0,82.03305301585692,49.48650951552729,-0.8311444855154034,pressure-coherent European sites
newlyn-p001-uk,Newlyn,1985,-3,0.2005593386886942,0.11352540002286135,-16.570122758986145,0.9483180743226676,342.0,45.0,-47.181733348317735,-79.72827684864737,-0.8311444855154034,pressure-coherent European sites
newlyn-p001-uk,Newlyn,1985,-2,0.1643103881587148,0.07727644949288195,-13.170122758986167,0.3094291854337783,143.0,45.0,12.707706848156109,-19.838836652173526,-0.8311444855154034,pressure-coherent European sites
newlyn-p001-uk,Newlyn,1985,-1,0.2716023347884164,0.18456839612258355,-29.870122758986213,2.253873629878223,139.0,45.0,9.225293652660579,-23.321249847669055,-0.8311444855154034,pressure-coherent European sites
newlyn-p001-uk,Newlyn,1985,0,0.4557750562257978,0.36874111755996497,-35.070122758986145,1.2538736298782212,188.0,45.0,88.04956498271402,55.50302148238438,-0.8311444855154034,pressure-coherent European sites
newlyn-p001-uk,Newlyn,1985,1,0.2462144939340245,0.15918055526819166,-27.070122758986145,0.9760958521004444,338.0,45.0,-40.82899100658284,-73.37553450691247,-0.8311444855154034,pressure-coherent European sites
newlyn-p001-uk,Newlyn,1985,2,0.1315530203452552,0.04451908167942237,-11.77012275898619,-0.829459703455111,333.0,45.0,-21.89084971957525,-54.437393219904884,-0.8311444855154034,pressure-coherent European sites
newlyn-p001-uk,Newlyn,1985,3,0.1473799550975861,0.060346016431753274,-10.77012275898619,4.837206963211557,224.0,45.0,198.31006959278955,165.76352609245993,-0.8311444855154034,pressure-coherent European sites
newlyn-p001-uk,Newlyn,1986,-3,0.0795908139166463,-0.0074431247491865415,-14.27012275898619,7.587206963211555,187.0,45.0,223.29160270950467,190.74505920917505,-0.8311444855154034,pressure-coherent European sites
newlyn-p001-uk,Newlyn,1986,-2,0.3600299359048927,0.2729959972390599,-16.670122758986167,8.476095852100444,192.0,45.0,263.40727057004415,230.86072706971453,-0.8311444855154034,pressure-coherent European sites
newlyn-p001-uk,Newlyn,1986,-1,0.1796231127338242,0.09258917406799136,-37.570122758986145,4.976095852100446,219.0,45.0,201.16353992239252,168.61699642206287,-0.8311444855154034,pressure-coherent European sites
newlyn-p001-uk,Newlyn,1986,0,0.4934851889200685,0.4064512502542357,-39.77012275898619,4.89276251876711,250.0,45.0,181.17833933120542,148.63179583087577,-0.8311444855154034,pressure-coherent European sites
newlyn-p001-uk,Newlyn,1986,1,0.2252821225314022,0.13824818386556936,-24.870122758986213,2.0594291854337783,17.0,45.0,-112.85446435917315,-145.40100785950278,-0.8311444855154034,pressure-coherent European sites
newlyn-p001-uk,Newlyn,1986,2,0.0489914989521658,-0.03804243971366704,-10.370122758986213,3.8649847409893336,205.0,45.0,161.5343216274443,128.98777812711467,-0.8311444855154034,pressure-coherent European sites
newlyn-p001-uk,Newlyn,1986,3,0.2194963351571764,0.13246239649134356,-21.27012275898619,3.337206963211555,320.0,45.0,-13.800264516592673,-46.34680801692231,-0.8311444855154034,pressure-coherent European sites
newlyn-p001-uk,Newlyn,1987,-3,0.2459879411892436,0.15895400252341077,-15.870122758986213,-3.7183485923439994,197.0,45.0,26.979635512967878,-5.5669079873617555,-0.8311444855154034,pressure-coherent European sites
newlyn-p001-uk,Newlyn,1987,-2,0.2186543870223325,0.13162044835649966,-16.070122758986145,0.9483180743226676,233.0,45.0,102.91529005457822,70.36874655424859,-0.8311444855154034,pressure-coherent European sites
newlyn-p001-uk,Newlyn,1987,-1,0.0641915184273304,-0.022842420238502442,-16.470122758986122,8.059429185433777,199.0,45.0,269.1728660463344,236.62632254600476,-0.8311444855154034,pressure-coherent European sites
newlyn-p001-uk,Newlyn,1987,0,0.4652668521086152,0.3782329134427823,-31.27012275898619,12.864984740989334,241.0,45.0,469.9620298870786,437.41548638674897,-0.8311444855154034,pressure-coherent European sites
newlyn-p001-uk,Newlyn,1987,1,0.2367565655160192,0.14972262685018636,-16.070122758986145,4.420540296544891,288.0,45.0,84.79533667357542,52.24879317324579,-0.8311444855154034,pressure-coherent European sites
newlyn-p001-uk,Newlyn,1987,2,0.1054621381334587,0.01842819946762586,0.8298772410138326,2.8094291854337783,341.0,45.0,-63.71129299737923,-96.25783649770887,-0.8311444855154034,pressure-coherent European sites
newlyn-p001-uk,Newlyn,1987,3,-0.1311981278219523,-0.21823206648778515,17.729877241013924,-1.3016819256773324,306.0,45.0,9.87323572718422,-22.673307773145414,-0.8311444855154034,pressure-coherent European sites
newlyn-p001-uk,Newlyn,1988,-3,0.204705429488903,0.11767149082307016,-22.470122758986122,0.6983180743226658,295.0,45.0,33.82304756882019,1.27650406849056,-0.8311444855154034,pressure-coherent European sites
newlyn-p001-uk,Newlyn,1988,-2,0.2362535985973656,0.14921965993153277,-12.870122758986213,2.420540296544889,99.0,45.0,-80.00410378425329,-112.55064728458292,-0.8311444855154034,pressure-coherent European sites
newlyn-p001-uk,Newlyn,1988,-1,0.1782379702666382,0.09120403160080537,-33.67012275898617,3.4483180743226676,254.0,45.0,140.94402100027443,108.3974774999448,-0.8311444855154034,pressure-coherent European sites
newlyn-p001-uk,Newlyn,1988,0,0.4560442269592729,0.36901028829344007,-38.37012275898621,4.614984740989334,283.0,45.0,101.8136008590527,69.26705735872306,-0.8311444855154034,pressure-coherent European sites
newlyn-p001-uk,Newlyn,1988,1,0.195678590996426,0.10864465233059317,-27.470122758986122,6.170540296544889,283.0,45.0,125.94782512764891,93.40128162731928,-0.8311444855154034,pressure-coherent European sites
newlyn-p001-uk,Newlyn,1988,2,0.103898275185851,0.01686433652001816,-24.370122758986213,6.114984740989334,235.0,45.0,232.3789152321839,199.83237173185427,-0.8311444855154034,pressure-coherent European sites
newlyn-p001-uk,Newlyn,1988,3,0.4474865085542117,0.3604525698883788,-30.570122758986145,9.726095852100444,232.0,45.0,357.26223899151904,324.7156954911894,-0.8311444855154034,pressure-coherent European sites
newlyn-p001-uk,Newlyn,1989,-3,0.4008213690361805,0.3137874303703476,-33.97012275898612,7.837206963211555,231.0,45.0,290.2415462003589,257.6950027000293,-0.8311444855154034,pressure-coherent European sites
newlyn-p001-uk,Newlyn,1989,-2,0.3624268507618384,0.2753929120960056,-31.670122758986167,-2.1350152590106655,87.0,45.0,-37.57927413772108,-70.1258176380507,-0.8311444855154034,pressure-coherent European sites
newlyn-p001-uk,Newlyn,1989,-1,0.4420580161850925,0.3550240775192597,-53.27012275898619,11.281651407656001,201.0,45.0,384.9586102416937,352.4120667413641,-0.8311444855154034,pressure-coherent European sites
newlyn-p001-uk,Newlyn,1989,0,0.7698830767103229,0.68284913804449,-54.570122758986145,11.892762518767109,217.0,45.0,442.5038844426596,409.95734094233,-0.8311444855154034,pressure-coherent European sites
newlyn-p001-uk,Newlyn,1989,1,0.2287699995832589,0.14173606091742605,-36.37012275898621,1.9205402965448908,353.0,45.0,-76.76956563158005,-109.31610913190968,-0.8311444855154034,pressure-coherent European sites
newlyn-p001-uk,Newlyn,1989,2,0.4487056657137307,0.36167172704789785,-23.470122758986122,6.253873629878221,137.0,45.0,8.384604082775846,-24.16193941755379,-0.8311444855154034,pressure-coherent European sites
newlyn-p001-uk,Newlyn,1989,3,0.283456816725924,0.19642287806009115,-25.670122758986167,9.19831807432267,225.0,45.0,340.1975308641977,307.65098736386807,-0.8311444855154034,pressure-coherent European sites
newlyn-p001-uk,Newlyn,1990,-3,0.1299955404501922,0.04296160178435937,1.0298772410138781,6.281651407656,205.0,45.0,226.571056972069,194.02451347173934,-0.8311444855154034,pressure-coherent European sites
newlyn-p001-uk,Newlyn,1990,-2,0.3058298261819474,0.21879588751611453,-6.27012275898619,4.698318074322668,202.0,45.0,178.98989590233705,146.4433524020074,-0.8311444855154034,pressure-coherent European sites
newlyn-p001-uk,Newlyn,1990,-1,0.2839548792258891,0.19692094056005624,-16.670122758986167,7.726095852100444,203.0,45.0,267.0811757490182,234.53463224868858,-0.8311444855154034,pressure-coherent European sites
newlyn-p001-uk,Newlyn,1990,0,0.5872211511690086,0.5001872125031758,-21.570122758986145,10.114984740989334,221.0,45.0,373.9395013060763,341.3929578057467,-0.8311444855154034,pressure-coherent European sites
newlyn-p001-uk,Newlyn,1990,1,0.2321119745247549,0.14507803585892207,-17.170122758986167,8.809429185433777,233.0,45.0,322.8304467926801,290.2839032923505,-0.8311444855154034,pressure-coherent European sites
newlyn-p001-uk,Newlyn,1990,2,-0.0863461419988129,-0.17338008066464572,0.7298772410138099,0.03165140765599972,194.0,45.0,73.7825273125963,41.23598381226667,-0.8311444855154034,pressure-coherent European sites
newlyn-p001-uk,Newlyn,1990,3,0.2112559084888018,0.12422196982296896,-15.570122758986145,7.003873629878223,285.0,45.0,132.0312500000001,99.48470649967048,-0.8311444855154034,pressure-coherent European sites
newlyn-p001-uk,Newlyn,1991,-3,0.1738751756978325,0.08684123703199967,-8.970122758986122,4.670540296544889,220.0,45.0,192.93662454917143,160.3900810488418,-0.8311444855154034,pressure-coherent European sites
newlyn-p001-uk,Newlyn,1991,-2,0.2812062020342613,0.19417226336842844,-14.570122758986145,9.864984740989334,270.0,45.0,258.2598396867015,225.7132961863719,-0.8311444855154034,pressure-coherent European sites
newlyn-p001-uk,Newlyn,1991,-1,-0.0873108795826511,-0.17434481824848394,-17.27012275898619,9.114984740989334,275.0,45.0,216.70324476223195,184.1567012619023,-0.8311444855154034,pressure-coherent European sites
newlyn-p001-uk,Newlyn,1991,0,0.5626389319983076,0.47560499333247475,-17.070122758986145,6.976095852100444,233.0,45.0,260.59943399130015,228.05289049097053,-0.8311444855154034,pressure-coherent European sites
newlyn-p001-uk,Newlyn,1991,1,0.134441320996394,0.04740738233056116,-27.870122758986213,10.726095852100448,212.0,45.0,388.66614433753097,356.11960083720135,-0.8311444855154034,pressure-coherent European sites
newlyn-p001-uk,Newlyn,1991,2,0.2889525350540572,0.20191859638822438,-25.370122758986213,9.670540296544887,203.0,45.0,331.78372806924983,299.2371845689202,-0.8311444855154034,pressure-coherent European sites
newlyn-p001-uk,Newlyn,1991,3,0.2895105780249041,0.20247663935907126,-22.970122758986122,8.42054029654489,246.0,45.0,291.38082422562667,258.83428072529705,-0.8311444855154034,pressure-coherent European sites
newlyn-p001-uk,Newlyn,1992,-3,0.1320887077824703,0.04505476911663747,-7.070122758986145,3.6427625187671104,206.0,45.0,157.07281423783215,124.52627073750251,-0.8311444855154034,pressure-coherent European sites
newlyn-p001-uk,Newlyn,1992,-2,0.2491429660725867,0.16210902740675387,-14.27012275898619,4.170540296544889,267.0,45.0,133.77122931388573,101.22468581355609,-0.8311444855154034,pressure-coherent European sites
newlyn-p001-uk,Newlyn,1992,-1,0.1741584892824434,0.08712455061661056,-15.670122758986167,5.753873629878223,179.0,45.0,156.2981333532744,123.75158985294478,-0.8311444855154034,pressure-coherent European sites
newlyn-p001-uk,Newlyn,1992,0,0.5450762235749097,0.45804228490907684,-33.97012275898612,8.003873629878223,184.0,45.0,224.5732694650386,192.026725964709,-0.8311444855154034,pressure-coherent European sites
newlyn-p001-uk,Newlyn,1992,1,0.2790876768602841,0.19205373819445123,-23.370122758986213,5.309429185433778,275.0,45.0,136.18368110902105,103.63713760869142,-0.8311444855154034,pressure-coherent European sites
newlyn-p001-uk,Newlyn,1992,2,0.3088415968659123,0.22180765820007944,-29.370122758986213,1.0594291854337783,286.0,45.0,51.48895134284418,18.942407842514548,-0.8311444855154034,pressure-coherent European sites
newlyn-p001-uk,Newlyn,1992,3,0.2990499623692404,0.21201602370340758,-20.470122758986122,0.920540296544889,281.0,45.0,57.79879982818466,25.25225632785503,-0.8311444855154034,pressure-coherent European sites
newlyn-p001-uk,Newlyn,1993,-3,0.1080087287905659,0.020974790124733064,-13.670122758986167,0.6149847409893336,305.0,45.0,16.88581141240347,-15.660732087926164,-0.8311444855154034,pressure-coherent European sites
newlyn-p001-uk,Newlyn,1993,-2,0.2261707922643184,0.13913685359848557,-22.470122758986122,3.2260958521004444,192.0,45.0,130.46051324719556,97.91396974686593,-0.8311444855154034,pressure-coherent European sites
newlyn-p001-uk,Newlyn,1993,-1,0.3738214657478358,0.28678752708200295,-26.670122758986167,3.2260958521004444,192.0,45.0,130.46051324719556,97.91396974686593,-0.8311444855154034,pressure-coherent European sites
newlyn-p001-uk,Newlyn,1993,0,0.3916754471560917,0.30464150849025884,-27.870122758986213,2.142762518767112,317.0,45.0,-4.526701694205596,-37.07324519453523,-0.8311444855154034,pressure-coherent European sites
newlyn-p001-uk,Newlyn,1993,1,0.2081101278651347,0.12107618919930185,-18.570122758986145,-0.3572374812328878,172.0,45.0,47.55081664411248,15.004273143782846,-0.8311444855154034,pressure-coherent European sites
newlyn-p001-uk,Newlyn,1993,2,0.2299537267363479,0.14291978807051506,-17.570122758986145,2.3649847409893336,132.0,45.0,-7.055823779777864,-39.6023672801075,-0.8311444855154034,pressure-coherent European sites
newlyn-p001-uk,Newlyn,1993,3,0.2350447400450572,0.14801080137922437,-14.670122758986167,-0.24612637012177707,229.0,45.0,80.80268807104576,48.25614457071613,-0.8311444855154034,pressure-coherent European sites
newlyn-p001-uk,Newlyn,1994,-3,0.1600955090600364,0.07306157039420355,-8.470122758986122,7.420540296544891,221.0,45.0,277.10112507217343,244.5545815718438,-0.8311444855154034,pressure-coherent European sites
newlyn-p001-uk,Newlyn,1994,-2,0.1054561726221968,0.018422233956363956,-17.77012275898619,5.253873629878223,115.0,45.0,-71.90973513422189,-104.45627863455152,-0.8311444855154034,pressure-coherent European sites
newlyn-p001-uk,Newlyn,1994,-1,0.4350875214909808,0.348053582825148,-42.67012275898617,9.781651407656001,187.0,45.0,285.3042792138226,252.757735713493,-0.8311444855154034,pressure-coherent European sites
newlyn-p001-uk,Newlyn,1994,0,0.6729010454458687,0.5858671067800358,-35.17012275898617,5.281651407656,237.0,45.0,206.44424003172617,173.89769653139655,-0.8311444855154034,pressure-coherent European sites
newlyn-p001-uk,Newlyn,1994,1,0.2012619114078053,0.11422797274197247,-13.77012275898619,-0.5516819256773324,215.0,45.0,74.44493113800387,41.89838763767423,-0.8311444855154034,pressure-coherent European sites
newlyn-p001-uk,Newlyn,1994,2,0.1231859915830411,0.03615205291720826,-7.470122758986122,1.9483180743226658,216.0,45.0,123.77274360163246,91.22620010130282,-0.8311444855154034,pressure-coherent European sites
newlyn-p001-uk,Newlyn,1994,3,0.2052389044933197,0.11820496582748685,-6.370122758986213,0.25387362987822293,262.0,45.0,72.0768547817682,39.53031128143857,-0.8311444855154034,pressure-coherent European sites
newlyn-p001-uk,Newlyn,1995,-3,0.0722484089408321,-0.014785529725000732,-6.070122758986145,-2.246126370121777,307.0,45.0,6.819481947043222,-25.72706155328641,-0.8311444855154034,pressure-coherent European sites
newlyn-p001-uk,Newlyn,1995,-2,0.1422340041702705,0.05520006550443765,-10.170122758986167,-3.746126370121777,289.0,45.0,13.260727190369602,-19.285816309960033,-0.8311444855154034,pressure-coherent European sites
newlyn-p001-uk,Newlyn,1995,-1,0.2301662388023737,0.14313230013654085,-33.070122758986145,3.4760958521004444,136.0,45.0,2.8247581665975185,-29.721785333732115,-0.8311444855154034,pressure-coherent European sites
newlyn-p001-uk,Newlyn,1995,0,0.4678325779153291,0.3807986392494963,-44.070122758986145,5.226095852100444,79.0,45.0,-173.63795349684654,-206.18449699717615,-0.8311444855154034,pressure-coherent European sites
newlyn-p001-uk,Newlyn,1995,1,0.1460323709296592,0.05899843226382637,-19.670122758986167,0.6149847409893336,320.0,45.0,-8.475156234393191,-41.02169973472282,-0.8311444855154034,pressure-coherent European sites
newlyn-p001-uk,Newlyn,1995,2,0.0621012413052164,-0.024932697360616436,-4.070122758986145,-2.0516819256773333,272.0,45.0,35.30025616616701,2.7537126658373765,-0.8311444855154034,pressure-coherent European sites
newlyn-p001-uk,Newlyn,1995,3,0.2020089370517047,0.11497499838587186,-10.870122758986213,-0.13501525901066636,339.0,45.0,-33.76416281532934,-66.31070631565898,-0.8311444855154034,pressure-coherent European sites
newlyn-p001-uk,Newlyn,1996,-3,0.5085119185170646,0.4214779798512317,-25.77012275898619,3.9483180743226676,199.0,45.0,156.47407924093332,123.92753574060369,-0.8311444855154034,pressure-coherent European sites
newlyn-p001-uk,Newlyn,1996,-2,0.2982881325926784,0.21125419392684555,-16.070122758986145,1.6149847409893336,163.0,45.0,55.38061881965261,22.834075319322977,-0.8311444855154034,pressure-coherent European sites
newlyn-p001-uk,Newlyn,1996,-1,0.2942393160530694,0.20720537738723657,-33.67012275898617,7.837206963211555,159.0,45.0,118.7021348976424,86.15559139731276,-0.8311444855154034,pressure-coherent European sites
newlyn-p001-uk,Newlyn,1996,0,0.5372498067376363,0.45021586807180347,-33.47012275898612,3.087206963211555,239.0,45.0,147.59276103020431,115.04621752987468,-0.8311444855154034,pressure-coherent European sites
newlyn-p001-uk,Newlyn,1996,1,0.1876446086769322,0.10061067001109936,-15.170122758986167,6.087206963211557,176.0,45.0,154.2467672604348,121.70022376010517,-0.8311444855154034,pressure-coherent European sites
newlyn-p001-uk,Newlyn,1996,2,0.3244131354671632,0.23737919680133038,-10.870122758986213,4.142762518767112,159.0,45.0,72.91256471137517,40.366021211045535,-0.8311444855154034,pressure-coherent European sites
newlyn-p001-uk,Newlyn,1996,3,0.138322103868555,0.05128816520272217,0.02987724101387812,-4.273904147899556,161.0,45.0,10.837847156071627,-21.70869634425801,-0.8311444855154034,pressure-coherent European sites
newlyn-p001-uk,Newlyn,1997,-3,0.0145052381224626,-0.07252870054337024,12.829877241013833,3.253873629878223,74.0,45.0,-136.65932924053058,-169.20587274086023,-0.8311444855154034,pressure-coherent European sites
newlyn-p001-uk,Newlyn,1997,-2,0.0558889662585289,-0.03114497240730394,-10.27012275898619,4.89276251876711,63.0,45.0,-190.1239763103894,-222.67051981071904,-0.8311444855154034,pressure-coherent European sites
newlyn-p001-uk,Newlyn,1997,-1,0.2313003709332418,0.14426643226740896,-28.170122758986167,5.337206963211555,108.0,45.0,-96.55179898974737,-129.09834249007702,-0.8311444855154034,pressure-coherent European sites
newlyn-p001-uk,Newlyn,1997,0,0.5008173299584298,0.4137833912925969,-31.470122758986122,3.7816514076559997,120.0,45.0,-43.92754319428674,-76.47408669461637,-0.8311444855154034,pressure-coherent European sites
newlyn-p001-uk,Newlyn,1997,1,0.3627538743731531,0.27571993570732023,-20.170122758986167,-1.079459703455111,163.0,45.0,31.31114506247011,-1.2353984378595229,-0.8311444855154034,pressure-coherent European sites
newlyn-p001-uk,Newlyn,1997,2,0.2864618864439355,0.19942794777810266,-19.27012275898619,-1.496126370121778,75.0,45.0,-52.01565081480283,-84.56219431513247,-0.8311444855154034,pressure-coherent European sites
newlyn-p001-uk,Newlyn,1997,3,0.0999775759534502,0.012943637287617368,-4.870122758986213,1.003873629878223,137.0,45.0,3.666628372306516,-28.879915128023118,-0.8311444855154034,pressure-coherent European sites
newlyn-p001-uk,Newlyn,1998,-3,0.1639238278732009,0.07688988920736806,-6.570122758986145,-1.8016819256773324,250.0,45.0,50.22735377787063,17.680810277541,-0.8311444855154034,pressure-coherent European sites
newlyn-p001-uk,Newlyn,1998,-2,0.1926296191558416,0.10559568049000875,-27.670122758986167,3.6427625187671104,152.0,45.0,48.5697982561623,16.023254755832667,-0.8311444855154034,pressure-coherent European sites
newlyn-p001-uk,Newlyn,1998,-1,0.4017200706485114,0.3146861319826786,-38.77012275898619,7.420540296544891,203.0,45.0,257.55107071299653,225.00452721266691,-0.8311444855154034,pressure-coherent European sites
newlyn-p001-uk,Newlyn,1998,0,0.4681505315038486,0.3811165928380158,-38.17012275898617,5.226095852100444,251.0,45.0,188.24811321102794,155.70156971069832,-0.8311444855154034,pressure-coherent European sites
newlyn-p001-uk,Newlyn,1998,1,0.1880847723327369,0.10105083366690407,-22.170122758986167,1.670540296544889,246.0,45.0,111.25815068832276,78.71160718799312,-0.8311444855154034,pressure-coherent European sites
newlyn-p001-uk,Newlyn,1998,2,0.2032018538185294,0.11616791515269656,-13.77012275898619,-0.27390414789955564,263.0,45.0,63.435473698329986,30.888930198000352,-0.8311444855154034,pressure-coherent European sites
newlyn-p001-uk,Newlyn,1998,3,0.2001801581743577,0.11314621950852485,-13.27012275898619,-3.607237481232888,348.0,45.0,-17.317924378035677,-49.86446787836531,-0.8311444855154034,pressure-coherent European sites
newlyn-p001-uk,Newlyn,1999,-3,0.1672728900195845,0.08023895135375167,-7.970122758986122,1.4760958521004461,205.0,45.0,108.03274824584663,75.486204745517,-0.8311444855154034,pressure-coherent European sites
newlyn-p001-uk,Newlyn,1999,-2,0.1186386377257706,0.03160469905993776,-11.670122758986167,1.5316514076559997,187.0,45.0,91.53571828006969,58.989174779740054,-0.8311444855154034,pressure-coherent European sites
newlyn-p001-uk,Newlyn,1999,-1,0.3075487815709824,0.22051484290514958,-23.470122758986122,7.2816514076560015,187.0,45.0,215.25887889322513,182.7123353928955,-0.8311444855154034,pressure-coherent European sites
newlyn-p001-uk,Newlyn,1999,0,0.4878349540864425,0.40080101542060964,-24.570122758986145,-1.8572374812328878,171.0,45.0,32.09053496235048,-0.45600853797915164,-0.8311444855154034,pressure-coherent European sites
newlyn-p001-uk,Newlyn,1999,1,0.2801652267929393,0.19313128812710648,-25.170122758986167,-4.82945970345511,231.0,45.0,19.400083361732506,-13.146460138597128,-0.8311444855154034,pressure-coherent European sites
newlyn-p001-uk,Newlyn,1999,2,0.2476933389202783,0.16065940025444547,-20.570122758986145,-4.051681925677333,232.0,45.0,26.781131463538102,-5.765412036791531,-0.8311444855154034,pressure-coherent European sites
newlyn-p001-uk,Newlyn,1999,3,0.3111478712352362,0.22411393256940335,-19.77012275898619,3.670540296544889,184.0,45.0,125.91595600591732,93.36941250558769,-0.8311444855154034,pressure-coherent European sites
newlyn-p001-uk,Newlyn,2000,-3,0.1263975722710209,0.039363633605188075,-1.5701227589861446,2.920540296544889,222.0,45.0,147.82491085297565,115.27836735264601,-0.8311444855154034,pressure-coherent European sites
newlyn-p001-uk,Newlyn,2000,-2,0.2794904306666889,0.19245649200085604,-17.170122758986167,7.05942918543378,228.0,45.0,265.50677481546984,232.96023131514022,-0.8311444855154034,pressure-coherent European sites
newlyn-p001-uk,Newlyn,2000,-1,0.1743051684171321,0.08727122975129925,-21.970122758986122,9.976095852100444,226.0,45.0,369.4375514609338,336.89100796060416,-0.8311444855154034,pressure-coherent European sites
newlyn-p001-uk,Newlyn,2000,0,0.515325213779277,0.4282912751134441,-34.17012275898617,11.75387362987822,220.0,45.0,439.32186185845967,406.77531835813005,-0.8311444855154034,pressure-coherent European sites
newlyn-p001-uk,Newlyn,2000,1,0.2829951784660143,0.19596123980018146,-26.670122758986167,5.614984740989334,281.0,45.0,123.49921974993399,90.95267624960435,-0.8311444855154034,pressure-coherent European sites
newlyn-p001-uk,Newlyn,2000,2,0.1986683245784034,0.11163438591257055,-17.870122758986213,3.920540296544889,264.0,45.0,134.7268873736932,102.18034387336355,-0.8311444855154034,pressure-coherent European sites
newlyn-p001-uk,Newlyn,2000,3,0.3755599268965355,0.28852598823070263,-28.27012275898619,6.087206963211557,266.0,45.0,177.44060797237626,144.89406447204664,-0.8311444855154034,pressure-coherent European sites
newlyn-p001-uk,Newlyn,2001,-3,0.2200141841479006,0.13298024548206777,-14.970122758986122,-1.1627930367884431,288.0,45.0,29.663865361454153,-2.8826781388754803,-0.8311444855154034,pressure-coherent European sites
newlyn-p001-uk,Newlyn,2001,-2,0.1448383108845541,0.057804372218721256,-7.170122758986167,-1.9405708145662217,337.0,45.0,-19.993181682087354,-52.53972518241699,-0.8311444855154034,pressure-coherent European sites
newlyn-p001-uk,Newlyn,2001,-1,0.1305271385283564,0.04349319986252356,-28.27012275898619,9.364984740989334,169.0,45.0,193.68957898766837,161.14303548733875,-0.8311444855154034,pressure-coherent European sites
newlyn-p001-uk,Newlyn,2001,0,0.5416179225440472,0.4545839838782143,-33.97012275898612,5.698318074322666,190.0,45.0,182.9464848049251,150.39994130459547,-0.8311444855154034,pressure-coherent European sites
newlyn-p001-uk,Newlyn,2001,1,0.4341308853496468,0.34709694668381397,-39.37012275898621,3.2816514076560015,195.0,45.0,135.91854410120268,103.37200060087305,-0.8311444855154034,pressure-coherent European sites
newlyn-p001-uk,Newlyn,2001,2,0.1448868930352476,0.05785295436941476,-25.070122758986145,1.2538736298782212,182.0,45.0,80.63174560351352,48.08520210318389,-0.8311444855154034,pressure-coherent European sites
newlyn-p001-uk,Newlyn,2001,3,0.4318050729800479,0.344771134314215,-26.470122758986122,3.5316514076559997,261.0,45.0,132.0895030939343,99.54295959360466,-0.8311444855154034,pressure-coherent European sites
newlyn-p001-uk,Newlyn,2002,-3,0.2657694271871748,0.17873548852134194,-11.070122758986145,1.6427625187671122,141.0,45.0,12.393720508920302,-20.15282299140933,-0.8311444855154034,pressure-coherent European sites
newlyn-p001-uk,Newlyn,2002,-2,0.196058083717495,0.10902414505166216,-29.77012275898619,6.420540296544889,160.0,45.0,103.72930446502275,71.18276096469312,-0.8311444855154034,pressure-coherent European sites
newlyn-p001-uk,Newlyn,2002,-1,0.4496817293426525,0.3626477906768196,-34.97012275898612,6.892762518767112,154.0,45.0,84.79869736629038,52.25215386596075,-0.8311444855154034,pressure-coherent European sites
newlyn-p001-uk,Newlyn,2002,0,0.4599617878307052,0.3729278491648723,-31.070122758986145,4.670540296544889,252.0,45.0,172.5644510631208,140.01790756279115,-0.8311444855154034,pressure-coherent European sites
newlyn-p001-uk,Newlyn,2002,1,0.3479453947265009,0.260911456060668,-23.27012275898619,2.503873629878221,189.0,45.0,111.69490878589113,79.1483652855615,-0.8311444855154034,pressure-coherent European sites
newlyn-p001-uk,Newlyn,2002,2,0.3226402721576046,0.23560633349177176,-16.970122758986122,1.3372069632115569,187.0,45.0,88.26267670085291,55.716133200523274,-0.8311444855154034,pressure-coherent European sites
newlyn-p001-uk,Newlyn,2002,3,0.234172787823252,0.14713884915741915,-11.070122758986145,-0.5516819256773324,203.0,45.0,70.08894679633765,37.54240329600802,-0.8311444855154034,pressure-coherent European sites
newlyn-p001-uk,Newlyn,2003,-3,0.0382484176485452,-0.04878552101728764,-6.77012275898619,-2.1350152590106655,238.0,45.0,49.27184920197931,16.725305701649674,-0.8311444855154034,pressure-coherent European sites
newlyn-p001-uk,Newlyn,2003,-2,0.1296188662131218,0.04258492754728896,-17.070122758986145,3.3649847409893336,312.0,45.0,8.323516942107046,-24.223026558222585,-0.8311444855154034,pressure-coherent European sites
newlyn-p001-uk,Newlyn,2003,-1,0.2087146217646869,0.12168068309885405,-42.17012275898617,0.03165140765599972,263.0,45.0,67.82972810906746,35.28318460873783,-0.8311444855154034,pressure-coherent European sites
newlyn-p001-uk,Newlyn,2003,0,0.5333009735118512,0.4462670348460184,-42.77012275898619,-0.023904147899553863,23.0,45.0,-78.8564144951926,-111.40295799552223,-0.8311444855154034,pressure-coherent European sites
newlyn-p001-uk,Newlyn,2003,1,0.2343770662704092,0.14734312760457635,-20.170122758986167,3.4760958521004444,214.0,45.0,158.88120718265105,126.33466368232142,-0.8311444855154034,pressure-coherent European sites
newlyn-p001-uk,Newlyn,2003,2,0.1414870127912355,0.05445307412540265,-22.970122758986122,5.448318074322666,220.0,45.0,215.10503125670687,182.55848775637725,-0.8311444855154034,pressure-coherent European sites
newlyn-p001-uk,Newlyn,2003,3,0.2738399728254571,0.18680603415962424,-18.27012275898619,6.920540296544891,256.0,45.0,224.030198119616,191.48365461928637,-0.8311444855154034,pressure-coherent European sites
newlyn-p001-uk,Newlyn,2004,-3,0.1743939155680021,0.08735997690216926,-9.970122758986122,0.6149847409893336,143.0,45.0,13.533402815194659,-19.013140685134974,-0.8311444855154034,pressure-coherent European sites
newlyn-p001-uk,Newlyn,2004,-2,0.246593544327472,0.15955960566163915,-37.97012275898612,8.531651407656001,164.0,45.0,153.22378121365716,120.67723771332753,-0.8311444855154034,pressure-coherent European sites
newlyn-p001-uk,Newlyn,2004,-1,0.4490045595408248,0.361970620874992,-36.17012275898617,6.976095852100444,165.0,45.0,131.58024691358017,99.03370341325054,-0.8311444855154034,pressure-coherent European sites
newlyn-p001-uk,Newlyn,2004,0,0.5304369528872692,0.44340301422143635,-36.97012275898612,4.670540296544889,160.0,45.0,81.85000487282197,49.303461372492336,-0.8311444855154034,pressure-coherent European sites
newlyn-p001-uk,Newlyn,2004,1,0.2288507403378759,0.14181680167204305,-19.370122758986213,-1.6350152590106664,71.0,45.0,-52.066251404287236,-84.61279490461686,-0.8311444855154034,pressure-coherent European sites
newlyn-p001-uk,Newlyn,2004,2,0.0160571948139247,-0.07097674385190814,4.22987724101381,-4.329459703455111,52.0,45.0,-23.993424679607234,-56.539968179936864,-0.8311444855154034,pressure-coherent European sites
newlyn-p001-uk,Newlyn,2004,3,-0.0318520691713095,-0.11888600783714234,7.429877241013855,-3.2183485923439994,63.0,45.0,-34.55578726529513,-67.10233076562477,-0.8311444855154034,pressure-coherent European sites
newlyn-p001-uk,Newlyn,2005,-3,0.0691695613835279,-0.017864377282304944,-4.370122758986213,-0.329459703455111,356.0,45.0,-52.161248770224404,-84.70779227055404,-0.8311444855154034,pressure-coherent European sites
newlyn-p001-uk,Newlyn,2005,-2,0.0231737498377519,-0.06386018882808094,-10.370122758986213,0.25387362987822293,200.0,45.0,81.79427778005767,49.247734279728036,-0.8311444855154034,pressure-coherent European sites
newlyn-p001-uk,Newlyn,2005,-1,0.2260984201441109,0.13906448147827807,-40.37012275898621,5.031651407656,153.0,45.0,62.99464031318176,30.44809681285213,-0.8311444855154034,pressure-coherent European sites
newlyn-p001-uk,Newlyn,2005,0,0.5891111556528572,0.5020772169870243,-47.97012275898612,2.1149847409893336,304.0,45.0,24.62864163239489,-7.917901867934745,-0.8311444855154034,pressure-coherent European sites
newlyn-p001-uk,Newlyn,2005,1,0.2085363856862351,0.12150244702040225,-30.370122758986213,4.337206963211555,285.0,45.0,92.25347222222229,59.70692872189265,-0.8311444855154034,pressure-coherent European sites
newlyn-p001-uk,Newlyn,2005,2,0.2278397437163067,0.14080580505047385,-21.570122758986145,0.5872069632115551,308.0,45.0,11.784088455369924,-20.762455044959708,-0.8311444855154034,pressure-coherent European sites
newlyn-p001-uk,Newlyn,2005,3,0.1878768291713592,0.10084289050552636,-11.77012275898619,0.9483180743226676,315.0,45.0,2.7163456669162165e-14,-32.546543500329605,-0.8311444855154034,pressure-coherent European sites
newlyn-p001-uk,Newlyn,2006,-3,0.2225770371003115,0.13554309843447865,-29.170122758986167,6.837206963211555,228.0,45.0,258.31910791717445,225.77256441684483,-0.8311444855154034,pressure-coherent European sites
newlyn-p001-uk,Newlyn,2006,-2,0.2874290547596473,0.20039511609381447,-30.470122758986122,5.976095852100444,233.0,45.0,229.46100471864855,196.91446121831893,-0.8311444855154034,pressure-coherent European sites
newlyn-p001-uk,Newlyn,2006,-1,0.4112566606546868,0.32422272198885393,-33.070122758986145,4.476095852100444,196.0,45.0,164.6903509656401,132.1438074653105,-0.8311444855154034,pressure-coherent European sites
newlyn-p001-uk,Newlyn,2006,0,0.5463177584588399,0.45928381979300703,-32.570122758986145,2.9760958521004444,231.0,45.0,148.5643819006927,116.01783840036306,-0.8311444855154034,pressure-coherent European sites
newlyn-p001-uk,Newlyn,2006,1,0.0983339651522727,0.011300026486439865,-11.570122758986145,7.753873629878223,181.0,45.0,207.8892022978702,175.3426587975406,-0.8311444855154034,pressure-coherent European sites
newlyn-p001-uk,Newlyn,2006,2,0.2620817045291275,0.17504776586329465,-11.570122758986145,8.92054029654489,188.0,45.0,263.5719026353302,231.0253591350006,-0.8311444855154034,pressure-coherent European sites
newlyn-p001-uk,Newlyn,2006,3,0.2678464960893031,0.18081255742347027,-8.570122758986145,3.420540296544889,207.0,45.0,152.59173439224463,120.045190891915,-0.8311444855154034,pressure-coherent European sites
newlyn-p001-uk,Newlyn,2007,-3,0.1850473512160739,0.09801341255024107,-11.27012275898619,2.1983180743226676,282.0,45.0,71.33426570956077,38.787722209231134,-0.8311444855154034,pressure-coherent European sites
newlyn-p001-uk,Newlyn,2007,-2,0.1977881551852992,0.11075421651946638,-15.970122758986122,6.14276251876711,191.0,45.0,196.33093797708574,163.78439447675612,-0.8311444855154034,pressure-coherent European sites
newlyn-p001-uk,Newlyn,2007,-1,0.2736095991022748,0.18657566043644194,-18.570122758986145,10.67054029654489,211.0,45.0,384.8907095875778,352.3441660872482,-0.8311444855154034,pressure-coherent European sites
newlyn-p001-uk,Newlyn,2007,0,0.3975601033718783,0.31052616470604544,-19.27012275898619,9.337206963211559,220.0,45.0,344.026153759753,311.4796102594234,-0.8311444855154034,pressure-coherent European sites
newlyn-p001-uk,Newlyn,2007,1,0.2697434302111567,0.18270949154532387,-15.170122758986167,1.9205402965448908,306.0,45.0,19.506508710155487,-13.040034790174147,-0.8311444855154034,pressure-coherent European sites
newlyn-p001-uk,Newlyn,2007,2,0.0401647188749513,-0.04686921979088154,4.829877241013833,2.587206963211557,311.0,45.0,9.767844004003807,-22.778699496325828,-0.8311444855154034,pressure-coherent European sites
newlyn-p001-uk,Newlyn,2007,3,-0.0171446814712317,-0.10417862013706454,11.729877241013924,0.7538736298782229,301.0,45.0,24.192189559966785,-8.354353940362849,-0.8311444855154034,pressure-coherent European sites
newlyn-p001-uk,Newlyn,2008,-3,0.0375859740616122,-0.049447964604220636,1.72987724101381,3.5594291854337783,223.0,45.0,163.88235952849172,131.33581602816207,-0.8311444855154034,pressure-coherent European sites
newlyn-p001-uk,Newlyn,2008,-2,0.1663769779106649,0.07934303924483208,-12.570122758986145,2.6427625187671104,228.0,45.0,141.15196967166807,108.60542617133844,-0.8311444855154034,pressure-coherent European sites
newlyn-p001-uk,Newlyn,2008,-1,0.2015079337826947,0.11447399511686185,-26.870122758986213,6.726095852100444,191.0,45.0,211.49733597686003,178.9507924765304,-0.8311444855154034,pressure-coherent European sites
newlyn-p001-uk,Newlyn,2008,0,0.5071507010493552,0.42011676238352236,-47.27012275898619,12.781651407655998,281.0,45.0,271.33325474897794,238.78671124864832,-0.8311444855154034,pressure-coherent European sites
newlyn-p001-uk,Newlyn,2008,1,0.3105648282197069,0.22353088955387404,-22.970122758986122,6.8094291854337765,265.0,45.0,197.4715985609264,164.92505506059678,-0.8311444855154034,pressure-coherent European sites
newlyn-p001-uk,Newlyn,2008,2,0.1175560798636081,0.030522141197775257,-14.77012275898619,7.642762518767112,276.0,45.0,179.50392981253648,146.95738631220684,-0.8311444855154034,pressure-coherent European sites
newlyn-p001-uk,Newlyn,2008,3,0.2535854990181237,0.16655156035229088,-3.6701227589861674,2.2260958521004444,235.0,45.0,129.61240248729885,97.06585898696922,-0.8311444855154034,pressure-coherent European sites
newlyn-p001-uk,Newlyn,2009,-3,0.1493423608269311,0.06230842216109825,-16.27012275898619,2.503873629878221,264.0,45.0,107.294714303653,74.74817080332336,-0.8311444855154034,pressure-coherent European sites
newlyn-p001-uk,Newlyn,2009,-2,0.2354631343477824,0.14842919568194957,-17.870122758986213,5.253873629878223,196.0,45.0,183.88879342605796,151.3422499257283,-0.8311444855154034,pressure-coherent European sites
newlyn-p001-uk,Newlyn,2009,-1,0.3582979350384722,0.2712639963726393,-28.27012275898619,10.420540296544887,185.0,45.0,296.2889673885735,263.7424238882439,-0.8311444855154034,pressure-coherent European sites
newlyn-p001-uk,Newlyn,2009,0,0.4687135743471999,0.3816796356813671,-30.870122758986213,12.226095852100444,217.0,45.0,456.56935867830384,424.0228151779742,-0.8311444855154034,pressure-coherent European sites
newlyn-p001-uk,Newlyn,2009,1,0.2432936458166137,0.15625970715078086,-13.970122758986122,2.1149847409893336,219.0,45.0,128.36776016905876,95.82121666872912,-0.8311444855154034,pressure-coherent European sites
newlyn-p001-uk,Newlyn,2009,2,0.2851901718006614,0.19815623313482858,-21.27012275898619,5.892762518767112,231.0,45.0,227.93045213870482,195.3839086383752,-0.8311444855154034,pressure-coherent European sites
newlyn-p001-uk,Newlyn,2009,3,0.1612545410937038,0.07422060242787096,-6.070122758986145,4.392762518767112,225.0,45.0,186.0192901234568,153.4727466231272,-0.8311444855154034,pressure-coherent European sites
newlyn-p001-uk,Newlyn,2010,-3,0.0513757394020723,-0.035658199263760536,1.9298772410138554,-0.27390414789955564,322.0,45.0,-9.810576179101577,-42.35711967943121,-0.8311444855154034,pressure-coherent European sites
newlyn-p001-uk,Newlyn,2010,-2,0.0198804284051907,-0.06715351026064215,-22.170122758986167,4.3094291854337765,199.0,45.0,165.15618006317035,132.6096365628407,-0.8311444855154034,pressure-coherent European sites
newlyn-p001-uk,Newlyn,2010,-1,0.2492423441410346,0.16220840547520177,-50.47012275898612,7.8094291854337765,185.0,45.0,222.83618123308807,190.28963773275842,-0.8311444855154034,pressure-coherent European sites
newlyn-p001-uk,Newlyn,2010,0,0.6085069342054478,0.5214729955396149,-50.570122758986145,4.170540296544889,16.0,45.0,-157.4376210330575,-189.98416453338712,-0.8311444855154034,pressure-coherent European sites
newlyn-p001-uk,Newlyn,2010,1,0.2654479844109679,0.17841404574513506,-19.370122758986213,2.170540296544889,210.0,45.0,125.8990405112467,93.35249701091706,-0.8311444855154034,pressure-coherent European sites
newlyn-p001-uk,Newlyn,2010,2,0.1782272815520219,0.09119334288618905,-22.570122758986145,6.948318074322666,269.0,45.0,188.6540782386603,156.10753473833068,-0.8311444855154034,pressure-coherent European sites
newlyn-p001-uk,Newlyn,2010,3,0.0687109959168073,-0.018322942749025545,-18.670122758986167,6.087206963211557,245.0,45.0,220.93217617588692,188.3856326755573,-0.8311444855154034,pressure-coherent European sites
newyork-the-battery,New York,1980,-3,-0.1837074470391327,-0.3060084490375045,6.538673496423371,0.22024002276585541,301.0,20.0,-4.823374612292425,-4.59280553012325,-0.26136722754246877,weak/regime-dependent daily-local sites
newyork-the-battery,New York,1980,-2,-0.0225129673051086,-0.14481396930348045,4.038673496423371,-1.0297599772341446,197.0,20.0,14.252046199707252,14.482615281876427,-0.26136722754246877,weak/regime-dependent daily-local sites
newyork-the-battery,New York,1980,-1,0.1570517212054844,0.034750719207112576,-24.161326503576674,6.942462244988076,126.0,20.0,38.055182437484426,38.2857515196536,-0.26136722754246877,weak/regime-dependent daily-local sites
newyork-the-battery,New York,1980,0,0.9409747187490284,0.8186737167506566,-25.161326503576674,2.6924622449880777,2.0,20.0,-53.4969290416024,-53.266359959433224,-0.26136722754246877,weak/regime-dependent daily-local sites
newyork-the-battery,New York,1980,1,0.5154692669759642,0.39316826497759233,-0.0613265035766517,0.8035733560991885,320.0,20.0,-15.742283950617272,-15.511714868448097,-0.26136722754246877,weak/regime-dependent daily-local sites
newyork-the-battery,New York,1980,2,0.2837527840320588,0.16145178203368693,-0.8613265035767199,-1.1130933105674776,142.0,20.0,7.232825513133612,7.463394595302787,-0.26136722754246877,weak/regime-dependent daily-local sites
newyork-the-battery,New York,1980,3,0.2929270227003986,0.17062602070202676,-9.561326503576652,0.44246224498807685,98.0,20.0,-5.730565978164492,-5.499996895995317,-0.26136722754246877,weak/regime-dependent daily-local sites
newyork-the-battery,New York,1981,-3,0.0233487085526234,-0.09895229344574843,9.838673496423326,-1.751982199456367,232.0,20.0,7.917732996522185,8.14830207869136,-0.26136722754246877,weak/regime-dependent daily-local sites
newyork-the-battery,New York,1981,-2,0.073313449295654,-0.04898755270271783,3.63867349642328,-1.613093310567478,200.0,20.0,10.204475308641975,10.43504439081115,-0.26136722754246877,weak/regime-dependent daily-local sites
newyork-the-battery,New York,1981,-1,0.1833328661554307,0.06103186415705887,-15.36132650357672,1.1369066894325215,115.0,20.0,3.0797719096232616,3.3103409917924367,-0.26136722754246877,weak/regime-dependent daily-local sites
newyork-the-battery,New York,1981,0,0.5753592971977299,0.4530582951993581,-13.961326503576629,1.6369066894325215,44.0,20.0,-37.94033233962603,-37.709763257456856,-0.26136722754246877,weak/regime-dependent daily-local sites
newyork-the-battery,New York,1981,1,0.453042224058473,0.33074122206010115,-1.0613265035766517,1.998017800543633,86.0,20.0,-18.838246142457486,-18.60767706028831,-0.26136722754246877,weak/regime-dependent daily-local sites
newyork-the-battery,New York,1981,2,0.5650284454432823,0.4427274434449105,-3.461326503576629,1.7757955783214108,103.0,20.0,-5.281851195774477,-5.0512821136053025,-0.26136722754246877,weak/regime-dependent daily-local sites
newyork-the-battery,New York,1981,3,0.5250423585131273,0.40274135651475546,-9.261326503576697,1.6091289116547447,108.0,20.0,-1.436938305202283,-1.206369223033108,-0.26136722754246877,weak/regime-dependent daily-local sites
newyork-the-battery,New York,1982,-3,0.0896404210187621,-0.032660580979609735,4.438673496423348,-0.5575377550119223,227.0,20.0,16.093805343152397,16.324374425321572,-0.26136722754246877,weak/regime-dependent daily-local sites
newyork-the-battery,New York,1982,-2,0.0012278401329784,-0.12107316186539344,1.2386734964233028,-0.6130933105674776,232.0,20.0,14.920019012702674,15.15058809487185,-0.26136722754246877,weak/regime-dependent daily-local sites
newyork-the-battery,New York,1982,-1,0.1566043062730446,0.03430330427467278,3.738673496423303,1.0813511338769661,69.0,20.0,-22.751479165855987,-22.52091008368681,-0.26136722754246877,weak/regime-dependent daily-local sites
newyork-the-battery,New York,1982,0,0.6986263732822331,0.5763253712838613,8.938673496423348,0.5813511338769661,55.0,20.0,-23.788276496034324,-23.55770741386515,-0.26136722754246877,weak/regime-dependent daily-local sites
newyork-the-battery,New York,1982,1,0.4124625444728232,0.29016154247445136,-3.461326503576629,-1.5297599772341446,78.0,20.0,-5.693360983937613,-5.462791901768439,-0.26136722754246877,weak/regime-dependent daily-local sites
newyork-the-battery,New York,1982,2,0.0742926606623768,-0.04800834133599503,-7.86132650357672,1.5535733560991885,334.0,20.0,-28.108471917623657,-27.87790283545448,-0.26136722754246877,weak/regime-dependent daily-local sites
newyork-the-battery,New York,1982,3,0.2463172838424853,0.12401628184411347,-12.561326503576652,-2.113093310567478,31.0,20.0,-7.126643648965331,-6.896074566796156,-0.26136722754246877,weak/regime-dependent daily-local sites
newyork-the-battery,New York,1983,-3,0.1663544114536887,0.04405340945531687,-3.0613265035766517,0.4702400227658554,345.0,20.0,-22.81742962872886,-22.586860546559684,-0.26136722754246877,weak/regime-dependent daily-local sites
newyork-the-battery,New York,1983,-2,0.2023222836745349,0.08002128167616306,6.63867349642328,0.41468446721030006,86.0,20.0,-11.092361043882008,-10.861791961712832,-0.26136722754246877,weak/regime-dependent daily-local sites
newyork-the-battery,New York,1983,-1,0.4773249708571828,0.35502396885881093,-5.36132650357672,3.9702400227658563,69.0,20.0,-50.548943209009344,-50.31837412684017,-0.26136722754246877,weak/regime-dependent daily-local sites
newyork-the-battery,New York,1983,0,1.0008693818337029,0.8785683798353311,-19.161326503576674,3.9424622449880777,79.0,20.0,-39.43260261030103,-39.20203352813186,-0.26136722754246877,weak/regime-dependent daily-local sites
newyork-the-battery,New York,1983,1,0.4168351307208501,0.29453412872247825,-18.56132650357665,1.498017800543633,280.0,20.0,6.90425690354882,7.1348259857179945,-0.26136722754246877,weak/regime-dependent daily-local sites
newyork-the-battery,New York,1983,2,0.1853791767773476,0.06307817477897577,-22.96132650357663,4.192462244988078,145.0,20.0,46.45969134443475,46.69026042660393,-0.26136722754246877,weak/regime-dependent daily-local sites
newyork-the-battery,New York,1983,3,0.5530896252647546,0.43078862326638273,-21.46132650357663,2.1924622449880777,272.0,20.0,15.14183272437241,15.372401806541586,-0.26136722754246877,weak/regime-dependent daily-local sites
newyork-the-battery,New York,1984,-3,0.1237399501156192,0.00143894811724736,-3.0613265035766517,-1.3630933105674776,150.0,20.0,7.626159171713142,7.856728253882316,-0.26136722754246877,weak/regime-dependent daily-local sites
newyork-the-battery,New York,1984,-2,0.1320047531902322,0.009703751191860358,-9.36132650357672,2.4424622449880777,67.0,20.0,-35.847538800785074,-35.6169697186159,-0.26136722754246877,weak/regime-dependent daily-local sites
newyork-the-battery,New York,1984,-1,0.9071661806144508,0.784865178616079,-35.2613265035767,8.442462244988079,55.0,20.0,-143.81238077548613,-143.58181169331695,-0.26136722754246877,weak/regime-dependent daily-local sites
newyork-the-battery,New York,1984,0,0.9969179558467992,0.8746169538484274,-27.36132650357672,3.498017800543633,1.0,20.0,-65.22400167990318,-64.99343259773401,-0.26136722754246877,weak/regime-dependent daily-local sites
newyork-the-battery,New York,1984,1,0.4221367671160283,0.29983576511765647,-5.86132650357672,0.44246224498807685,352.0,20.0,-24.33624302817416,-24.105673946004984,-0.26136722754246877,weak/regime-dependent daily-local sites
newyork-the-battery,New York,1984,2,0.0970093419312513,-0.02529166006712054,1.038673496423371,-0.9742044216785888,309.0,20.0,-4.7840431585509995,-4.553474076381825,-0.26136722754246877,weak/regime-dependent daily-local sites
newyork-the-battery,New York,1984,3,0.033479233500786,-0.08882176849758583,2.4386734964233483,-0.11309331056747851,281.0,20.0,3.4474728055663757,3.6780418877355507,-0.26136722754246877,weak/regime-dependent daily-local sites
newyork-the-battery,New York,1985,-3,0.1564923800643658,0.03419137806599397,5.63867349642328,0.8035733560991885,319.0,20.0,-15.26402140781754,-15.033452325648364,-0.26136722754246877,weak/regime-dependent daily-local sites
newyork-the-battery,New York,1985,-2,0.0715472114842095,-0.05075379051416233,10.938673496423348,-1.6964266439008115,15.0,20.0,-9.64218078152998,-9.411611699360805,-0.26136722754246877,weak/regime-dependent daily-local sites
newyork-the-battery,New York,1985,-1,0.2499372969190428,0.12763629492067097,-14.761326503576697,7.3035733560991885,93.0,20.0,-42.884792886553505,-42.65422380438433,-0.26136722754246877,weak/regime-dependent daily-local sites
newyork-the-battery,New York,1985,0,1.3533469727662446,1.2310459707678727,-13.86132650357672,0.05357335609918845,189.0,20.0,23.19624420762709,23.426813289796264,-0.26136722754246877,weak/regime-dependent daily-local sites
newyork-the-battery,New York,1985,1,0.1761861589923924,0.053885156994020564,-7.761326503576697,0.44246224498807685,249.0,20.0,18.082626986550864,18.31319606872004,-0.26136722754246877,weak/regime-dependent daily-local sites
newyork-the-battery,New York,1985,2,0.0940620287871855,-0.028238973211186333,-1.1613265035766744,0.33135113387696613,246.0,20.0,18.344662599505536,18.575231681674712,-0.26136722754246877,weak/regime-dependent daily-local sites
newyork-the-battery,New York,1985,3,0.0650379443568635,-0.05726305764150834,0.4386734964233483,-0.2519821994563669,237.0,20.0,16.57415175789505,16.804720840064224,-0.26136722754246877,weak/regime-dependent daily-local sites
newyork-the-battery,New York,1986,-3,0.0806191081476675,-0.04168189385070434,7.13867349642328,0.05357335609918845,328.0,20.0,-14.548327686611326,-14.317758604442151,-0.26136722754246877,weak/regime-dependent daily-local sites
newyork-the-battery,New York,1986,-2,0.0376690810297516,-0.08463192096862024,16.238673496423417,0.8869066894325224,15.0,20.0,-32.30330415687161,-32.072735074702436,-0.26136722754246877,weak/regime-dependent daily-local sites
newyork-the-battery,New York,1986,-1,0.4131637826633165,0.29086278066494464,8.738673496423303,3.581351133876967,89.0,20.0,-25.21959141229134,-24.989022330122165,-0.26136722754246877,weak/regime-dependent daily-local sites
newyork-the-battery,New York,1986,0,0.937601685531154,0.8153006835327822,-13.661326503576674,3.914684467210299,93.0,20.0,-22.24280910404548,-22.012240021876305,-0.26136722754246877,weak/regime-dependent daily-local sites
newyork-the-battery,New York,1986,1,0.0274258889583495,-0.09487511304002233,-4.561326503576652,1.748017800543633,262.0,20.0,20.175685309354154,20.40625439152333,-0.26136722754246877,weak/regime-dependent daily-local sites
newyork-the-battery,New York,1986,2,0.0219449775468503,-0.10035602445152153,7.538673496423371,0.7480178005436331,293.0,20.0,-1.6153072914488764,-1.3847382092797016,-0.26136722754246877,weak/regime-dependent daily-local sites
newyork-the-battery,New York,1986,3,0.0716220493260751,-0.05067895267229673,14.838673496423326,-0.2519821994563669,232.0,20.0,17.59961542764138,17.830184509810554,-0.26136722754246877,weak/regime-dependent daily-local sites
newyork-the-battery,New York,1987,-3,-0.1547488774086441,-0.2770498794070159,-1.961326503576629,1.8313511338769661,175.0,20.0,39.945375851327526,40.1759449334967,-0.26136722754246877,weak/regime-dependent daily-local sites
newyork-the-battery,New York,1987,-2,0.2279245019077589,0.10562349990938706,-0.2613265035766972,-0.30753775501192226,177.0,20.0,18.640223282411917,18.870792364581092,-0.26136722754246877,weak/regime-dependent daily-local sites
newyork-the-battery,New York,1987,-1,0.087954437972183,-0.03434656402618884,-9.461326503576629,6.081351133876967,101.0,20.0,-18.54810620057256,-18.317537118403383,-0.26136722754246877,weak/regime-dependent daily-local sites
newyork-the-battery,New York,1987,0,1.0179613700473278,0.895660368048956,-6.761326503576697,0.6646844672103001,52.0,20.0,-25.394983459671867,-25.16441437750269,-0.26136722754246877,weak/regime-dependent daily-local sites
newyork-the-battery,New York,1987,1,0.2448415407805205,0.12254053878214867,-7.761326503576697,0.16468446721029917,52.0,20.0,-20.966287846410523,-20.735718764241348,-0.26136722754246877,weak/regime-dependent daily-local sites
newyork-the-battery,New York,1987,2,0.3476357687459518,0.22533476674757996,-12.461326503576629,-1.001982199456367,315.0,20.0,-6.120464625471592,-5.889895543302417,-0.26136722754246877,weak/regime-dependent daily-local sites
newyork-the-battery,New York,1987,3,0.079101306776804,-0.04319969522156783,-10.86132650357672,0.22024002276585541,337.0,20.0,-18.487560662612378,-18.256991580443202,-0.26136722754246877,weak/regime-dependent daily-local sites
newyork-the-battery,New York,1988,-3,0.0563240663337043,-0.06597693566466753,-5.561326503576652,-0.3908710883452553,321.0,20.0,-10.046819114044037,-9.816250031874862,-0.26136722754246877,weak/regime-dependent daily-local sites
newyork-the-battery,New York,1988,-2,0.0760281569997206,-0.04627284499865124,-3.0613265035766517,0.5535733560991893,111.0,20.0,0.501608555078994,0.732177637248169,-0.26136722754246877,weak/regime-dependent daily-local sites
newyork-the-battery,New York,1988,-1,0.5187218948256531,0.39642089282728127,-9.061326503576652,1.0813511338769661,75.0,20.0,-19.891064317408496,-19.66049523523932,-0.26136722754246877,weak/regime-dependent daily-local sites
newyork-the-battery,New York,1988,0,0.6613527599137627,0.539051757915391,-9.36132650357672,1.1091289116547447,3.0,20.0,-33.47730746395599,-33.24673838178681,-0.26136722754246877,weak/regime-dependent daily-local sites
newyork-the-battery,New York,1988,1,0.3354413062312489,0.21314030423287705,-7.161326503576674,1.3035733560991885,349.0,20.0,-32.01149487189987,-31.780925789730695,-0.26136722754246877,weak/regime-dependent daily-local sites
newyork-the-battery,New York,1988,2,0.2048627358967651,0.08256173389839326,-4.161326503576674,2.2202400227658554,332.0,20.0,-33.048133474092715,-32.81756439192354,-0.26136722754246877,weak/regime-dependent daily-local sites
newyork-the-battery,New York,1988,3,0.1282983844630276,0.005997382464655768,-3.461326503576629,0.6646844672103001,15.0,20.0,-29.831265461606915,-29.60069637943774,-0.26136722754246877,weak/regime-dependent daily-local sites
newyork-the-battery,New York,1989,-3,0.071662871961117,-0.05063813003725484,-1.6613265035766744,-0.33531553278969994,219.0,20.0,18.911101078788494,19.14167016095767,-0.26136722754246877,weak/regime-dependent daily-local sites
newyork-the-battery,New York,1989,-2,0.2330489564821228,0.11074795448375095,0.4386734964233483,0.3591289116547447,36.0,20.0,-25.660346938797904,-25.42977785662873,-0.26136722754246877,weak/regime-dependent daily-local sites
newyork-the-battery,New York,1989,-1,0.309917717049699,0.18761671505132715,6.538673496423371,2.3591289116547447,50.0,20.0,-44.48002698881743,-44.24945790664825,-0.26136722754246877,weak/regime-dependent daily-local sites
newyork-the-battery,New York,1989,0,0.6845866611439949,0.5622856591456231,-7.561326503576652,3.3035733560991885,147.0,20.0,39.593484671324255,39.82405375349343,-0.26136722754246877,weak/regime-dependent daily-local sites
newyork-the-battery,New York,1989,1,0.3051509465529424,0.18284994455457054,-5.36132650357672,2.1924622449880777,226.0,20.0,44.04090826865918,44.271477350828356,-0.26136722754246877,weak/regime-dependent daily-local sites
newyork-the-battery,New York,1989,2,-0.0223506670456034,-0.14465166904397525,-0.5613265035766517,2.248017800543633,282.0,20.0,6.928157238842264,7.1587263210114385,-0.26136722754246877,weak/regime-dependent daily-local sites
newyork-the-battery,New York,1989,3,0.1146698336074246,-0.0076311683909472405,11.238673496423303,-2.5853155327897,170.0,20.0,4.276668660663895,4.50723774283307,-0.26136722754246877,weak/regime-dependent daily-local sites
newyork-the-battery,New York,1990,-3,-0.0576098695378523,-0.17991087153622415,12.538673496423371,-0.418648866123033,223.0,20.0,17.73108268640951,17.961651768578687,-0.26136722754246877,weak/regime-dependent daily-local sites
newyork-the-battery,New York,1990,-2,0.0164341152855917,-0.10586688671278013,12.338673496423326,-1.5575377550119227,225.0,20.0,9.572876000574615,9.80344508274379,-0.26136722754246877,weak/regime-dependent daily-local sites
newyork-the-battery,New York,1990,-1,0.1234614502086505,0.001160448210278664,11.338673496423326,2.3591289116547447,113.0,20.0,2.68803286370009,2.918601945869265,-0.26136722754246877,weak/regime-dependent daily-local sites
newyork-the-battery,New York,1990,0,0.5751182855654544,0.45281728356708256,-9.161326503576674,3.5257955783214117,164.0,20.0,56.181735720482465,56.41230480265164,-0.26136722754246877,weak/regime-dependent daily-local sites
newyork-the-battery,New York,1990,1,-0.0541322789453343,-0.17643328094370614,-2.761326503576697,2.664684467210299,298.0,20.0,-7.77060552358894,-7.540036441419765,-0.26136722754246877,weak/regime-dependent daily-local sites
newyork-the-battery,New York,1990,2,0.0446666065291107,-0.07763439546926114,0.6386734964232801,0.13690668943252238,278.0,20.0,5.082927478294665,5.31349656046384,-0.26136722754246877,weak/regime-dependent daily-local sites
newyork-the-battery,New York,1990,3,0.0618878947692457,-0.060413107229126135,3.3386734964233256,-2.3908710883452557,265.0,20.0,2.4682080425272797,2.6987771246964547,-0.26136722754246877,weak/regime-dependent daily-local sites
newyork-the-battery,New York,1991,-3,0.4906651233513716,0.36836412135299973,12.13867349642328,0.41468446721030006,58.0,20.0,-21.49031795947221,-21.259748877303036,-0.26136722754246877,weak/regime-dependent daily-local sites
newyork-the-battery,New York,1991,-2,0.1048984583124492,-0.01740254368592263,11.63867349642328,0.13690668943252238,324.0,20.0,-13.670885766641314,-13.440316684472139,-0.26136722754246877,weak/regime-dependent daily-local sites
newyork-the-battery,New York,1991,-1,0.0192765601491442,-0.10302444184922764,17.13867349642328,2.0257955783214117,78.0,20.0,-24.74428564377827,-24.513716561609094,-0.26136722754246877,weak/regime-dependent daily-local sites
newyork-the-battery,New York,1991,0,0.7663798316501411,0.6440788296517693,-7.561326503576652,2.831351133876966,79.0,20.0,-30.05382285113646,-29.823253768967284,-0.26136722754246877,weak/regime-dependent daily-local sites
newyork-the-battery,New York,1991,1,0.2340833934501096,0.11178239145173775,-7.161326503576674,0.16468446721029917,332.0,20.0,-16.542911850574207,-16.31234276840503,-0.26136722754246877,weak/regime-dependent daily-local sites
newyork-the-battery,New York,1991,2,0.111147832486921,-0.01115316951145083,5.338673496423326,-1.0575377550119223,209.0,20.0,13.889367289619125,14.1199363717883,-0.26136722754246877,weak/regime-dependent daily-local sites
newyork-the-battery,New York,1991,3,0.0682459356111604,-0.05405506638721144,6.438673496423348,-2.113093310567478,248.0,20.0,4.85790885434452,5.088477936513694,-0.26136722754246877,weak/regime-dependent daily-local sites
newyork-the-battery,New York,1992,-3,0.0522007317798086,-0.07010027021856324,10.038673496423371,-0.8630933105674781,339.0,20.0,-11.742256154021579,-11.511687071852403,-0.26136722754246877,weak/regime-dependent daily-local sites
newyork-the-battery,New York,1992,-2,0.1290202592570148,0.0067192572586429605,3.13867349642328,1.8035733560991885,93.0,20.0,-12.77862873635393,-12.548059654184755,-0.26136722754246877,weak/regime-dependent daily-local sites
newyork-the-battery,New York,1992,-1,0.9797767806889056,0.8574757786905338,-17.56132650357665,9.998017800543632,63.0,20.0,-160.31600442846334,-160.08543534629416,-0.26136722754246877,weak/regime-dependent daily-local sites
newyork-the-battery,New York,1992,0,1.321177624452791,1.1988766224544192,-13.061326503576652,6.081351133876967,58.0,20.0,-93.43278120541923,-93.20221212325006,-0.26136722754246877,weak/regime-dependent daily-local sites
newyork-the-battery,New York,1992,1,0.3490954286205473,0.22679442662217547,-1.5613265035766517,3.498017800543633,13.0,20.0,-68.46806983247363,-68.23750075030446,-0.26136722754246877,weak/regime-dependent daily-local sites
newyork-the-battery,New York,1992,2,0.7584552909825699,0.6361542889841981,14.338673496423326,0.41468446721030006,20.0,20.0,-27.271604938271604,-27.04103585610243,-0.26136722754246877,weak/regime-dependent daily-local sites
newyork-the-battery,New York,1992,3,0.3851508528260896,0.2628498508277177,10.938673496423348,-2.1686488661230334,323.0,20.0,-3.792721675162515,-3.56215259299334,-0.26136722754246877,weak/regime-dependent daily-local sites
newyork-the-battery,New York,1993,-3,0.232279565383688,0.10997856338531616,-10.161326503576674,2.998017800543633,303.0,20.0,-13.705524847257632,-13.474955765088456,-0.26136722754246877,weak/regime-dependent daily-local sites
newyork-the-battery,New York,1993,-2,0.0863776006325686,-0.03592340136580324,3.4386734964233483,0.33135113387696613,303.0,20.0,-5.940547712128675,-5.7099786299595,-0.26136722754246877,weak/regime-dependent daily-local sites
newyork-the-battery,New York,1993,-1,0.0572058112230129,-0.06509519077535894,-37.96132650357663,6.609128911654744,50.0,20.0,-112.87799169187588,-112.64742260970671,-0.26136722754246877,weak/regime-dependent daily-local sites
newyork-the-battery,New York,1993,0,1.1639368555717895,1.0416358535734176,-50.96132650357663,5.164684467210299,38.0,20.0,-94.57802073814482,-94.34745165597565,-0.26136722754246877,weak/regime-dependent daily-local sites
newyork-the-battery,New York,1993,1,-0.4715242155805789,-0.5938252175789507,-1.7613265035766972,0.8869066894325224,281.0,20.0,5.0726530812621045,5.303222163431279,-0.26136722754246877,weak/regime-dependent daily-local sites
newyork-the-battery,New York,1993,2,0.0958871517483209,-0.02641385025005094,19.438673496423235,1.0813511338769661,190.0,20.0,34.152160224830766,34.38272930699994,-0.26136722754246877,weak/regime-dependent daily-local sites
newyork-the-battery,New York,1993,3,0.0508334781784019,-0.07146752381996993,5.438673496423348,1.0535733560991893,194.0,20.0,34.16443619111952,34.395005273288696,-0.26136722754246877,weak/regime-dependent daily-local sites
newyork-the-battery,New York,1994,-3,0.0125837802729437,-0.10971722172542814,8.13867349642328,-2.113093310567478,243.0,20.0,5.309650446400289,5.540219528569463,-0.26136722754246877,weak/regime-dependent daily-local sites
newyork-the-battery,New York,1994,-2,0.2404939758451697,0.11819297384679787,-8.961326503576629,3.609128911654744,5.0,20.0,-68.42645384704713,-68.19588476487796,-0.26136722754246877,weak/regime-dependent daily-local sites
newyork-the-battery,New York,1994,-1,0.4712399527575719,0.34893895075920006,-22.161326503576674,8.609128911654743,10.0,20.0,-177.27223448492668,-177.0416654027575,-0.26136722754246877,weak/regime-dependent daily-local sites
newyork-the-battery,New York,1994,0,1.4588438557654877,1.3365428537671158,-13.36132650357672,2.1924622449880777,9.0,20.0,-48.09973198893554,-47.86916290676636,-0.26136722754246877,weak/regime-dependent daily-local sites
newyork-the-battery,New York,1994,1,0.2813005276179484,0.15899952561957653,-1.36132650357672,-0.2797599772341446,346.0,20.0,-16.995909926863348,-16.765340844694173,-0.26136722754246877,weak/regime-dependent daily-local sites
newyork-the-battery,New York,1994,2,0.1494333626034329,0.027132360605061065,7.238673496423303,-2.3353155327897,14.0,20.0,-6.078401183034023,-5.847832100864848,-0.26136722754246877,weak/regime-dependent daily-local sites
newyork-the-battery,New York,1994,3,0.0384476220636912,-0.08385337993468064,-4.961326503576629,-0.5019821994563669,224.0,20.0,16.935130879524294,17.16569996169347,-0.26136722754246877,weak/regime-dependent daily-local sites
newyork-the-battery,New York,1995,-3,0.23517141184691,0.11287040984853818,-22.761326503576697,7.942462244988078,160.0,20.0,124.53009978452886,124.76066886669803,-0.26136722754246877,weak/regime-dependent daily-local sites
newyork-the-battery,New York,1995,-2,-0.7130315539160799,-0.8353325559144517,6.038673496423371,-0.9186488661230334,270.0,20.0,5.172526858937585,5.403095941106759,-0.26136722754246877,weak/regime-dependent daily-local sites
newyork-the-battery,New York,1995,-1,0.1999832519658747,0.07768224996750285,-11.161326503576674,4.525795578321412,46.0,20.0,-78.29494803317189,-78.06437895100272,-0.26136722754246877,weak/regime-dependent daily-local sites
newyork-the-battery,New York,1995,0,0.8344400739325615,0.7121390719341897,-20.36132650357672,4.3035733560991885,57.0,20.0,-66.29660703158021,-66.06603794941104,-0.26136722754246877,weak/regime-dependent daily-local sites
newyork-the-battery,New York,1995,1,0.0645099429555508,-0.05779105904282103,-2.961326503576629,1.3035733560991885,238.0,20.0,29.428796662473257,29.659365744642432,-0.26136722754246877,weak/regime-dependent daily-local sites
newyork-the-battery,New York,1995,2,0.0211381963760627,-0.10116280562230914,8.13867349642328,-1.4742044216785892,261.0,20.0,5.386773558292633,5.617342640461808,-0.26136722754246877,weak/regime-dependent daily-local sites
newyork-the-battery,New York,1995,3,0.1072936707831391,-0.015007331215232733,9.938673496423348,-1.8908710883452557,158.0,20.0,6.321891744512553,6.5524608266817275,-0.26136722754246877,weak/regime-dependent daily-local sites
newyork-the-battery,New York,1996,-3,0.0697649733799164,-0.05253602861845544,0.538673496423371,-1.2797599772341446,255.0,20.0,7.138282671223781,7.368851753392955,-0.26136722754246877,weak/regime-dependent daily-local sites
newyork-the-battery,New York,1996,-2,0.1641651070939246,0.04186410509555276,0.4386734964233483,1.7202400227658554,105.0,20.0,-3.7138702879933776,-3.4833012058242026,-0.26136722754246877,weak/regime-dependent daily-local sites
newyork-the-battery,New York,1996,-1,0.6206379584091589,0.49833695641078707,-14.961326503576629,7.5535733560991885,81.0,20.0,-74.0774884639513,-73.84691938178213,-0.26136722754246877,weak/regime-dependent daily-local sites
newyork-the-battery,New York,1996,0,1.0146995928834044,0.8923985908850326,-14.061326503576652,2.248017800543633,83.0,20.0,-22.60003941450355,-22.369470332334373,-0.26136722754246877,weak/regime-dependent daily-local sites
newyork-the-battery,New York,1996,1,0.2591935814847285,0.13689257948635664,-3.761326503576697,-1.8353155327897004,237.0,20.0,7.05522990318785,7.285798985357024,-0.26136722754246877,weak/regime-dependent daily-local sites
newyork-the-battery,New York,1996,2,0.1610503284905566,0.03874932649218475,1.3386734964233256,-1.7242044216785892,257.0,20.0,5.177853048163696,5.408422130332871,-0.26136722754246877,weak/regime-dependent daily-local sites
newyork-the-battery,New York,1996,3,0.1128686320730975,-0.00943236992527434,-5.261326503576697,-0.029759977234144586,170.0,20.0,19.76890088391885,19.999469966088025,-0.26136722754246877,weak/regime-dependent daily-local sites
newyork-the-battery,New York,1997,-3,0.113599707706593,-0.008701294291778836,4.938673496423348,-1.946426643900811,258.0,20.0,4.337896199267034,4.568465281436208,-0.26136722754246877,weak/regime-dependent daily-local sites
newyork-the-battery,New York,1997,-2,0.1258766201847386,0.003575618186366772,6.63867349642328,-0.418648866123033,163.0,20.0,15.383593266065299,15.614162348234474,-0.26136722754246877,weak/regime-dependent daily-local sites
newyork-the-battery,New York,1997,-1,0.1730116962877883,0.05071069428941648,-16.06132650357665,4.164684467210299,82.0,20.0,-37.792823050840425,-37.56225396867125,-0.26136722754246877,weak/regime-dependent daily-local sites
newyork-the-battery,New York,1997,0,0.9486138565500292,0.8263128545516574,-18.661326503576674,2.5535733560991885,195.0,20.0,53.9797628653494,54.210331947518576,-0.26136722754246877,weak/regime-dependent daily-local sites
newyork-the-battery,New York,1997,1,0.2384962196037184,0.11619521760534655,-11.961326503576629,0.30357335609918845,197.0,20.0,26.087655500502198,26.318224582671373,-0.26136722754246877,weak/regime-dependent daily-local sites
newyork-the-battery,New York,1997,2,0.0308301901111828,-0.09147081188718903,0.8386734964233256,0.6091289116547447,254.0,20.0,17.245782575942346,17.476351658111522,-0.26136722754246877,weak/regime-dependent daily-local sites
newyork-the-battery,New York,1997,3,0.050254713414314,-0.07204628858405784,6.938673496423348,-0.5019821994563669,270.0,20.0,6.340303968672218,6.570873050841392,-0.26136722754246877,weak/regime-dependent daily-local sites
newyork-the-battery,New York,1998,-3,0.1675447740382484,0.045243772039876576,11.038673496423371,-1.6686488661230334,158.0,20.0,7.321926139290775,7.5524952214599494,-0.26136722754246877,weak/regime-dependent daily-local sites
newyork-the-battery,New York,1998,-2,0.0649337327666676,-0.05736726923170424,7.338673496423326,-1.8908710883452557,176.0,20.0,7.771480455640179,8.002049537809354,-0.26136722754246877,weak/regime-dependent daily-local sites
newyork-the-battery,New York,1998,-1,0.1928248169853839,0.07052381498701206,-2.261326503576697,2.831351133876966,44.0,20.0,-53.3077741004797,-53.07720501831052,-0.26136722754246877,weak/regime-dependent daily-local sites
newyork-the-battery,New York,1998,0,0.8069163007414376,0.6846152987430658,-10.36132650357672,4.636906689432522,40.0,20.0,-83.81826154540973,-83.58769246324056,-0.26136722754246877,weak/regime-dependent daily-local sites
newyork-the-battery,New York,1998,1,0.611082992704731,0.48878199070635914,-7.86132650357672,1.8869066894325224,27.0,20.0,-44.48153783447503,-44.25096875230585,-0.26136722754246877,weak/regime-dependent daily-local sites
newyork-the-battery,New York,1998,2,0.4165470530247072,0.29424605102633533,1.7386734964233028,-0.6408710883452553,48.0,20.0,-15.328951264911929,-15.098382182742753,-0.26136722754246877,weak/regime-dependent daily-local sites
newyork-the-battery,New York,1998,3,0.4199670433749235,0.29766604137655167,2.738673496423303,0.16468446721029917,38.0,20.0,-23.51296438164584,-23.282395299476665,-0.26136722754246877,weak/regime-dependent daily-local sites
newyork-the-battery,New York,1999,-3,0.1202272959814038,-0.0020737060169680327,5.738673496423303,-2.113093310567478,138.0,20.0,3.4083780356886146,3.6389471178577897,-0.26136722754246877,weak/regime-dependent daily-local sites
newyork-the-battery,New York,1999,-2,0.1899945567474466,0.06769355474907478,4.238673496423303,-1.1130933105674776,57.0,20.0,-10.900511988600744,-10.669942906431569,-0.26136722754246877,weak/regime-dependent daily-local sites
newyork-the-battery,New York,1999,-1,0.2243998615108125,0.10209885951244067,-27.06132650357665,6.081351133876967,67.0,20.0,-80.86311419802759,-80.63254511585842,-0.26136722754246877,weak/regime-dependent daily-local sites
newyork-the-battery,New York,1999,0,0.9426878060374528,0.820386804039081,-27.86132650357672,6.248017800543633,344.0,20.0,-98.88235183408116,-98.651782751912,-0.26136722754246877,weak/regime-dependent daily-local sites
newyork-the-battery,New York,1999,1,-0.5449543094757208,-0.6672553114740926,2.13867349642328,0.22024002276585541,311.0,20.0,-9.05902190976356,-8.828452827594385,-0.26136722754246877,weak/regime-dependent daily-local sites
newyork-the-battery,New York,1999,2,0.0804779301073633,-0.041823071891008534,5.938673496423348,-1.8353155327897004,147.0,20.0,5.316497067953548,5.547066150122722,-0.26136722754246877,weak/regime-dependent daily-local sites
newyork-the-battery,New York,1999,3,0.1309491888988881,0.008648186900516261,2.038673496423371,-0.6130933105674776,155.0,20.0,12.440387127958697,12.670956210127873,-0.26136722754246877,weak/regime-dependent daily-local sites
newyork-the-battery,New York,2000,-3,-0.1058010218696097,-0.22810202386798153,2.9386734964233483,1.248017800543633,326.0,20.0,-21.55394006940394,-21.323370987234764,-0.26136722754246877,weak/regime-dependent daily-local sites
newyork-the-battery,New York,2000,-2,0.2561497507319168,0.13384874873354496,-0.8613265035767199,-1.2797599772341446,317.0,20.0,-5.650009853625891,-5.419440771456716,-0.26136722754246877,weak/regime-dependent daily-local sites
newyork-the-battery,New York,2000,-1,0.1104440852490269,-0.011856916749344942,-12.761326503576697,0.498017800543634,47.0,20.0,-25.080871148854825,-24.85030206668565,-0.26136722754246877,weak/regime-dependent daily-local sites
newyork-the-battery,New York,2000,0,0.5710000683596079,0.4486990663612361,-11.86132650357672,4.942462244988078,313.0,20.0,-37.14387790201161,-36.913308819842435,-0.26136722754246877,weak/regime-dependent daily-local sites
newyork-the-battery,New York,2000,1,-0.0838149378188583,-0.20611593981723014,-1.1613265035766744,1.998017800543633,292.0,20.0,-1.6163906555305696,-1.3858215733613948,-0.26136722754246877,weak/regime-dependent daily-local sites
newyork-the-battery,New York,2000,2,0.1989791476887124,0.07667814569034055,8.63867349642328,-2.0575377550119223,44.0,20.0,-6.90868752342217,-6.6781184412529955,-0.26136722754246877,weak/regime-dependent daily-local sites
newyork-the-battery,New York,2000,3,0.2615404663170423,0.13923946431867046,5.238673496423303,-1.6964266439008115,42.0,20.0,-8.974223975066188,-8.743654892897013,-0.26136722754246877,weak/regime-dependent daily-local sites
newyork-the-battery,New York,2001,-3,0.0521776598383546,-0.07012334216001723,-10.161326503576674,-1.001982199456367,256.0,20.0,8.098373152193247,8.328942234362422,-0.26136722754246877,weak/regime-dependent daily-local sites
newyork-the-battery,New York,2001,-2,0.1779145999519128,0.05561359795354097,-8.36132650357672,-1.946426643900811,324.0,20.0,-4.57752894515521,-4.3469598629860355,-0.26136722754246877,weak/regime-dependent daily-local sites
newyork-the-battery,New York,2001,-1,0.1683375563702063,0.04603655437183447,0.33867349642332556,1.1369066894325215,82.0,20.0,-16.5894442047397,-16.358875122570524,-0.26136722754246877,weak/regime-dependent daily-local sites
newyork-the-battery,New York,2001,0,0.7825426579213456,0.6602416559229738,-15.461326503576629,2.3591289116547447,341.0,20.0,-39.91508007594276,-39.684510993773586,-0.26136722754246877,weak/regime-dependent daily-local sites
newyork-the-battery,New York,2001,1,0.321537478497111,0.19923647649873916,-22.161326503576674,3.748017800543633,353.0,20.0,-65.21947755447944,-64.98890847231027,-0.26136722754246877,weak/regime-dependent daily-local sites
newyork-the-battery,New York,2001,2,0.5698097366898434,0.4475087346914715,-14.761326503576697,0.9980178005436331,356.0,20.0,-30.79057032043707,-30.560001238267894,-0.26136722754246877,weak/regime-dependent daily-local sites
newyork-the-battery,New York,2001,3,0.2834853541787323,0.16118435218036042,1.13867349642328,-1.0853155327897,160.0,20.0,10.613498472719419,10.844067554888595,-0.26136722754246877,weak/regime-dependent daily-local sites
newyork-the-battery,New York,2002,-3,0.0646622872966118,-0.05763871470176003,-6.36132650357672,1.5535733560991885,278.0,20.0,8.412883470813359,8.643452552982534,-0.26136722754246877,weak/regime-dependent daily-local sites
newyork-the-battery,New York,2002,-2,0.0842211676514672,-0.03807983434690464,-0.3613265035767199,-0.668648866123033,277.0,20.0,3.853501819049493,4.084070901218668,-0.26136722754246877,weak/regime-dependent daily-local sites
newyork-the-battery,New York,2002,-1,0.3122723557097192,0.18997135371134732,-29.761326503576697,5.220240022765856,357.0,20.0,-92.56258719658602,-92.33201811441685,-0.26136722754246877,weak/regime-dependent daily-local sites
newyork-the-battery,New York,2002,0,0.584820663035929,0.4625196610375571,-26.161326503576674,3.4702400227658563,328.0,20.0,-42.186112387978206,-41.95554330580903,-0.26136722754246877,weak/regime-dependent daily-local sites
newyork-the-battery,New York,2002,1,0.4693217540084198,0.34702075201004795,5.238673496423303,-0.057537755011922265,288.0,20.0,0.7874198943501826,1.0179889765193575,-0.26136722754246877,weak/regime-dependent daily-local sites
newyork-the-battery,New York,2002,2,0.0990102256399528,-0.02329077635841903,1.2386734964233028,-0.9186488661230334,288.0,20.0,0.5278010303773321,0.758370112546507,-0.26136722754246877,weak/regime-dependent daily-local sites
newyork-the-battery,New York,2002,3,0.0620583880909477,-0.060242613907424136,0.33867349642332556,-0.057537755011922265,311.0,20.0,-8.08567686161583,-7.855107779446656,-0.26136722754246877,weak/regime-dependent daily-local sites
newyork-the-battery,New York,2003,-3,0.1809549863293542,0.05865398433098236,2.038673496423371,-0.8908710883452557,328.0,20.0,-9.444418048572077,-9.213848966402901,-0.26136722754246877,weak/regime-dependent daily-local sites
newyork-the-battery,New York,2003,-2,0.1208230350556665,-0.0014779669427053416,7.038673496423371,-0.8908710883452557,40.0,20.0,-14.41514582858383,-14.184576746414654,-0.26136722754246877,weak/regime-dependent daily-local sites
newyork-the-battery,New York,2003,-1,0.2119953796780281,0.08969437767965625,9.238673496423303,3.6924622449880777,66.0,20.0,-50.18906726566255,-49.958498183493376,-0.26136722754246877,weak/regime-dependent daily-local sites
newyork-the-battery,New York,2003,0,1.1375509755782665,1.0152499735798945,2.63867349642328,4.886906689432522,78.0,20.0,-49.80300640653442,-49.57243732436525,-0.26136722754246877,weak/regime-dependent daily-local sites
newyork-the-battery,New York,2003,1,0.4785251992903899,0.35622419729201804,3.9386734964233483,-0.5853155327896999,185.0,20.0,17.219714730387835,17.45028381255701,-0.26136722754246877,weak/regime-dependent daily-local sites
newyork-the-battery,New York,2003,2,-0.0168079295672941,-0.13910893156566595,8.238673496423303,-0.5853155327896999,4.0,20.0,-17.136566530060893,-16.905997447891718,-0.26136722754246877,weak/regime-dependent daily-local sites
newyork-the-battery,New York,2003,3,0.0979910899949315,-0.024309912003440334,6.738673496423303,0.10912891165474381,129.0,20.0,7.870157956009455,8.10072703817863,-0.26136722754246877,weak/regime-dependent daily-local sites
newyork-the-battery,New York,2004,-3,0.4134819892671225,0.29118098726875064,-7.86132650357672,1.748017800543633,282.0,20.0,5.981006968419598,6.211576050588772,-0.26136722754246877,weak/regime-dependent daily-local sites
newyork-the-battery,New York,2004,-2,0.1194223198131853,-0.00287868218518654,5.438673496423348,-1.3908710883452553,291.0,20.0,-0.20373260570190121,0.026836476467273718,-0.26136722754246877,weak/regime-dependent daily-local sites
newyork-the-battery,New York,2004,-1,0.3068959118668197,0.18459490986844784,-12.461326503576629,0.9980178005436331,71.0,20.0,-21.21091358136416,-20.980344499194985,-0.26136722754246877,weak/regime-dependent daily-local sites
newyork-the-battery,New York,2004,0,0.5643178224648652,0.4420168204664933,-18.46132650357663,0.831351133876967,57.0,20.0,-25.394267541310878,-25.163698459141703,-0.26136722754246877,weak/regime-dependent daily-local sites
newyork-the-battery,New York,2004,1,0.2278938643419878,0.10559286234361596,-15.86132650357672,0.4702400227658554,289.0,20.0,0.48613570400150236,0.7167047861706772,-0.26136722754246877,weak/regime-dependent daily-local sites
newyork-the-battery,New York,2004,2,0.1199885204153089,-0.0023124815830629364,-11.86132650357672,1.498017800543633,272.0,20.0,12.286525233909453,12.517094316078628,-0.26136722754246877,weak/regime-dependent daily-local sites
newyork-the-battery,New York,2004,3,0.1675738208227324,0.04527281882436056,-6.36132650357672,0.7480178005436331,321.0,20.0,-15.896236879939933,-15.665667797770757,-0.26136722754246877,weak/regime-dependent daily-local sites
newyork-the-battery,New York,2005,-3,0.235469853470429,0.11316885147205717,5.438673496423348,0.6369066894325224,133.0,20.0,11.582042462996863,11.812611545166039,-0.26136722754246877,weak/regime-dependent daily-local sites
newyork-the-battery,New York,2005,-2,0.1480444841079149,0.025743482109543067,5.038673496423371,-1.6408710883452557,125.0,20.0,2.595379868944723,2.825948951113898,-0.26136722754246877,weak/regime-dependent daily-local sites
newyork-the-battery,New York,2005,-1,0.2538414099773229,0.13154040797895106,-18.761326503576697,5.3035733560991885,138.0,20.0,47.99622236333283,48.22679144550201,-0.26136722754246877,weak/regime-dependent daily-local sites
newyork-the-battery,New York,2005,0,0.8584138302126983,0.7361128282143266,-24.96132650357663,5.081351133876967,134.0,20.0,39.77482654078289,40.005395622952065,-0.26136722754246877,weak/regime-dependent daily-local sites
newyork-the-battery,New York,2005,1,0.0752059372558822,-0.04709506474248963,-14.86132650357672,2.7202400227658554,300.0,20.0,-9.840197388917474,-9.609628306748299,-0.26136722754246877,weak/regime-dependent daily-local sites
newyork-the-battery,New York,2005,2,0.0867091523489366,-0.03559184964943524,-1.461326503576629,-0.19642664390081066,294.0,20.0,-1.4831862580965318,-1.252617175927357,-0.26136722754246877,weak/regime-dependent daily-local sites
newyork-the-battery,New York,2005,3,-0.0409174045575939,-0.16321840655596573,4.938673496423348,-2.251982199456367,129.0,20.0,2.1262414038004414,2.3568104859696164,-0.26136722754246877,weak/regime-dependent daily-local sites
newyork-the-battery,New York,2006,-3,0.1910984652496989,0.06879746325132706,2.3386734964233256,-0.029759977234144586,29.0,20.0,-22.54612026864703,-22.315551186477855,-0.26136722754246877,weak/regime-dependent daily-local sites
newyork-the-battery,New York,2006,-2,0.3254946558968843,0.20319365389851246,9.838673496423326,1.4146844672102992,71.0,20.0,-24.36479933743568,-24.134230255266505,-0.26136722754246877,weak/regime-dependent daily-local sites
newyork-the-battery,New York,2006,-1,0.8230771238145739,0.7007761218162021,3.63867349642328,6.192462244988078,83.0,20.0,-54.93285046848516,-54.70228138631598,-0.26136722754246877,weak/regime-dependent daily-local sites
newyork-the-battery,New York,2006,0,1.0667658779424616,0.9444648759440898,3.538673496423371,4.581351133876965,89.0,20.0,-31.590577181985555,-31.36000809981638,-0.26136722754246877,weak/regime-dependent daily-local sites
newyork-the-battery,New York,2006,1,-0.0491652953707069,-0.17146629736907873,4.538673496423371,-0.8630933105674781,294.0,20.0,-1.0853160004448568,-0.8547469182756818,-0.26136722754246877,weak/regime-dependent daily-local sites
newyork-the-battery,New York,2006,2,0.0634724822924642,-0.058828519705907634,3.038673496423371,-3.1686488661230334,281.0,20.0,0.42017621358413754,0.6507452957533124,-0.26136722754246877,weak/regime-dependent daily-local sites
newyork-the-battery,New York,2006,3,0.1487077942509463,0.02640679225257446,1.038673496423371,-1.5575377550119227,281.0,20.0,1.6523390369874342,1.882908119156609,-0.26136722754246877,weak/regime-dependent daily-local sites
newyork-the-battery,New York,2007,-3,0.3129543537882491,0.19065335178987725,-6.161326503576674,4.0535733560991885,295.0,20.0,-6.843407050728753,-6.612837968559578,-0.26136722754246877,weak/regime-dependent daily-local sites
newyork-the-battery,New York,2007,-2,0.0170937643475062,-0.10520723765086563,1.3386734964233256,0.41468446721030006,299.0,20.0,-4.266218929307048,-4.035649847137873,-0.26136722754246877,weak/regime-dependent daily-local sites
newyork-the-battery,New York,2007,-1,0.1480803728344725,0.02577937083610067,-22.161326503576674,2.3869066894325215,90.0,20.0,-17.702973174713875,-17.4724040925447,-0.26136722754246877,weak/regime-dependent daily-local sites
newyork-the-battery,New York,2007,0,0.7915218879479551,0.6692208859495833,-43.161326503576674,0.8035733560991885,16.0,20.0,-31.407873076236008,-31.177303994066833,-0.26136722754246877,weak/regime-dependent daily-local sites
newyork-the-battery,New York,2007,1,0.0732434463783656,-0.04905755562000623,-25.56132650357665,2.5257955783214108,354.0,20.0,-48.33514648986631,-48.104577407697136,-0.26136722754246877,weak/regime-dependent daily-local sites
newyork-the-battery,New York,2007,2,0.2011480925398014,0.07884709054142956,-11.261326503576697,0.9980178005436331,11.0,20.0,-33.28951728822239,-33.058948206053216,-0.26136722754246877,weak/regime-dependent daily-local sites
newyork-the-battery,New York,2007,3,0.5127901469231749,0.3904891449248031,-1.36132650357672,-0.0019821994563669065,31.0,20.0,-22.669074053553345,-22.43850497138417,-0.26136722754246877,weak/regime-dependent daily-local sites
newyork-the-battery,New York,2008,-3,0.4042778696676973,0.28197686766932545,-8.561326503576652,0.3591289116547447,10.0,20.0,-26.288895851242557,-26.058326769073382,-0.26136722754246877,weak/regime-dependent daily-local sites
newyork-the-battery,New York,2008,-2,0.2010953520808375,0.07879435008246567,-5.061326503576652,0.9980178005436331,122.0,20.0,7.007554449545168,7.238123531714343,-0.26136722754246877,weak/regime-dependent daily-local sites
newyork-the-battery,New York,2008,-1,0.5543878241386406,0.4320868221402688,-9.961326503576629,4.0535733560991885,42.0,20.0,-72.80181807451454,-72.57124899234537,-0.26136722754246877,weak/regime-dependent daily-local sites
newyork-the-battery,New York,2008,0,0.6339710957947388,0.511670093796367,-3.761326503576697,1.0813511338769661,21.0,20.0,-34.67373056412719,-34.443161481958015,-0.26136722754246877,weak/regime-dependent daily-local sites
newyork-the-battery,New York,2008,1,0.2120831860247337,0.08978218402636186,3.538673496423371,-0.5575377550119223,141.0,20.0,9.302875228062854,9.53344431023203,-0.26136722754246877,weak/regime-dependent daily-local sites
newyork-the-battery,New York,2008,2,0.1451518031448366,0.022850801146464775,-0.3613265035767199,-1.6964266439008115,140.0,20.0,4.839506172839505,5.070075255008679,-0.26136722754246877,weak/regime-dependent daily-local sites
newyork-the-battery,New York,2008,3,0.154305122621686,0.03200412062331416,-11.761326503576697,0.6091289116547447,65.0,20.0,-20.746709378563637,-20.51614029639446,-0.26136722754246877,weak/regime-dependent daily-local sites
newyork-the-battery,New York,2009,-3,0.0742546702385573,-0.04804633175981454,10.238673496423303,-0.668648866123033,345.0,20.0,-14.032403190786969,-13.801834108617793,-0.26136722754246877,weak/regime-dependent daily-local sites
newyork-the-battery,New York,2009,-2,0.1870011865913019,0.06470018459293007,14.538673496423371,-0.11309331056747851,70.0,20.0,-14.165630339704665,-13.935061257535489,-0.26136722754246877,weak/regime-dependent daily-local sites
newyork-the-battery,New York,2009,-1,0.5061123147203105,0.38381131272193864,5.338673496423326,3.1369066894325224,95.0,20.0,-16.335156337350142,-16.104587255180967,-0.26136722754246877,weak/regime-dependent daily-local sites
newyork-the-battery,New York,2009,0,0.902605981539614,0.7803049795412422,-3.5613265035766517,2.9702400227658554,97.0,20.0,-13.608150201048629,-13.377581118879453,-0.26136722754246877,weak/regime-dependent daily-local sites
newyork-the-battery,New York,2009,1,0.0701648780030902,-0.05213612399528164,-10.261326503576697,1.2202400227658554,277.0,20.0,8.17339521450482,8.403964296673996,-0.26136722754246877,weak/regime-dependent daily-local sites
newyork-the-battery,New York,2009,2,0.12987505264546,0.0075740506470881735,-8.061326503576652,4.831351133876967,312.0,20.0,-34.80401644029052,-34.57344735812134,-0.26136722754246877,weak/regime-dependent daily-local sites
newyork-the-battery,New York,2009,3,0.0823034797120598,-0.03999752228631204,13.038673496423371,2.6924622449880777,312.0,20.0,-21.071620879645028,-20.841051797475853,-0.26136722754246877,weak/regime-dependent daily-local sites
newyork-the-battery,New York,2010,-3,0.2458354404817345,0.12353443848336267,4.63867349642328,-0.9742044216785888,70.0,20.0,-9.445406820116094,-9.214837737946919,-0.26136722754246877,weak/regime-dependent daily-local sites
newyork-the-battery,New York,2010,-2,0.3007076618266954,0.17840665982832354,5.538673496423371,1.7202400227658554,65.0,20.0,-30.13115122764436,-29.900582145475184,-0.26136722754246877,weak/regime-dependent daily-local sites
newyork-the-battery,New York,2010,-1,0.6404989952253629,0.5181979932269911,-12.061326503576652,7.664684467210299,71.0,20.0,-97.89476863891842,-97.66419955674925,-0.26136722754246877,weak/regime-dependent daily-local sites
newyork-the-battery,New York,2010,0,1.5598725545170398,1.4375715525186679,-15.461326503576629,6.859128911654744,81.0,20.0,-65.98797608908477,-65.7574070069156,-0.26136722754246877,weak/regime-dependent daily-local sites
newyork-the-battery,New York,2010,1,0.5239242573873781,0.4016232553890063,-14.061326503576652,2.109128911654744,22.0,20.0,-47.81113477315659,-47.58056569098741,-0.26136722754246877,weak/regime-dependent daily-local sites
newyork-the-battery,New York,2010,2,0.5709009675511195,0.44859996555274767,-4.161326503576674,1.6369066894325215,24.0,20.0,-41.42969709967961,-41.19912801751043,-0.26136722754246877,weak/regime-dependent daily-local sites
newyork-the-battery,New York,2010,3,0.3254712158462258,0.20317021384785394,0.13867349642328008,-2.474204421678589,190.0,20.0,5.3617310997331336,5.592300181902308,-0.26136722754246877,weak/regime-dependent daily-local sites
sheerness-p015-uk,Sheerness,1980,-3,0.3422666777669872,0.07004012326749004,-3.2381347699372327,2.027422061291176,350.0,90.0,14.15246046764623,-2.222574149108672,-0.22837870654765507,weak/regime-dependent daily-local sites
sheerness-p015-uk,Sheerness,1980,-2,0.1521476361963759,-0.12007891830312128,-4.738134769937233,0.9996442835133994,261.0,90.0,63.21205379808881,46.83701918133391,-0.22837870654765507,weak/regime-dependent daily-local sites
sheerness-p015-uk,Sheerness,1980,-1,0.648790020972446,0.3765634664729488,-8.438134769937164,5.5829776168467316,341.0,90.0,51.55055201234463,35.17551739558973,-0.22837870654765507,weak/regime-dependent daily-local sites
sheerness-p015-uk,Sheerness,1980,0,1.0389378208438047,0.7667112663443075,4.761865230062767,4.638533172402287,337.0,90.0,52.92989787708749,36.55486326033259,-0.22837870654765507,weak/regime-dependent daily-local sites
sheerness-p015-uk,Sheerness,1980,1,0.5567874783478948,0.2845609238483976,22.4618652300627,2.7496442835133994,45.0,90.0,-67.21933838654618,-83.59437300330109,-0.22837870654765507,weak/regime-dependent daily-local sites
sheerness-p015-uk,Sheerness,1980,2,0.1716227738030712,-0.10060378069642598,17.4618652300627,-0.41702238315326756,246.0,90.0,39.593313896857445,23.218279280102543,-0.22837870654765507,weak/regime-dependent daily-local sites
sheerness-p015-uk,Sheerness,1980,3,0.2711108359943263,-0.0011157185051708929,-0.33813476993725544,2.4718665057356226,338.0,90.0,33.61082506866953,17.235790451914625,-0.22837870654765507,weak/regime-dependent daily-local sites
sheerness-p015-uk,Sheerness,1981,-3,0.4134138368056709,0.14118728230617372,6.761865230062767,3.4996442835133976,11.0,90.0,-21.03669174026406,-37.41172635701896,-0.22837870654765507,weak/regime-dependent daily-local sites
sheerness-p015-uk,Sheerness,1981,-2,0.675552507378055,0.40332595287855777,17.4618652300627,2.777422061291178,16.0,90.0,-26.352292388232616,-42.727327004987515,-0.22837870654765507,weak/regime-dependent daily-local sites
sheerness-p015-uk,Sheerness,1981,-1,0.1451428157256256,-0.12708373877387158,-5.9381347699371645,3.027422061291178,334.0,90.0,44.080992454243365,27.705957837488462,-0.22837870654765507,weak/regime-dependent daily-local sites
sheerness-p015-uk,Sheerness,1981,0,1.0398840973695724,0.7676575428700753,1.9618652300628128,3.8329776168467333,334.0,90.0,51.44772486621815,35.07269024946325,-0.22837870654765507,weak/regime-dependent daily-local sites
sheerness-p015-uk,Sheerness,1981,1,0.3548526613705838,0.08262610687108662,-23.838134769937255,4.832977616846733,267.0,90.0,139.83587457493908,123.46083995818418,-0.22837870654765507,weak/regime-dependent daily-local sites
sheerness-p015-uk,Sheerness,1981,2,1.0036007998573075,0.7313742453578104,-22.838134769937255,3.8329776168467333,294.0,90.0,107.21470995944416,90.83967534268926,-0.22837870654765507,weak/regime-dependent daily-local sites
sheerness-p015-uk,Sheerness,1981,3,0.1826446063096521,-0.08958194818984508,-19.13813476993721,3.0551998390689548,193.0,90.0,22.74574534370173,6.370710726946829,-0.22837870654765507,weak/regime-dependent daily-local sites
sheerness-p015-uk,Sheerness,1982,-3,0.0189769115644476,-0.2532496429350496,-17.038134769937187,-0.8336890498199345,63.0,90.0,-33.88299810038542,-50.258032717140324,-0.22837870654765507,weak/regime-dependent daily-local sites
sheerness-p015-uk,Sheerness,1982,-2,0.1751467338081175,-0.09707982069137969,-9.938134769937164,3.2496442835133994,210.0,90.0,52.53125000000002,36.15621538324512,-0.22837870654765507,weak/regime-dependent daily-local sites
sheerness-p015-uk,Sheerness,1982,-1,0.5994088403729749,0.32718228587347775,-18.438134769937164,6.999644283513399,252.0,90.0,186.40707719385009,170.03204257709518,-0.22837870654765507,weak/regime-dependent daily-local sites
sheerness-p015-uk,Sheerness,1982,0,1.2782008763085693,1.005974321809072,-16.63813476993721,5.305199839068953,270.0,90.0,151.42669753086415,135.05166291410924,-0.22837870654765507,weak/regime-dependent daily-local sites
sheerness-p015-uk,Sheerness,1982,1,0.3210799600772329,0.04885340557773571,-22.13813476993721,0.8051998390689548,254.0,90.0,58.566500596439504,42.1914659796846,-0.22837870654765507,weak/regime-dependent daily-local sites
sheerness-p015-uk,Sheerness,1982,2,0.2837686349126772,0.01154208041318,-18.738134769937233,1.3607553946245101,318.0,90.0,46.77770221197446,30.402667595219555,-0.22837870654765507,weak/regime-dependent daily-local sites
sheerness-p015-uk,Sheerness,1982,3,0.2950417407935862,0.022815186294089018,-29.63813476993721,7.944088727957842,194.0,90.0,54.02997002310969,37.65493540635479,-0.22837870654765507,weak/regime-dependent daily-local sites
sheerness-p015-uk,Sheerness,1983,-3,0.4035920364591218,0.1313654819596246,-12.438134769937164,5.721866505735621,262.0,90.0,160.27977713850825,143.90474252175335,-0.22837870654765507,weak/regime-dependent daily-local sites
sheerness-p015-uk,Sheerness,1983,-2,0.7492005893559038,0.47697403485640666,-20.238134769937233,5.86075539462451,237.0,90.0,138.72297143510232,122.34793681834742,-0.22837870654765507,weak/regime-dependent daily-local sites
sheerness-p015-uk,Sheerness,1983,-1,0.6762114278008629,0.4039848733013657,-22.338134769937255,6.999644283513399,271.0,90.0,195.9701482506527,179.5951136338978,-0.22837870654765507,weak/regime-dependent daily-local sites
sheerness-p015-uk,Sheerness,1983,0,1.310347803519966,1.038121249020469,0.06186523006283551,2.3051998390689548,291.0,90.0,80.84186987935838,64.46683526260348,-0.22837870654765507,weak/regime-dependent daily-local sites
sheerness-p015-uk,Sheerness,1983,1,0.1456926313233938,-0.12653392317610337,10.761865230062767,-0.16702238315326667,297.0,90.0,41.6050546433513,25.2300200265964,-0.22837870654765507,weak/regime-dependent daily-local sites
sheerness-p015-uk,Sheerness,1983,2,0.2149452362141353,-0.05728131828536187,3.36186523006279,1.6663109501800655,199.0,90.0,24.453785823670888,8.078751206915985,-0.22837870654765507,weak/regime-dependent daily-local sites
sheerness-p015-uk,Sheerness,1983,3,0.4124535600001296,0.14022700550063244,-21.838134769937255,4.194088727957842,215.0,90.0,71.87806747788352,55.50303286112862,-0.22837870654765507,weak/regime-dependent daily-local sites
sheerness-p015-uk,Sheerness,1984,-3,0.3959334005822053,0.1237068460827081,-15.738134769937233,2.444088727957844,200.0,90.0,30.5073522904686,14.132317673713697,-0.22837870654765507,weak/regime-dependent daily-local sites
sheerness-p015-uk,Sheerness,1984,-2,0.5242069955221729,0.2519804410226757,-28.738134769937233,3.944088727957844,230.0,90.0,91.75746541050746,75.38243079375256,-0.22837870654765507,weak/regime-dependent daily-local sites
sheerness-p015-uk,Sheerness,1984,-1,0.6720695752560986,0.3998430207566014,-34.53813476993719,5.694088727957844,229.0,90.0,121.62063358020502,105.24559896345012,-0.22837870654765507,weak/regime-dependent daily-local sites
sheerness-p015-uk,Sheerness,1984,0,1.371044970776527,1.0988184162770298,-25.938134769937164,3.694088727957844,251.0,90.0,108.14003925016107,91.76500463340616,-0.22837870654765507,weak/regime-dependent daily-local sites
sheerness-p015-uk,Sheerness,1984,1,0.4646928439723447,0.19246628947284755,-5.338134769937255,0.3885331724022887,247.0,90.0,50.255587508395735,33.88055289164083,-0.22837870654765507,weak/regime-dependent daily-local sites
sheerness-p015-uk,Sheerness,1984,2,0.2684610560512919,-0.0037654984482052845,2.1618652300627446,-0.6670223831532676,288.0,90.0,38.14793359806116,21.772898981306255,-0.22837870654765507,weak/regime-dependent daily-local sites
sheerness-p015-uk,Sheerness,1984,3,0.3428146247544598,0.07058807025496261,0.7618652300627673,4.277422061291178,199.0,90.0,41.40845085501536,25.033416238260457,-0.22837870654765507,weak/regime-dependent daily-local sites
sheerness-p015-uk,Sheerness,1985,-3,0.2566566902301284,-0.015569864269368794,-5.4381347699371645,-3.472577938708823,278.0,90.0,12.324100062293818,-4.050934554461085,-0.22837870654765507,weak/regime-dependent daily-local sites
sheerness-p015-uk,Sheerness,1985,-2,0.1633935354447982,-0.10883301905469897,-24.738134769937233,0.5829776168467324,167.0,90.0,-12.936247784871854,-29.311282401626755,-0.22837870654765507,weak/regime-dependent daily-local sites
sheerness-p015-uk,Sheerness,1985,-1,0.3012990887002349,0.029072534200737743,-33.63813476993721,5.61075539462451,221.0,90.0,104.3397089655921,87.96467434883719,-0.22837870654765507,weak/regime-dependent daily-local sites
sheerness-p015-uk,Sheerness,1985,0,0.9709253199343868,0.6986987654348896,-17.338134769937255,3.971866505735621,280.0,90.0,118.56067103682852,102.18563642007362,-0.22837870654765507,weak/regime-dependent daily-local sites
sheerness-p015-uk,Sheerness,1985,1,0.7185445244754775,0.4463179699759803,-12.338134769937255,2.527422061291176,245.0,90.0,82.27330620144663,65.89827158469173,-0.22837870654765507,weak/regime-dependent daily-local sites
sheerness-p015-uk,Sheerness,1985,2,0.2893308604909115,0.017104305991414326,-21.63813476993721,4.499644283513399,204.0,90.0,53.790921046774585,37.41588643001968,-0.22837870654765507,weak/regime-dependent daily-local sites
sheerness-p015-uk,Sheerness,1985,3,0.3446828317829563,0.0724562772834591,-23.538134769937187,5.5829776168467316,224.0,90.0,109.99239933913606,93.61736472238115,-0.22837870654765507,weak/regime-dependent daily-local sites
sheerness-p015-uk,Sheerness,1986,-3,0.3264489414481537,0.0542223869486565,-13.738134769937233,4.721866505735623,266.0,90.0,137.07576877042482,120.70073415366991,-0.22837870654765507,weak/regime-dependent daily-local sites
sheerness-p015-uk,Sheerness,1986,-2,0.5320214980436769,0.25979494354417976,-10.238134769937233,4.999644283513399,210.0,90.0,72.00000000000003,55.624965383245126,-0.22837870654765507,weak/regime-dependent daily-local sites
sheerness-p015-uk,Sheerness,1986,-1,0.6167205041222228,0.3444939496227256,-21.13813476993721,6.86075539462451,252.0,90.0,182.72687007253822,166.35183545578332,-0.22837870654765507,weak/regime-dependent daily-local sites
sheerness-p015-uk,Sheerness,1986,0,1.2480076572933996,0.9757811027939024,-17.13813476993721,5.388533172402289,277.0,90.0,152.34051720670155,135.96548258994665,-0.22837870654765507,weak/regime-dependent daily-local sites
sheerness-p015-uk,Sheerness,1986,1,0.4312232954777242,0.15899674097822702,-2.7381347699372327,2.4718665057356226,283.0,90.0,87.42339930809564,71.04836469134074,-0.22837870654765507,weak/regime-dependent daily-local sites
sheerness-p015-uk,Sheerness,1986,2,0.4081348062207293,0.1359082517212321,-1.7381347699372327,1.4996442835133994,330.0,90.0,36.12500000000002,19.74996538324512,-0.22837870654765507,weak/regime-dependent daily-local sites
sheerness-p015-uk,Sheerness,1986,3,0.5320509879176487,0.25982443341815153,5.5618652300628355,2.86075539462451,323.0,90.0,58.52140300365499,42.146368386900086,-0.22837870654765507,weak/regime-dependent daily-local sites
sheerness-p015-uk,Sheerness,1987,-3,0.2006542389163765,-0.07157231558312069,-14.938134769937164,1.0551998390689548,215.0,90.0,37.22050794531094,20.84547332855604,-0.22837870654765507,weak/regime-dependent daily-local sites
sheerness-p015-uk,Sheerness,1987,-2,0.2005996205784646,-0.07162693392103259,-6.63813476993721,4.499644283513399,204.0,90.0,53.790921046774585,37.41588643001968,-0.22837870654765507,weak/regime-dependent daily-local sites
sheerness-p015-uk,Sheerness,1987,-1,0.4735901300681879,0.20136357556869072,-30.338134769937255,11.527422061291178,223.0,90.0,234.11540772364572,217.74037310689081,-0.22837870654765507,weak/regime-dependent daily-local sites
sheerness-p015-uk,Sheerness,1987,0,1.0223337354018185,0.7501071809023213,-23.938134769937164,5.221866505735621,259.0,90.0,146.63813481131768,130.26310019456278,-0.22837870654765507,weak/regime-dependent daily-local sites
sheerness-p015-uk,Sheerness,1987,1,0.3778046798717306,0.10557812537223343,-7.738134769937233,0.6107553946245101,333.0,90.0,26.299221264233196,9.924186647478294,-0.22837870654765507,weak/regime-dependent daily-local sites
sheerness-p015-uk,Sheerness,1987,2,0.3527206009992397,0.08049404649974251,12.561865230062836,-0.2225779387088238,316.0,90.0,31.911404894789253,15.536370278034351,-0.22837870654765507,weak/regime-dependent daily-local sites
sheerness-p015-uk,Sheerness,1987,3,0.2189889382929888,-0.05323761620650838,9.161865230062745,-1.9170223831532676,202.0,90.0,9.679938431254227,-6.695096185500676,-0.22837870654765507,weak/regime-dependent daily-local sites
sheerness-p015-uk,Sheerness,1988,-3,0.4301242550722922,0.157897700572795,-18.13813476993721,5.999644283513398,217.0,90.0,101.70673891269615,85.33170429594125,-0.22837870654765507,weak/regime-dependent daily-local sites
sheerness-p015-uk,Sheerness,1988,-2,0.6266703356232811,0.35444378112378394,-17.738134769937233,4.6663109501800655,292.0,90.0,126.20002464936827,109.82499003261337,-0.22837870654765507,weak/regime-dependent daily-local sites
sheerness-p015-uk,Sheerness,1988,-1,0.764236693731531,0.49201013923203385,-23.438134769937164,5.777422061291176,243.0,90.0,145.4760652147057,129.1010305979508,-0.22837870654765507,weak/regime-dependent daily-local sites
sheerness-p015-uk,Sheerness,1988,0,1.132500454747412,0.8602739002479148,-22.63813476993721,7.499644283513399,272.0,90.0,210.1219213807649,193.74688676401,-0.22837870654765507,weak/regime-dependent daily-local sites
sheerness-p015-uk,Sheerness,1988,1,1.014545286971423,0.7423187324719259,-17.438134769937164,2.5829776168467333,281.0,90.0,90.15291320205108,73.77787858529618,-0.22837870654765507,weak/regime-dependent daily-local sites
sheerness-p015-uk,Sheerness,1988,2,0.3643689332444055,0.09214237874490833,-9.538134769937187,0.9996442835133994,288.0,90.0,60.86761704288983,44.49258242613493,-0.22837870654765507,weak/regime-dependent daily-local sites
sheerness-p015-uk,Sheerness,1988,3,0.326208995998172,0.053982441498674816,3.6618652300627446,3.8051998390689548,182.0,90.0,4.0748663121289725,-12.300168304625931,-0.22837870654765507,weak/regime-dependent daily-local sites
sheerness-p015-uk,Sheerness,1989,-3,0.3321314163615501,0.059904861862052905,6.36186523006279,-3.222577938708823,281.0,90.0,14.009395358833325,-2.3656392579215773,-0.22837870654765507,weak/regime-dependent daily-local sites
sheerness-p015-uk,Sheerness,1989,-2,0.2139918365410896,-0.05823471795840757,-9.63813476993721,3.7218665057356226,220.0,90.0,73.8987520778207,57.5237174610658,-0.22837870654765507,weak/regime-dependent daily-local sites
sheerness-p015-uk,Sheerness,1989,-1,0.4665714618117721,0.19434490731227494,-11.238134769937233,6.194088727957844,284.0,90.0,168.9220472538748,152.5470126371199,-0.22837870654765507,weak/regime-dependent daily-local sites
sheerness-p015-uk,Sheerness,1989,0,0.913955494998818,0.6417289404993208,-17.63813476993721,4.694088727957844,204.0,90.0,55.625315860646545,39.25028124389164,-0.22837870654765507,weak/regime-dependent daily-local sites
sheerness-p015-uk,Sheerness,1989,1,0.3711813546147419,0.09895480011524471,-19.538134769937187,1.9163109501800655,221.0,90.0,52.161248770224404,35.7862141534695,-0.22837870654765507,weak/regime-dependent daily-local sites
sheerness-p015-uk,Sheerness,1989,2,0.3656670622483293,0.09344050774883211,-21.238134769937233,2.7496442835133994,19.0,90.0,-30.949322683083462,-47.32435729983837,-0.22837870654765507,weak/regime-dependent daily-local sites
sheerness-p015-uk,Sheerness,1989,3,0.6111269645405301,0.3389004100410329,-13.13813476993721,1.6107553946245101,1.0,90.0,-1.2941174835053635,-17.669152100260266,-0.22837870654765507,weak/regime-dependent daily-local sites
sheerness-p015-uk,Sheerness,1990,-3,0.358086865651712,0.08586031115221482,1.36186523006279,5.027422061291176,224.0,90.0,100.49444692823064,84.11941231147574,-0.22837870654765507,weak/regime-dependent daily-local sites
sheerness-p015-uk,Sheerness,1990,-2,0.6606011695994931,0.38837461509999593,-12.538134769937187,5.749644283513399,208.0,90.0,76.31847092538139,59.94343630862649,-0.22837870654765507,weak/regime-dependent daily-local sites
sheerness-p015-uk,Sheerness,1990,-1,0.5410791119725853,0.2688525574730881,-29.438134769937164,9.694088727957842,246.0,90.0,254.60920744287426,238.23417282611936,-0.22837870654765507,weak/regime-dependent daily-local sites
sheerness-p015-uk,Sheerness,1990,0,1.5548501133089734,1.282623558809476,-22.838134769937255,7.249644283513398,275.0,90.0,202.28978588125503,185.91475126450013,-0.22837870654765507,weak/regime-dependent daily-local sites
sheerness-p015-uk,Sheerness,1990,1,1.33971733580937,1.0674907813098726,-28.938134769937164,9.444088727957846,290.0,90.0,254.11144649005607,237.73641187330117,-0.22837870654765507,weak/regime-dependent daily-local sites
sheerness-p015-uk,Sheerness,1990,2,0.5299756128842787,0.25774905838478157,-14.038134769937187,5.277422061291178,277.0,90.0,149.62020553183277,133.24517091507786,-0.22837870654765507,weak/regime-dependent daily-local sites
sheerness-p015-uk,Sheerness,1990,3,0.3964232493189964,0.12419669481949924,6.5618652300628355,2.61075539462451,332.0,90.0,43.3667111191942,26.991676502439297,-0.22837870654765507,weak/regime-dependent daily-local sites
sheerness-p015-uk,Sheerness,1991,-3,0.1433835841571959,-0.12884297034230127,-3.9381347699371645,-3.2781334942643783,20.0,90.0,-4.738667973422614,-21.113702590177517,-0.22837870654765507,weak/regime-dependent daily-local sites
sheerness-p015-uk,Sheerness,1991,-2,0.2288049604170989,-0.04342159408239826,-13.438134769937164,4.4163109501800655,268.0,90.0,130.26087800223198,113.88584338547707,-0.22837870654765507,weak/regime-dependent daily-local sites
sheerness-p015-uk,Sheerness,1991,-1,0.6525913300363828,0.38036477553688564,-13.838134769937255,5.6663109501800655,260.0,90.0,158.00693281662538,141.63189819987048,-0.22837870654765507,weak/regime-dependent daily-local sites
sheerness-p015-uk,Sheerness,1991,0,1.1621229356314098,0.8898963811319126,-13.63813476993721,3.9996442835133994,268.0,90.0,120.9262900693106,104.5512554525557,-0.22837870654765507,weak/regime-dependent daily-local sites
sheerness-p015-uk,Sheerness,1991,1,0.3637843357747826,0.09155778127528541,0.6618652300627446,2.721866505735621,338.0,90.0,35.40841643013059,19.03338181337569,-0.22837870654765507,weak/regime-dependent daily-local sites
sheerness-p015-uk,Sheerness,1991,2,0.5515146659477059,0.27928811144820875,11.561865230062836,1.1663109501800655,324.0,90.0,39.202010854284126,22.826976237529223,-0.22837870654765507,weak/regime-dependent daily-local sites
sheerness-p015-uk,Sheerness,1991,3,0.3050010933076168,0.032774538808119646,12.86186523006279,-2.1114668275977113,359.0,90.0,0.41713406003186243,-15.95790055672304,-0.22837870654765507,weak/regime-dependent daily-local sites
sheerness-p015-uk,Sheerness,1992,-3,0.3483291106538937,0.07610255615439654,5.661865230062745,2.8885331724022887,210.0,90.0,48.895061728395085,32.52002711164018,-0.22837870654765507,weak/regime-dependent daily-local sites
sheerness-p015-uk,Sheerness,1992,-2,0.5020597573381764,0.22983320283867925,4.261865230062767,2.5551998390689548,236.0,90.0,75.69829489650728,59.323260279752375,-0.22837870654765507,weak/regime-dependent daily-local sites
sheerness-p015-uk,Sheerness,1992,-1,0.6128399052374232,0.340613350737926,-12.538134769937187,5.1663109501800655,244.0,90.0,133.04648535356276,116.67145073680786,-0.22837870654765507,weak/regime-dependent daily-local sites
sheerness-p015-uk,Sheerness,1992,0,0.9015839268350996,0.6293573723356024,-16.038134769937187,5.61075539462451,273.0,90.0,158.82216449496428,142.44712987820938,-0.22837870654765507,weak/regime-dependent daily-local sites
sheerness-p015-uk,Sheerness,1992,1,0.5592304191163411,0.2870038646168439,-5.838134769937255,1.2218665057356226,274.0,90.0,67.44025603978766,51.06522142303275,-0.22837870654765507,weak/regime-dependent daily-local sites
sheerness-p015-uk,Sheerness,1992,2,0.4990319663132566,0.2268054118137594,0.5618652300628355,-0.19480016093104524,287.0,90.0,44.29181556842685,27.916780951671946,-0.22837870654765507,weak/regime-dependent daily-local sites
sheerness-p015-uk,Sheerness,1992,3,0.0261446926468585,-0.24608186185263867,12.761865230062881,-3.305911272042156,232.0,90.0,10.755495540547306,-5.619539076207596,-0.22837870654765507,weak/regime-dependent daily-local sites
sheerness-p015-uk,Sheerness,1993,-3,0.7811515042135964,0.5089249497140992,1.5618652300628355,4.499644283513399,236.0,90.0,109.64021897040428,93.26518435364937,-0.22837870654765507,weak/regime-dependent daily-local sites
sheerness-p015-uk,Sheerness,1993,-2,0.8146987296254057,0.5424721751259085,-4.338134769937255,7.694088727957842,232.0,90.0,170.152559645107,153.7775250283521,-0.22837870654765507,weak/regime-dependent daily-local sites
sheerness-p015-uk,Sheerness,1993,-1,1.1251663529531324,0.8529397984536352,-6.238134769937233,8.194088727957844,249.0,90.0,215.53677919120466,199.16174457444976,-0.22837870654765507,weak/regime-dependent daily-local sites
sheerness-p015-uk,Sheerness,1993,0,1.3306230656326337,1.0583965111331364,-1.0381347699371872,4.0829776168467316,280.0,90.0,120.97405793772879,104.59902332097388,-0.22837870654765507,weak/regime-dependent daily-local sites
sheerness-p015-uk,Sheerness,1993,1,0.2995988112077739,0.0273722567082767,1.9618652300628128,2.3329776168467333,247.0,90.0,80.18620056741258,63.81116595065768,-0.22837870654765507,weak/regime-dependent daily-local sites
sheerness-p015-uk,Sheerness,1993,2,0.5325660954597801,0.2603395409602829,3.5618652300628355,-0.16702238315326667,308.0,90.0,36.795724355913876,20.420689739158973,-0.22837870654765507,weak/regime-dependent daily-local sites
sheerness-p015-uk,Sheerness,1993,3,-0.1266116214752018,-0.39883817597469895,-1.7381347699372327,-0.5003557164866015,233.0,90.0,33.74235029949811,17.36731568274321,-0.22837870654765507,weak/regime-dependent daily-local sites
sheerness-p015-uk,Sheerness,1994,-3,0.1975551184088489,-0.07467143609064827,-8.538134769937187,4.249644283513399,258.0,90.0,123.79680571787226,107.42177110111736,-0.22837870654765507,weak/regime-dependent daily-local sites
sheerness-p015-uk,Sheerness,1994,-2,0.9267993997175448,0.6545728452180476,-10.038134769937187,6.9163109501800655,284.0,90.0,187.92067715355046,171.54564253679555,-0.22837870654765507,weak/regime-dependent daily-local sites
sheerness-p015-uk,Sheerness,1994,-1,0.5110889940593886,0.2388624395598914,-12.838134769937255,7.805199839068953,270.0,90.0,219.20447530864192,202.82944069188702,-0.22837870654765507,weak/regime-dependent daily-local sites
sheerness-p015-uk,Sheerness,1994,0,1.3710748180108063,1.098848263511309,-5.238134769937233,5.444088727957842,274.0,90.0,154.48695612912633,138.11192151237142,-0.22837870654765507,weak/regime-dependent daily-local sites
sheerness-p015-uk,Sheerness,1994,1,0.2298328812677721,-0.042393673231725076,11.86186523006279,2.971866505735621,239.0,90.0,85.24118740878772,68.86615279203282,-0.22837870654765507,weak/regime-dependent daily-local sites
sheerness-p015-uk,Sheerness,1994,2,0.4729752832047631,0.20074872870526594,8.261865230062767,2.6385331724022887,241.0,90.0,81.25932431863235,64.88428970187745,-0.22837870654765507,weak/regime-dependent daily-local sites
sheerness-p015-uk,Sheerness,1994,3,0.4585001005113935,0.18627354601189633,7.5618652300628355,-1.4170223831532667,246.0,90.0,28.47851082887248,12.103476212117577,-0.22837870654765507,weak/regime-dependent daily-local sites
sheerness-p015-uk,Sheerness,1995,-3,0.8327004310795652,0.560473876580068,-21.038134769937187,4.694088727957844,209.0,90.0,66.30257862814894,49.92754401139403,-0.22837870654765507,weak/regime-dependent daily-local sites
sheerness-p015-uk,Sheerness,1995,-2,0.6656198642949462,0.39339330979544906,-21.438134769937164,6.9163109501800655,177.0,90.0,-10.136093636524013,-26.511128253278915,-0.22837870654765507,weak/regime-dependent daily-local sites
sheerness-p015-uk,Sheerness,1995,-1,1.0250099292514394,0.7527833747519422,-32.23813476993723,2.7496442835133994,244.0,90.0,85.44160902631455,69.06657440955965,-0.22837870654765507,weak/regime-dependent daily-local sites
sheerness-p015-uk,Sheerness,1995,0,1.2734374570537448,1.0012109025542477,-24.238134769937233,4.694088727957844,247.0,90.0,125.88827216879936,109.51323755204446,-0.22837870654765507,weak/regime-dependent daily-local sites
sheerness-p015-uk,Sheerness,1995,1,1.120859780278097,0.8486332257785999,-12.13813476993721,2.8329776168467316,265.0,90.0,96.32649289048237,79.95145827372747,-0.22837870654765507,weak/regime-dependent daily-local sites
sheerness-p015-uk,Sheerness,1995,2,0.3205661339900146,0.048339579490517426,-22.038134769937187,4.555199839068955,228.0,90.0,99.23277076991971,82.85773615316481,-0.22837870654765507,weak/regime-dependent daily-local sites
sheerness-p015-uk,Sheerness,1995,3,0.279231486501152,0.007004932001654807,-29.838134769937255,5.277422061291178,229.0,90.0,113.76781051747041,97.3927759007155,-0.22837870654765507,weak/regime-dependent daily-local sites
sheerness-p015-uk,Sheerness,1996,-3,0.4140210344074588,0.14179447990796162,-17.238134769937233,5.499644283513399,213.0,90.0,85.09984922109798,68.72481460434308,-0.22837870654765507,weak/regime-dependent daily-local sites
sheerness-p015-uk,Sheerness,1996,-2,0.6760734330744516,0.4038468785749544,-17.538134769937187,5.0829776168467316,282.0,90.0,142.81634239880734,126.44130778205243,-0.22837870654765507,weak/regime-dependent daily-local sites
sheerness-p015-uk,Sheerness,1996,-1,0.8508490025220418,0.5786224480225446,-12.438134769937164,6.527422061291178,222.0,90.0,122.45141726815129,106.07638265139639,-0.22837870654765507,weak/regime-dependent daily-local sites
sheerness-p015-uk,Sheerness,1996,0,1.062995473320831,0.7907689188213339,-9.13813476993721,2.194088727957844,261.0,90.0,83.4970079351419,67.12197331838699,-0.22837870654765507,weak/regime-dependent daily-local sites
sheerness-p015-uk,Sheerness,1996,1,-0.1125465179593152,-0.38477307245881237,6.261865230062767,-0.7781334942643792,242.0,90.0,34.18424260747647,17.809207990721568,-0.22837870654765507,weak/regime-dependent daily-local sites
sheerness-p015-uk,Sheerness,1996,2,0.3376976467497333,0.06547109225023612,9.061865230062836,-0.13924460537548988,262.0,90.0,46.616716516863,30.241681900108098,-0.22837870654765507,weak/regime-dependent daily-local sites
sheerness-p015-uk,Sheerness,1996,3,0.3323342494033263,0.06010769490382911,-8.13813476993721,0.944088727957844,312.0,90.0,46.90298930921988,30.52795469246498,-0.22837870654765507,weak/regime-dependent daily-local sites
sheerness-p015-uk,Sheerness,1997,-3,0.3362449396214672,0.06401838512197,-15.13813476993721,5.471866505735621,208.0,90.0,73.02927201327036,56.654237396515455,-0.22837870654765507,weak/regime-dependent daily-local sites
sheerness-p015-uk,Sheerness,1997,-2,0.3739290469583911,0.1017024924588939,-32.23813476993723,10.194088727957842,213.0,90.0,161.02194235755613,144.64690774080123,-0.22837870654765507,weak/regime-dependent daily-local sites
sheerness-p015-uk,Sheerness,1997,-1,0.8320839222140419,0.5598573677145448,-29.038134769937187,5.527422061291178,247.0,90.0,144.4688330995986,128.0937984828437,-0.22837870654765507,weak/regime-dependent daily-local sites
sheerness-p015-uk,Sheerness,1997,0,1.030818571136367,0.7585920166368699,-15.338134769937255,5.527422061291178,259.0,90.0,154.06169038614067,137.68665576938577,-0.22837870654765507,weak/regime-dependent daily-local sites
sheerness-p015-uk,Sheerness,1997,1,0.3342455784934352,0.06201902399393805,9.961865230062813,1.944088727957844,209.0,90.0,38.786265945695376,22.411231328940474,-0.22837870654765507,weak/regime-dependent daily-local sites
sheerness-p015-uk,Sheerness,1997,2,0.3572764207795509,0.08504986628005373,8.461865230062813,2.4718665057356226,218.0,90.0,55.23899075026457,38.86395613350967,-0.22837870654765507,weak/regime-dependent daily-local sites
sheerness-p015-uk,Sheerness,1997,3,0.2822162883882725,0.009989733888775332,4.0618652300628355,3.5551998390689548,215.0,90.0,63.90774491442213,47.53271029766723,-0.22837870654765507,weak/regime-dependent daily-local sites
sheerness-p015-uk,Sheerness,1998,-3,0.2122592305081175,-0.05996732399137966,3.6618652300627446,2.360755394624512,217.0,90.0,52.73729194780479,36.36225733104989,-0.22837870654765507,weak/regime-dependent daily-local sites
sheerness-p015-uk,Sheerness,1998,-2,0.5337192558681848,0.26149270136868763,-4.338134769937255,5.36075539462451,214.0,90.0,85.4430360415082,69.06800142475329,-0.22837870654765507,weak/regime-dependent daily-local sites
sheerness-p015-uk,Sheerness,1998,-1,0.6944450852466801,0.42221853074718296,-17.13813476993721,7.194088727957844,212.0,90.0,106.76932731160393,90.39429269484903,-0.22837870654765507,weak/regime-dependent daily-local sites
sheerness-p015-uk,Sheerness,1998,0,1.1723149641884087,0.9000884096889116,-16.338134769937255,4.582977616846733,243.0,90.0,119.54956287391289,103.17452825715799,-0.22837870654765507,weak/regime-dependent daily-local sites
sheerness-p015-uk,Sheerness,1998,1,0.67695959117266,0.40473303667316285,-11.038134769937187,0.47186650573562083,232.0,90.0,43.9978751093642,27.6228404926093,-0.22837870654765507,weak/regime-dependent daily-local sites
sheerness-p015-uk,Sheerness,1998,2,0.3394311956808146,0.06720464118131741,-9.538134769937187,2.11075539462451,161.0,90.0,-27.02617617987556,-43.401210796630465,-0.22837870654765507,weak/regime-dependent daily-local sites
sheerness-p015-uk,Sheerness,1998,3,0.2969943901301588,0.02476783563066165,-11.038134769937187,2.4996442835133994,177.0,90.0,-4.723320050925674,-21.098354667680574,-0.22837870654765507,weak/regime-dependent daily-local sites
sheerness-p015-uk,Sheerness,1999,-3,0.1590677092520518,-0.11315884524744538,-3.9381347699371645,4.999644283513399,188.0,90.0,20.040926538249444,3.6658919214945414,-0.22837870654765507,weak/regime-dependent daily-local sites
sheerness-p015-uk,Sheerness,1999,-2,0.422530143707279,0.1503035892077818,-3.8381347699372554,4.027422061291178,194.0,90.0,29.420577194111118,13.045542577356215,-0.22837870654765507,weak/regime-dependent daily-local sites
sheerness-p015-uk,Sheerness,1999,-1,0.6924491671063622,0.420222612606865,-31.438134769937164,10.332977616846732,210.0,90.0,150.22222222222226,133.84718760546735,-0.22837870654765507,weak/regime-dependent daily-local sites
sheerness-p015-uk,Sheerness,1999,0,1.199351383801039,0.9271248293015418,-32.03813476993719,6.499644283513399,233.0,90.0,145.55132170611913,129.17628708936422,-0.22837870654765507,weak/regime-dependent daily-local sites
sheerness-p015-uk,Sheerness,1999,1,1.03225440329019,0.7600278487906927,-32.03813476993719,2.1663109501800655,262.0,90.0,83.21002522064582,66.83499060389092,-0.22837870654765507,weak/regime-dependent daily-local sites
sheerness-p015-uk,Sheerness,1999,2,0.5337123846634163,0.26148583016391913,-26.438134769937164,1.4718665057356208,277.0,90.0,71.24352296021138,54.86848834345648,-0.22837870654765507,weak/regime-dependent daily-local sites
sheerness-p015-uk,Sheerness,1999,3,0.3689286187851118,0.09670206428561462,-21.838134769937255,-1.0559112720421568,312.0,90.0,26.260077490403358,9.885042873648455,-0.22837870654765507,weak/regime-dependent daily-local sites
sheerness-p015-uk,Sheerness,2000,-3,0.2466439118221925,-0.025582642677304673,-0.8381347699372554,4.694088727957844,229.0,90.0,103.21410548477186,86.83907086801696,-0.22837870654765507,weak/regime-dependent daily-local sites
sheerness-p015-uk,Sheerness,2000,-2,0.4344382388873822,0.16221168438788502,-15.038134769937187,6.86075539462451,198.0,90.0,59.371559117558846,42.99652450080394,-0.22837870654765507,weak/regime-dependent daily-local sites
sheerness-p015-uk,Sheerness,2000,-1,0.6575055653014548,0.3852790108019576,-15.438134769937164,8.194088727957844,233.0,90.0,184.3818922266516,168.00685760989668,-0.22837870654765507,weak/regime-dependent daily-local sites
sheerness-p015-uk,Sheerness,2000,0,1.3058607412470864,1.0336341867475891,-11.13813476993721,1.694088727957844,246.0,90.0,69.05797449057715,52.68293987382225,-0.22837870654765507,weak/regime-dependent daily-local sites
sheerness-p015-uk,Sheerness,2000,1,0.2614316914487374,-0.010794863050759773,-9.838134769937255,-0.11146682759771132,279.0,90.0,46.872518287008766,30.497483670253864,-0.22837870654765507,weak/regime-dependent daily-local sites
sheerness-p015-uk,Sheerness,2000,2,0.3213423236763188,0.049115769176821644,-0.2381347699372327,-2.055911272042156,277.0,90.0,24.265302676391702,7.890268059636799,-0.22837870654765507,weak/regime-dependent daily-local sites
sheerness-p015-uk,Sheerness,2000,3,0.2104983658859958,-0.06172818861350138,0.7618652300627673,-4.278133494264378,262.0,90.0,7.33837541064355,-9.036659206111352,-0.22837870654765507,weak/regime-dependent daily-local sites
sheerness-p015-uk,Sheerness,2001,-3,0.242102428509584,-0.03012412598991318,-7.9381347699371645,0.6107553946245101,297.0,90.0,51.615127939788515,35.24009332303361,-0.22837870654765507,weak/regime-dependent daily-local sites
sheerness-p015-uk,Sheerness,2001,-2,0.4586800963854658,0.18645354188596863,-9.738134769937233,1.5829776168467316,258.0,90.0,72.06366594572874,55.68863132897384,-0.22837870654765507,weak/regime-dependent daily-local sites
sheerness-p015-uk,Sheerness,2001,-1,0.6101516885276472,0.33792513402815005,-13.13813476993721,4.36075539462451,276.0,90.0,128.36776016905876,111.99272555230385,-0.22837870654765507,weak/regime-dependent daily-local sites
sheerness-p015-uk,Sheerness,2001,0,0.8628220242675241,0.5905954697680269,-14.038134769937187,0.6107553946245101,274.0,90.0,57.78790018310692,41.41286556635202,-0.22837870654765507,weak/regime-dependent daily-local sites
sheerness-p015-uk,Sheerness,2001,1,0.2890177101592955,0.01679115565979833,-7.538134769937187,0.8051998390689548,271.0,90.0,60.91741809972516,44.54238348297026,-0.22837870654765507,weak/regime-dependent daily-local sites
sheerness-p015-uk,Sheerness,2001,2,0.4137084703191674,0.14148191581967023,8.761865230062767,-1.222577938708823,337.0,90.0,13.0436663140123,-3.331368302742602,-0.22837870654765507,weak/regime-dependent daily-local sites
sheerness-p015-uk,Sheerness,2001,3,0.2369407538052632,-0.03528580069423398,24.4618652300627,-3.3892446053754894,182.0,90.0,0.4550937455804523,-15.91994087117445,-0.22837870654765507,weak/regime-dependent daily-local sites
sheerness-p015-uk,Sheerness,2002,-3,0.6831449961729856,0.41091844167348845,-20.13813476993721,5.61075539462451,252.0,90.0,151.25614576596595,134.88111114921105,-0.22837870654765507,weak/regime-dependent daily-local sites
sheerness-p015-uk,Sheerness,2002,-2,0.7013868616183223,0.42916030711882514,-3.4381347699371645,3.694088727957844,358.0,90.0,3.9914952922285307,-12.383539324526371,-0.22837870654765507,weak/regime-dependent daily-local sites
sheerness-p015-uk,Sheerness,2002,-1,0.6385397117241307,0.36631315722463353,-13.038134769937187,3.86075539462451,248.0,90.0,109.37407011576002,92.99903549900512,-0.22837870654765507,weak/regime-dependent daily-local sites
sheerness-p015-uk,Sheerness,2002,0,0.951071162772773,0.6788446082732759,-11.938134769937164,5.888533172402287,271.0,90.0,166.09815538301726,149.72312076626235,-0.22837870654765507,weak/regime-dependent daily-local sites
sheerness-p015-uk,Sheerness,2002,1,0.7249566560098064,0.45273010151030924,-9.238134769937233,3.638533172402287,294.0,90.0,103.40051669454897,87.02548207779407,-0.22837870654765507,weak/regime-dependent daily-local sites
sheerness-p015-uk,Sheerness,2002,2,0.3201518265610626,0.04792527206156544,-18.938134769937164,4.749644283513398,218.0,90.0,84.99976243714866,68.62472782039376,-0.22837870654765507,weak/regime-dependent daily-local sites
sheerness-p015-uk,Sheerness,2002,3,0.2474535039270675,-0.024773050572429678,-28.438134769937164,7.805199839068953,234.0,90.0,177.34014576773484,160.96511115097994,-0.22837870654765507,weak/regime-dependent daily-local sites
sheerness-p015-uk,Sheerness,2003,-3,0.6952956223367517,0.4230690678372545,-6.13813476993721,6.9163109501800655,268.0,90.0,193.55563038010806,177.18059576335315,-0.22837870654765507,weak/regime-dependent daily-local sites
sheerness-p015-uk,Sheerness,2003,-2,0.860067548988507,0.5878409944890098,-7.338134769937255,5.11075539462451,319.0,90.0,96.2300904127928,79.8550557960379,-0.22837870654765507,weak/regime-dependent daily-local sites
sheerness-p015-uk,Sheerness,2003,-1,0.5808016047473328,0.3085750502478356,-9.238134769937233,6.249644283513399,356.0,90.0,12.246620921703046,-4.128413695051856,-0.22837870654765507,weak/regime-dependent daily-local sites
sheerness-p015-uk,Sheerness,2003,0,1.2809400604631933,1.008713505963696,2.5618652300628355,4.0829776168467316,334.0,90.0,53.84963344133329,37.474598824578386,-0.22837870654765507,weak/regime-dependent daily-local sites
sheerness-p015-uk,Sheerness,2003,1,0.3460825071643644,0.07385595266486722,-0.4381347699371645,0.6663109501800664,197.0,90.0,17.18495908870309,0.809924471948186,-0.22837870654765507,weak/regime-dependent daily-local sites
sheerness-p015-uk,Sheerness,2003,2,0.5285886500507857,0.2563620955512885,-14.338134769937255,1.8885331724022887,244.0,90.0,71.01582588042801,54.64079126367311,-0.22837870654765507,weak/regime-dependent daily-local sites
sheerness-p015-uk,Sheerness,2003,3,0.6850766767512677,0.41285012225177053,-20.438134769937164,2.2496442835133976,281.0,90.0,83.99047588374071,67.61544126698581,-0.22837870654765507,weak/regime-dependent daily-local sites
sheerness-p015-uk,Sheerness,2004,-3,0.2364063071444311,-0.03582024735506609,4.461865230062813,1.9718665057356208,225.0,90.0,56.92264149260131,40.547606875846405,-0.22837870654765507,weak/regime-dependent daily-local sites
sheerness-p015-uk,Sheerness,2004,-2,0.3139198568060453,0.04169330230654811,-6.4381347699371645,8.277422061291176,210.0,90.0,116.70524691358027,100.33021229682537,-0.22837870654765507,weak/regime-dependent daily-local sites
sheerness-p015-uk,Sheerness,2004,-1,0.2351348799279153,-0.037091674571581884,-12.63813476993721,7.277422061291176,225.0,90.0,144.14720923021687,127.77217461346197,-0.22837870654765507,weak/regime-dependent daily-local sites
sheerness-p015-uk,Sheerness,2004,0,1.0494400965947317,0.7772135420952345,-9.338134769937255,5.527422061291178,248.0,90.0,145.5170703724839,129.14203575572898,-0.22837870654765507,weak/regime-dependent daily-local sites
sheerness-p015-uk,Sheerness,2004,1,0.2934036004459461,0.021177045946448925,-6.13813476993721,0.8329776168467324,265.0,90.0,61.12761355790738,44.75257894115248,-0.22837870654765507,weak/regime-dependent daily-local sites
sheerness-p015-uk,Sheerness,2004,2,0.158837968648543,-0.11338858585095418,1.86186523006279,-1.8336890498199336,285.0,90.0,25.784853307327637,9.409818690572735,-0.22837870654765507,weak/regime-dependent daily-local sites
sheerness-p015-uk,Sheerness,2004,3,0.3763758136746287,0.10414925917513151,6.961865230062813,0.02742206129117708,356.0,90.0,3.4452485554689303,-12.929786061285972,-0.22837870654765507,weak/regime-dependent daily-local sites
sheerness-p015-uk,Sheerness,2005,-3,0.2892538247351037,0.017027270235606518,-0.7381347699372327,0.5829776168467324,239.0,90.0,49.29307234107077,32.918037724315866,-0.22837870654765507,weak/regime-dependent daily-local sites
sheerness-p015-uk,Sheerness,2005,-2,0.1450179142228289,-0.12720864027666828,-11.738134769937233,4.805199839068955,249.0,90.0,130.11417016671066,113.73913554995576,-0.22837870654765507,weak/regime-dependent daily-local sites
sheerness-p015-uk,Sheerness,2005,-1,1.0195171837467387,0.7472906292472415,-10.13813476993721,5.221866505735621,332.0,90.0,70.13093715690465,53.75590254014975,-0.22837870654765507,weak/regime-dependent daily-local sites
sheerness-p015-uk,Sheerness,2005,0,1.1212772794234276,0.8490507249239304,3.1618652300627446,4.694088727957844,327.0,90.0,74.48485123850183,58.10981662174693,-0.22837870654765507,weak/regime-dependent daily-local sites
sheerness-p015-uk,Sheerness,2005,1,0.6850646056263069,0.4128380511268097,3.86186523006279,2.4163109501800655,348.0,90.0,18.4362804170276,2.0612458002726974,-0.22837870654765507,weak/regime-dependent daily-local sites
sheerness-p015-uk,Sheerness,2005,2,0.2596866892661526,-0.01253986523334455,14.661865230062745,-0.2225779387088238,16.0,90.0,-12.662303715988319,-29.03733833274322,-0.22837870654765507,weak/regime-dependent daily-local sites
sheerness-p015-uk,Sheerness,2005,3,0.1567435164703318,-0.11548303802916537,13.261865230062881,-3.972577938708823,224.0,90.0,6.3682377310365315,-10.006796885718371,-0.22837870654765507,weak/regime-dependent daily-local sites
sheerness-p015-uk,Sheerness,2006,-3,0.2032600582413395,-0.06896649625815768,12.461865230062699,0.5274220612911771,221.0,90.0,37.17718452784863,20.80214991109373,-0.22837870654765507,weak/regime-dependent daily-local sites
sheerness-p015-uk,Sheerness,2006,-2,0.1211595159725065,-0.15106703852699066,-3.5381347699371872,5.6663109501800655,200.0,90.0,54.87523188469618,38.500197267941275,-0.22837870654765507,weak/regime-dependent daily-local sites
sheerness-p015-uk,Sheerness,2006,-1,0.456325723343762,0.1840991688442648,-11.438134769937164,9.527422061291178,252.0,90.0,259.797672207864,243.42263759110912,-0.22837870654765507,weak/regime-dependent daily-local sites
sheerness-p015-uk,Sheerness,2006,0,1.221615443340577,0.9493888888410799,-3.5381347699371872,5.221866505735621,219.0,90.0,94.00958928028439,77.63455466352949,-0.22837870654765507,weak/regime-dependent daily-local sites
sheerness-p015-uk,Sheerness,2006,1,0.8232572602818491,0.5510307057823519,-2.3381347699372554,3.3051998390689548,273.0,90.0,106.05892576632276,89.68389114956786,-0.22837870654765507,weak/regime-dependent daily-local sites
sheerness-p015-uk,Sheerness,2006,2,0.6382254938746544,0.36599893937515726,4.86186523006279,3.6663109501800655,280.0,90.0,112.04923767605567,95.67420305930077,-0.22837870654765507,weak/regime-dependent daily-local sites
sheerness-p015-uk,Sheerness,2006,3,0.4565934609843504,0.1843669064848532,-3.2381347699372327,4.555199839068955,217.0,90.0,80.36088012855006,63.98584551179516,-0.22837870654765507,weak/regime-dependent daily-local sites
sheerness-p015-uk,Sheerness,2007,-3,0.3508918192345592,0.07866526473506202,-0.33813476993725544,1.0829776168467333,211.0,90.0,33.652730880754866,17.277696263999964,-0.22837870654765507,weak/regime-dependent daily-local sites
sheerness-p015-uk,Sheerness,2007,-2,0.1897017844153676,-0.08252477008412956,-7.63813476993721,4.4163109501800655,209.0,90.0,63.190220572246524,46.81518595549162,-0.22837870654765507,weak/regime-dependent daily-local sites
sheerness-p015-uk,Sheerness,2007,-1,0.4243698473804944,0.1521432928809972,-25.338134769937255,10.194088727957842,252.0,90.0,281.1788316667957,264.80379705004077,-0.22837870654765507,weak/regime-dependent daily-local sites
sheerness-p015-uk,Sheerness,2007,0,1.2281061017703447,0.9558795472708476,-8.038134769937187,3.7496442835133994,227.0,90.0,84.5170621433654,68.14202752661049,-0.22837870654765507,weak/regime-dependent daily-local sites
sheerness-p015-uk,Sheerness,2007,1,0.6119678403448805,0.3397412858453833,-4.63813476993721,5.194088727957842,232.0,90.0,117.18072565265514,100.80569103590024,-0.22837870654765507,weak/regime-dependent daily-local sites
sheerness-p015-uk,Sheerness,2007,2,0.7447157411378306,0.4724891866383334,-8.63813476993721,6.971866505735621,261.0,90.0,192.81947481916293,176.44444020240803,-0.22837870654765507,weak/regime-dependent daily-local sites
sheerness-p015-uk,Sheerness,2007,3,0.4697917029517828,0.19756514845228562,0.16186523006274456,3.8051998390689548,50.0,90.0,-89.44337282191887,-105.81840743867377,-0.22837870654765507,weak/regime-dependent daily-local sites
sheerness-p015-uk,Sheerness,2008,-3,0.301404383692531,0.0291778291930338,10.36186523006279,0.5829776168467324,326.0,90.0,32.157475233619806,15.782440616864903,-0.22837870654765507,weak/regime-dependent daily-local sites
sheerness-p015-uk,Sheerness,2008,-2,0.3286248141590209,0.05639825965952372,-14.938134769937164,8.277422061291176,222.0,90.0,156.1821052650884,139.8070706483335,-0.22837870654765507,weak/regime-dependent daily-local sites
sheerness-p015-uk,Sheerness,2008,-1,0.9349725036215452,0.662745949122048,-16.63813476993721,3.194088727957844,252.0,90.0,98.84016290376384,82.46512828700894,-0.22837870654765507,weak/regime-dependent daily-local sites
sheerness-p015-uk,Sheerness,2008,0,1.0854147527391371,0.81318819823964,-4.738134769937233,1.6385331724022887,294.0,90.0,68.17826404988428,51.803229433129374,-0.22837870654765507,weak/regime-dependent daily-local sites
sheerness-p015-uk,Sheerness,2008,1,0.4923717427778117,0.22014518827831453,-20.038134769937187,2.6663109501800655,173.0,90.0,-11.388013089303223,-27.763047706058124,-0.22837870654765507,weak/regime-dependent daily-local sites
sheerness-p015-uk,Sheerness,2008,2,0.3533419986343667,0.08111544413486954,-23.13813476993721,2.3329776168467333,167.0,90.0,-19.595736289510036,-35.97077090626494,-0.22837870654765507,weak/regime-dependent daily-local sites
sheerness-p015-uk,Sheerness,2008,3,0.4470239020968578,0.1747973475973606,-14.13813476993721,5.9163109501800655,182.0,90.0,5.822641724149899,-10.552392892605003,-0.22837870654765507,weak/regime-dependent daily-local sites
sheerness-p015-uk,Sheerness,2009,-3,0.131059230002642,-0.14116732449685518,6.761865230062767,-3.305911272042156,167.0,90.0,-3.070338889111598,-19.4453735058665,-0.22837870654765507,weak/regime-dependent daily-local sites
sheerness-p015-uk,Sheerness,2009,-2,0.1655268123795602,-0.10669974211993696,-5.238134769937233,-1.6948001609310444,248.0,90.0,26.099223918557854,9.724189301802951,-0.22837870654765507,weak/regime-dependent daily-local sites
sheerness-p015-uk,Sheerness,2009,-1,0.2866500553940063,0.014423500894509111,-6.238134769937233,6.082977616846733,350.0,90.0,29.72398563411226,13.348951017357358,-0.22837870654765507,weak/regime-dependent daily-local sites
sheerness-p015-uk,Sheerness,2009,0,1.0247992328756408,0.7525726783761436,-4.9381347699371645,3.7496442835133994,33.0,90.0,-62.93984848392408,-79.31488310067898,-0.22837870654765507,weak/regime-dependent daily-local sites
sheerness-p015-uk,Sheerness,2009,1,0.2543973649509193,-0.017829189548577873,-9.738134769937233,1.4163109501800655,344.0,90.0,19.52622685200837,3.1511922352534683,-0.22837870654765507,weak/regime-dependent daily-local sites
sheerness-p015-uk,Sheerness,2009,2,0.3669449969031509,0.09471844240365374,-14.438134769937164,0.22186650573562172,316.0,90.0,36.233723644311915,19.858689027557013,-0.22837870654765507,weak/regime-dependent daily-local sites
sheerness-p015-uk,Sheerness,2009,3,0.2132743060159321,-0.05895224848356506,-27.13813476993721,-0.6392446053754899,161.0,90.0,-13.17370338571585,-29.548738002470753,-0.22837870654765507,weak/regime-dependent daily-local sites
sheerness-p015-uk,Sheerness,2010,-3,0.6061662417655633,0.33393968726606615,-42.838134769937255,2.527422061291176,51.0,90.0,-70.54818303969996,-86.92321765645487,-0.22837870654765507,weak/regime-dependent daily-local sites
sheerness-p015-uk,Sheerness,2010,-2,0.431267034591329,0.1590404800918318,-25.838134769937255,2.2218665057356226,347.0,90.0,19.131948313270225,2.7569136965153227,-0.22837870654765507,weak/regime-dependent daily-local sites
sheerness-p015-uk,Sheerness,2010,-1,0.2262740689916224,-0.045952485507874785,-29.438134769937164,6.388533172402289,249.0,90.0,167.35581713390116,150.98078251714625,-0.22837870654765507,weak/regime-dependent daily-local sites
sheerness-p015-uk,Sheerness,2010,0,0.9207428510909011,0.648516296591404,-24.63813476993721,6.3329776168467316,250.0,90.0,167.05646591749482,150.68143130073992,-0.22837870654765507,weak/regime-dependent daily-local sites
sheerness-p015-uk,Sheerness,2010,1,0.8897807764997965,0.6175542220002993,-19.738134769937233,-0.5559112720421568,257.0,90.0,40.466430838734944,24.09139622198004,-0.22837870654765507,weak/regime-dependent daily-local sites
sheerness-p015-uk,Sheerness,2010,2,0.4878474576714601,0.21562090317196292,-21.038134769937187,0.2774220612911771,316.0,90.0,36.793309553848324,20.418274937093422,-0.22837870654765507,weak/regime-dependent daily-local sites
sheerness-p015-uk,Sheerness,2010,3,0.3747657801223195,0.1025392256228223,-5.63813476993721,-3.1114668275977118,244.0,90.0,13.59287292242567,-2.7821616943292327,-0.22837870654765507,weak/regime-dependent daily-local sites
