station_id,label,connectivity_rule,eta_m,component_id,area_cells,area_lowland_pct,mean_path_steps,p95_path_steps,max_path_steps,mean_path_km,p95_path_km,max_path_km
sheerness-p015-uk,Sheerness,8-neighbour,2.0,17,5051,21.554152086711614,53.22827162938032,87.0,93,1.5993064185154078,2.6140179673622876,2.794295068559687
sheerness-p015-uk,Sheerness,8-neighbour,2.0,39,2659,11.346761116326705,21.516735614892816,41.09999999999991,62,0.6464957873139525,1.2348981432021815,1.8628633790397913
sheerness-p015-uk,Sheerness,8-neighbour,2.0,64,623,2.6585303405308527,28.020866773675763,47.0,53,0.8419201058327975,1.4121706260462934,1.5924477272436925
sheerness-p015-uk,Sheerness,8-neighbour,2.0,40,283,1.207647008619954,53.77031802120141,60.0,63,1.6155928438874105,1.8027710119739917,1.8929095625726913
sheerness-p015-uk,Sheerness,8-neighbour,2.0,21,236,1.007083724502859,35.82627118644068,55.0,60,1.0764427193672386,1.6525400943094923,1.8027710119739917
sheerness-p015-uk,Sheerness,8-neighbour,2.0,18,50,0.21336519586924982,97.26,100.0,101,2.9222918104098405,3.004618353289986,3.034664536822886
sheerness-p015-uk,Sheerness,8-neighbour,2.0,67,38,0.16215754886062986,5.2105263157894735,9.0,9,0.15655642998721506,0.2704156517960987,0.2704156517960987
sheerness-p015-uk,Sheerness,8-neighbour,2.0,49,29,0.12375181360416489,39.51724137931034,44.0,44,1.1873422871966632,1.3220320754475938,1.3220320754475938
sheerness-p015-uk,Sheerness,8-neighbour,2.0,33,27,0.1152172057693949,12.037037037037036,15.7,17,0.3616670240071279,0.4717250814665278,0.5107851200592977
sheerness-p015-uk,Sheerness,8-neighbour,2.0,46,18,0.07681147051292993,85.0,88.0,88,2.553925600296488,2.6440641508951876,2.6440641508951876
sheerness-p015-uk,Sheerness,8-neighbour,2.0,58,18,0.07681147051292993,55.0,57.15,58,1.6525400943094923,1.7171393889052269,1.742678644908192
sheerness-p015-uk,Sheerness,8-neighbour,2.0,13,17,0.07254416659554494,59.1764705882353,66.2,67,1.7780270961233684,1.989057349877971,2.0130942967042906
sheerness-p015-uk,Sheerness,8-neighbour,2.0,35,13,0.05547495092600495,85.46153846153847,88.0,88,2.567793069619365,2.6440641508951876,2.6440641508951876
sheerness-p015-uk,Sheerness,8-neighbour,2.0,53,12,0.051207647008619954,45.5,48.45,49,1.3671013507469436,1.4557375921689983,1.4722629931120932
sheerness-p015-uk,Sheerness,8-neighbour,2.0,36,11,0.04694034309123496,79.9090909090909,81.0,81,2.400963211401725,2.4337408661648885,2.4337408661648885
sheerness-p015-uk,Sheerness,8-neighbour,2.0,20,9,0.038405735256464964,59.0,62.6,63,1.7727248284410917,1.8808910891595314,1.8929095625726913
sheerness-p015-uk,Sheerness,8-neighbour,2.0,38,8,0.03413843133907997,76.625,77.0,77,2.3022888132084516,2.3135561320332894,2.3135561320332894
sheerness-p015-uk,Sheerness,8-neighbour,2.0,51,5,0.02133651958692498,81.2,81.8,82,2.4397501028714688,2.4577778129912087,2.4637870496977885
sheerness-p015-uk,Sheerness,8-neighbour,2.0,63,5,0.02133651958692498,62.0,63.8,64,1.8628633790397913,1.916946509399011,1.922955746105591
sheerness-p015-uk,Sheerness,8-neighbour,2.0,2,4,0.017069215669539985,4.5,5.85,6,0.13520782589804936,0.17577017366746417,0.18027710119739915
sheerness-p015-uk,Sheerness,8-neighbour,2.0,11,4,0.017069215669539985,39.5,40.85,41,1.1868242495495445,1.2273865973189593,1.2318935248488943
sheerness-p015-uk,Sheerness,8-neighbour,2.0,14,4,0.017069215669539985,70.5,71.85,72,2.11825593906944,2.1588182868388546,2.1633252143687898
sheerness-p015-uk,Sheerness,8-neighbour,2.0,59,4,0.017069215669539985,71.5,72.85,73,2.14830212260234,2.1888644703717546,2.19337139790169
sheerness-p015-uk,Sheerness,8-neighbour,2.0,4,3,0.012801911752154988,16.0,16.9,17,0.48073893652639776,0.5077805017060076,0.5107851200592977
sheerness-p015-uk,Sheerness,8-neighbour,2.0,6,3,0.012801911752154988,25.0,25.9,26,0.7511545883224965,0.7781961535021064,0.7812007718553964
sheerness-p015-uk,Sheerness,8-neighbour,2.0,34,3,0.012801911752154988,89.33333333333333,89.9,90,2.684125728939054,2.7011518996076975,2.704156517960987
sheerness-p015-uk,Sheerness,8-neighbour,2.0,37,3,0.012801911752154988,78.0,78.0,78,2.343602315566189,2.343602315566189,2.343602315566189
sheerness-p015-uk,Sheerness,8-neighbour,2.0,57,3,0.012801911752154988,52.0,52.9,53,1.5624015437107928,1.5894431088904026,1.5924477272436925
sheerness-p015-uk,Sheerness,8-neighbour,2.0,60,3,0.012801911752154988,27.0,27.9,28,0.8112469553882963,0.838288520567906,0.8412931389211961
sheerness-p015-uk,Sheerness,8-neighbour,2.0,68,3,0.012801911752154988,3.0,3.9,4,0.09013855059869957,0.11718011577830945,0.12018473413159944
sheerness-p015-uk,Sheerness,8-neighbour,2.0,5,2,0.008534607834769992,19.5,19.95,20,0.5859005788915472,0.5994213614813522,0.6009236706579972
sheerness-p015-uk,Sheerness,8-neighbour,2.0,15,2,0.008534607834769992,76.5,76.95,77,2.298533040266839,2.3120538228566443,2.3135561320332894
sheerness-p015-uk,Sheerness,8-neighbour,2.0,27,2,0.008534607834769992,89.5,89.95,90,2.6891334261945374,2.7026542087843426,2.704156517960987
sheerness-p015-uk,Sheerness,8-neighbour,2.0,28,2,0.008534607834769992,88.0,88.0,88,2.6440641508951876,2.6440641508951876,2.6440641508951876
sheerness-p015-uk,Sheerness,8-neighbour,2.0,29,2,0.008534607834769992,92.5,92.95,93,2.779271976793237,2.792792759383042,2.794295068559687
sheerness-p015-uk,Sheerness,8-neighbour,2.0,31,2,0.008534607834769992,87.5,87.95,88,2.629041059128738,2.6425618417185426,2.6440641508951876
sheerness-p015-uk,Sheerness,8-neighbour,2.0,41,2,0.008534607834769992,1.0,1.0,1,0.03004618353289986,0.03004618353289986,0.03004618353289986
sheerness-p015-uk,Sheerness,8-neighbour,2.0,43,2,0.008534607834769992,73.5,73.95,74,2.2083944896681396,2.2219152722579447,2.22341758143459
sheerness-p015-uk,Sheerness,8-neighbour,2.0,45,2,0.008534607834769992,76.5,76.95,77,2.298533040266839,2.3120538228566443,2.3135561320332894
sheerness-p015-uk,Sheerness,8-neighbour,2.0,48,2,0.008534607834769992,78.5,78.95,79,2.358625407332639,2.372146189922444,2.373648499099089
sheerness-p015-uk,Sheerness,8-neighbour,2.0,52,2,0.008534607834769992,40.5,40.95,41,1.2168704330824442,1.2303912156722494,1.2318935248488943
sheerness-p015-uk,Sheerness,8-neighbour,2.0,1,1,0.004267303917384996,1.0,1.0,1,0.03004618353289986,0.03004618353289986,0.03004618353289986
sheerness-p015-uk,Sheerness,8-neighbour,2.0,3,1,0.004267303917384996,9.0,9.0,9,0.2704156517960987,0.2704156517960987,0.2704156517960987
sheerness-p015-uk,Sheerness,8-neighbour,2.0,7,1,0.004267303917384996,29.0,29.0,29,0.871339322454096,0.871339322454096,0.871339322454096
sheerness-p015-uk,Sheerness,8-neighbour,2.0,8,1,0.004267303917384996,31.0,31.0,31,0.9314316895198956,0.9314316895198956,0.9314316895198956
sheerness-p015-uk,Sheerness,8-neighbour,2.0,9,1,0.004267303917384996,33.0,33.0,33,0.9915240565856954,0.9915240565856954,0.9915240565856954
sheerness-p015-uk,Sheerness,8-neighbour,2.0,10,1,0.004267303917384996,36.0,36.0,36,1.0816626071843949,1.0816626071843949,1.0816626071843949
sheerness-p015-uk,Sheerness,8-neighbour,2.0,12,1,0.004267303917384996,42.0,42.0,42,1.261939708381794,1.261939708381794,1.261939708381794
sheerness-p015-uk,Sheerness,8-neighbour,2.0,16,1,0.004267303917384996,89.0,89.0,89,2.6741103344280877,2.6741103344280877,2.6741103344280877
sheerness-p015-uk,Sheerness,8-neighbour,2.0,19,1,0.004267303917384996,67.0,67.0,67,2.0130942967042906,2.0130942967042906,2.0130942967042906
sheerness-p015-uk,Sheerness,8-neighbour,2.0,22,1,0.004267303917384996,95.0,95.0,95,2.854387435625487,2.854387435625487,2.854387435625487
sheerness-p015-uk,Sheerness,8-neighbour,2.0,23,1,0.004267303917384996,94.0,94.0,94,2.824341252092587,2.824341252092587,2.824341252092587
sheerness-p015-uk,Sheerness,8-neighbour,2.0,24,1,0.004267303917384996,93.0,93.0,93,2.794295068559687,2.794295068559687,2.794295068559687
sheerness-p015-uk,Sheerness,8-neighbour,2.0,25,1,0.004267303917384996,92.0,92.0,92,2.7642488850267872,2.7642488850267872,2.7642488850267872
sheerness-p015-uk,Sheerness,8-neighbour,2.0,26,1,0.004267303917384996,91.0,91.0,91,2.734202701493887,2.734202701493887,2.734202701493887
sheerness-p015-uk,Sheerness,8-neighbour,2.0,30,1,0.004267303917384996,92.0,92.0,92,2.7642488850267872,2.7642488850267872,2.7642488850267872
sheerness-p015-uk,Sheerness,8-neighbour,2.0,32,1,0.004267303917384996,91.0,91.0,91,2.734202701493887,2.734202701493887,2.734202701493887
sheerness-p015-uk,Sheerness,8-neighbour,2.0,42,1,0.004267303917384996,3.0,3.0,3,0.09013855059869957,0.09013855059869957,0.09013855059869957
sheerness-p015-uk,Sheerness,8-neighbour,2.0,44,1,0.004267303917384996,39.0,39.0,39,1.1718011577830945,1.1718011577830945,1.1718011577830945
sheerness-p015-uk,Sheerness,8-neighbour,2.0,47,1,0.004267303917384996,77.0,77.0,77,2.3135561320332894,2.3135561320332894,2.3135561320332894
sheerness-p015-uk,Sheerness,8-neighbour,2.0,50,1,0.004267303917384996,83.0,83.0,83,2.4938332332306885,2.4938332332306885,2.4938332332306885
sheerness-p015-uk,Sheerness,8-neighbour,2.0,54,1,0.004267303917384996,80.0,80.0,80,2.403694682631989,2.403694682631989,2.403694682631989
sheerness-p015-uk,Sheerness,8-neighbour,2.0,55,1,0.004267303917384996,78.0,78.0,78,2.343602315566189,2.343602315566189,2.343602315566189
sheerness-p015-uk,Sheerness,8-neighbour,2.0,56,1,0.004267303917384996,76.0,76.0,76,2.2835099485003894,2.2835099485003894,2.2835099485003894
sheerness-p015-uk,Sheerness,8-neighbour,2.0,61,1,0.004267303917384996,68.0,68.0,68,2.0431404802371906,2.0431404802371906,2.0431404802371906
sheerness-p015-uk,Sheerness,8-neighbour,2.0,62,1,0.004267303917384996,66.0,66.0,66,1.9830481131713908,1.9830481131713908,1.9830481131713908
sheerness-p015-uk,Sheerness,8-neighbour,2.0,65,1,0.004267303917384996,15.0,15.0,15,0.4506927529934979,0.4506927529934979,0.4506927529934979
sheerness-p015-uk,Sheerness,8-neighbour,2.0,66,1,0.004267303917384996,13.0,13.0,13,0.3906003859276982,0.3906003859276982,0.3906003859276982
sheerness-p015-uk,Sheerness,8-neighbour,2.0,69,1,0.004267303917384996,1.0,1.0,1,0.03004618353289986,0.03004618353289986,0.03004618353289986
sheerness-p015-uk,Sheerness,4-neighbour,2.0,47,4676,19.95391311769224,75.73182207014543,122.0,152,2.275452225200506,3.665634391013783,4.567019897000779
sheerness-p015-uk,Sheerness,4-neighbour,2.0,85,2651,11.312622684987625,29.60052810260279,50.0,63,0.8893829000415635,1.502309176644993,1.8929095625726913
sheerness-p015-uk,Sheerness,4-neighbour,2.0,131,618,2.637193820943928,34.15533980582524,52.0,59,1.0262376084343856,1.5624015437107928,1.7727248284410917
sheerness-p015-uk,Sheerness,4-neighbour,2.0,87,281,1.1991124007851839,64.17437722419929,75.0,79,1.9281951161878406,2.2534637649674893,2.373648499099089
sheerness-p015-uk,Sheerness,4-neighbour,2.0,38,196,0.8363915678074593,53.423469387755105,83.0,87,1.6051713661887472,2.4938332332306885,2.6140179673622876
sheerness-p015-uk,Sheerness,4-neighbour,2.0,36,127,0.5419475975078946,70.08661417322834,79.0,81,2.1058352726483593,2.373648499099089,2.4337408661648885
sheerness-p015-uk,Sheerness,4-neighbour,2.0,40,65,0.27737475463002476,47.0,56.0,57,1.4121706260462934,1.6825862778423921,1.7126324613752921
sheerness-p015-uk,Sheerness,4-neighbour,2.0,134,36,0.15362294102585985,8.25,13.25,15,0.24788101414642386,0.39811193181092314,0.4506927529934979
sheerness-p015-uk,Sheerness,4-neighbour,2.0,31,32,0.13655372535631988,106.40625,112.0,113,3.1971017165476256,3.3651725556847842,3.3952187392176842
sheerness-p015-uk,Sheerness,4-neighbour,2.0,103,24,0.10241529401723991,46.333333333333336,51.849999999999994,53,1.3921398370243603,1.5578946161808576,1.5924477272436925
sheerness-p015-uk,Sheerness,4-neighbour,2.0,98,18,0.07681147051292993,100.66666666666667,106.15,107,3.0246491423119193,3.1894023820173203,3.214941638020285
sheerness-p015-uk,Sheerness,4-neighbour,2.0,118,18,0.07681147051292993,74.5,79.15,80,2.2384406732010396,2.378155426629024,2.403694682631989
sheerness-p015-uk,Sheerness,4-neighbour,2.0,37,16,0.06827686267815994,114.4375,118.25,119,3.4384101280462276,3.5529612027654083,3.5754958404150834
sheerness-p015-uk,Sheerness,4-neighbour,2.0,108,11,0.04694034309123496,55.63636363636363,59.5,60,1.6716603929213376,1.7877479202075417,1.8027710119739917
sheerness-p015-uk,Sheerness,4-neighbour,2.0,24,10,0.04267303917384996,92.8,96.55,97,2.788285831853107,2.900959020101481,2.9144798026912864
sheerness-p015-uk,Sheerness,4-neighbour,2.0,33,9,0.038405735256464964,91.0,94.6,95,2.734202701493887,2.8423689622123267,2.854387435625487
sheerness-p015-uk,Sheerness,4-neighbour,2.0,42,8,0.03413843133907997,73.125,75.65,76,2.1971271708433022,2.2729937842638748,2.2835099485003894
sheerness-p015-uk,Sheerness,4-neighbour,2.0,84,8,0.03413843133907997,77.0,77.0,77,2.3135561320332894,2.3135561320332894,2.3135561320332894
sheerness-p015-uk,Sheerness,4-neighbour,2.0,25,7,0.02987112742169497,101.0,103.7,104,3.034664536822886,3.1157892323617156,3.1248030874215855
sheerness-p015-uk,Sheerness,4-neighbour,2.0,81,7,0.02987112742169497,80.42857142857143,81.0,81,2.416571618431803,2.4337408661648885,2.4337408661648885
sheerness-p015-uk,Sheerness,4-neighbour,2.0,41,5,0.02133651958692498,80.0,81.8,82,2.403694682631989,2.4577778129912087,2.4637870496977885
sheerness-p015-uk,Sheerness,4-neighbour,2.0,46,5,0.02133651958692498,34.2,35.0,35,1.0275794768251754,1.051616423651495,1.051616423651495
sheerness-p015-uk,Sheerness,4-neighbour,2.0,59,5,0.02133651958692498,47.0,48.8,49,1.4121706260462934,1.4662537564055131,1.4722629931120932
sheerness-p015-uk,Sheerness,4-neighbour,2.0,73,5,0.02133651958692498,90.0,91.8,92,2.704156517960987,2.758239648320207,2.7642488850267872
sheerness-p015-uk,Sheerness,4-neighbour,2.0,26,4,0.017069215669539985,108.5,109.85,110,3.260010913319635,3.3005732610890495,3.3050801886189847
sheerness-p015-uk,Sheerness,4-neighbour,2.0,32,4,0.017069215669539985,82.0,82.85,83,2.4637870496977885,2.4893263057007533,2.4938332332306885
sheerness-p015-uk,Sheerness,4-neighbour,2.0,34,4,0.017069215669539985,79.0,79.85,80,2.373648499099089,2.3991877551020537,2.403694682631989
sheerness-p015-uk,Sheerness,4-neighbour,2.0,82,4,0.017069215669539985,79.0,79.0,79,2.373648499099089,2.373648499099089,2.373648499099089
sheerness-p015-uk,Sheerness,4-neighbour,2.0,106,4,0.017069215669539985,89.0,89.85,90,2.6741103344280877,2.6996495904310525,2.704156517960987
sheerness-p015-uk,Sheerness,4-neighbour,2.0,69,3,0.012801911752154988,21.333333333333332,21.9,22,0.6409852487018637,0.6580114193705069,0.6610160377237969
sheerness-p015-uk,Sheerness,4-neighbour,2.0,83,3,0.012801911752154988,78.0,78.0,78,2.343602315566189,2.343602315566189,2.343602315566189
sheerness-p015-uk,Sheerness,4-neighbour,2.0,86,3,0.012801911752154988,80.33333333333333,80.9,81,2.413710077142955,2.430736247811599,2.4337408661648885
sheerness-p015-uk,Sheerness,4-neighbour,2.0,119,3,0.012801911752154988,89.0,89.9,90,2.6741103344280877,2.7011518996076975,2.704156517960987
sheerness-p015-uk,Sheerness,4-neighbour,2.0,127,3,0.012801911752154988,84.0,84.9,85,2.523879416763588,2.5509209819431984,2.553925600296488
sheerness-p015-uk,Sheerness,4-neighbour,2.0,27,2,0.008534607834769992,112.5,112.95,113,3.3801956474512345,3.393716430041039,3.3952187392176842
sheerness-p015-uk,Sheerness,4-neighbour,2.0,29,2,0.008534607834769992,86.5,86.95,87,2.598994875595838,2.612515658185643,2.6140179673622876
sheerness-p015-uk,Sheerness,4-neighbour,2.0,30,2,0.008534607834769992,84.5,84.95,85,2.5389025085300383,2.552423291119843,2.553925600296488
sheerness-p015-uk,Sheerness,4-neighbour,2.0,48,2,0.008534607834769992,67.5,67.95,68,2.0281173884707404,2.0416381710605456,2.0431404802371906
sheerness-p015-uk,Sheerness,4-neighbour,2.0,54,2,0.008534607834769992,105.5,105.95,106,3.1698723627209353,3.1833931453107405,3.184895454487385
sheerness-p015-uk,Sheerness,4-neighbour,2.0,58,2,0.008534607834769992,1.0,1.0,1,0.03004618353289986,0.03004618353289986,0.03004618353289986
sheerness-p015-uk,Sheerness,4-neighbour,2.0,61,2,0.008534607834769992,101.5,101.95,102,3.0496876285893357,3.063208411179141,3.064710720355786
sheerness-p015-uk,Sheerness,4-neighbour,2.0,65,2,0.008534607834769992,98.5,98.95,99,2.959549077990636,2.9730698605804413,2.9745721697570864
sheerness-p015-uk,Sheerness,4-neighbour,2.0,68,2,0.008534607834769992,18.5,18.95,19,0.5558543953586474,0.5693751779484524,0.5708774871250973
sheerness-p015-uk,Sheerness,4-neighbour,2.0,70,2,0.008534607834769992,30.5,30.95,31,0.9164085977534457,0.9299293803432507,0.9314316895198956
sheerness-p015-uk,Sheerness,4-neighbour,2.0,71,2,0.008534607834769992,94.5,94.95,95,2.8393643438590366,2.8528851264488417,2.854387435625487
sheerness-p015-uk,Sheerness,4-neighbour,2.0,77,2,0.008534607834769992,85.5,85.95,86,2.568948692062938,2.582469474652743,2.583971783829388
sheerness-p015-uk,Sheerness,4-neighbour,2.0,78,2,0.008534607834769992,84.0,84.0,84,2.523879416763588,2.523879416763588,2.523879416763588
sheerness-p015-uk,Sheerness,4-neighbour,2.0,88,2,0.008534607834769992,1.5,1.95,2,0.04506927529934979,0.05859005788915472,0.06009236706579972
sheerness-p015-uk,Sheerness,4-neighbour,2.0,89,2,0.008534607834769992,82.5,82.95,83,2.4788101414642383,2.4923309240540434,2.4938332332306885
sheerness-p015-uk,Sheerness,4-neighbour,2.0,107,2,0.008534607834769992,49.5,49.95,50,1.4872860848785432,1.5008068674683481,1.502309176644993
sheerness-p015-uk,Sheerness,4-neighbour,2.0,111,2,0.008534607834769992,34.5,34.95,35,1.036593331885045,1.0501141144748503,1.051616423651495
sheerness-p015-uk,Sheerness,4-neighbour,2.0,125,2,0.008534607834769992,26.5,26.95,27,0.7962238636218463,0.8097446462116512,0.8112469553882963
sheerness-p015-uk,Sheerness,4-neighbour,2.0,128,2,0.008534607834769992,82.5,82.95,83,2.4788101414642383,2.4923309240540434,2.4938332332306885
sheerness-p015-uk,Sheerness,4-neighbour,2.0,136,2,0.008534607834769992,3.5,3.95,4,0.10516164236514951,0.11868242495495446,0.12018473413159944
sheerness-p015-uk,Sheerness,4-neighbour,2.0,142,2,0.008534607834769992,1.5,1.95,2,0.04506927529934979,0.05859005788915472,0.06009236706579972
sheerness-p015-uk,Sheerness,4-neighbour,2.0,1,1,0.004267303917384996,1.0,1.0,1,0.03004618353289986,0.03004618353289986,0.03004618353289986
sheerness-p015-uk,Sheerness,4-neighbour,2.0,2,1,0.004267303917384996,5.0,5.0,5,0.1502309176644993,0.1502309176644993,0.1502309176644993
sheerness-p015-uk,Sheerness,4-neighbour,2.0,3,1,0.004267303917384996,7.0,7.0,7,0.21032328473029901,0.21032328473029901,0.21032328473029901
sheerness-p015-uk,Sheerness,4-neighbour,2.0,4,1,0.004267303917384996,9.0,9.0,9,0.2704156517960987,0.2704156517960987,0.2704156517960987
sheerness-p015-uk,Sheerness,4-neighbour,2.0,5,1,0.004267303917384996,11.0,11.0,11,0.33050801886189846,0.33050801886189846,0.33050801886189846
sheerness-p015-uk,Sheerness,4-neighbour,2.0,6,1,0.004267303917384996,16.0,16.0,16,0.48073893652639776,0.48073893652639776,0.48073893652639776
sheerness-p015-uk,Sheerness,4-neighbour,2.0,7,1,0.004267303917384996,27.0,27.0,27,0.8112469553882963,0.8112469553882963,0.8112469553882963
sheerness-p015-uk,Sheerness,4-neighbour,2.0,8,1,0.004267303917384996,29.0,29.0,29,0.871339322454096,0.871339322454096,0.871339322454096
sheerness-p015-uk,Sheerness,4-neighbour,2.0,9,1,0.004267303917384996,31.0,31.0,31,0.9314316895198956,0.9314316895198956,0.9314316895198956
sheerness-p015-uk,Sheerness,4-neighbour,2.0,10,1,0.004267303917384996,34.0,34.0,34,1.0215702401185953,1.0215702401185953,1.0215702401185953
sheerness-p015-uk,Sheerness,4-neighbour,2.0,11,1,0.004267303917384996,36.0,36.0,36,1.0816626071843949,1.0816626071843949,1.0816626071843949
sheerness-p015-uk,Sheerness,4-neighbour,2.0,12,1,0.004267303917384996,43.0,43.0,43,1.291985891914694,1.291985891914694,1.291985891914694
sheerness-p015-uk,Sheerness,4-neighbour,2.0,13,1,0.004267303917384996,45.0,45.0,45,1.3520782589804936,1.3520782589804936,1.3520782589804936
sheerness-p015-uk,Sheerness,4-neighbour,2.0,14,1,0.004267303917384996,47.0,47.0,47,1.4121706260462934,1.4121706260462934,1.4121706260462934
sheerness-p015-uk,Sheerness,4-neighbour,2.0,15,1,0.004267303917384996,53.0,53.0,53,1.5924477272436925,1.5924477272436925,1.5924477272436925
sheerness-p015-uk,Sheerness,4-neighbour,2.0,16,1,0.004267303917384996,58.0,58.0,58,1.742678644908192,1.742678644908192,1.742678644908192
sheerness-p015-uk,Sheerness,4-neighbour,2.0,17,1,0.004267303917384996,63.0,63.0,63,1.8929095625726913,1.8929095625726913,1.8929095625726913
sheerness-p015-uk,Sheerness,4-neighbour,2.0,18,1,0.004267303917384996,69.0,69.0,69,2.07318666377009,2.07318666377009,2.07318666377009
sheerness-p015-uk,Sheerness,4-neighbour,2.0,19,1,0.004267303917384996,73.0,73.0,73,2.19337139790169,2.19337139790169,2.19337139790169
sheerness-p015-uk,Sheerness,4-neighbour,2.0,20,1,0.004267303917384996,75.0,75.0,75,2.2534637649674893,2.2534637649674893,2.2534637649674893
sheerness-p015-uk,Sheerness,4-neighbour,2.0,21,1,0.004267303917384996,77.0,77.0,77,2.3135561320332894,2.3135561320332894,2.3135561320332894
sheerness-p015-uk,Sheerness,4-neighbour,2.0,22,1,0.004267303917384996,78.0,78.0,78,2.343602315566189,2.343602315566189,2.343602315566189
sheerness-p015-uk,Sheerness,4-neighbour,2.0,23,1,0.004267303917384996,79.0,79.0,79,2.373648499099089,2.373648499099089,2.373648499099089
sheerness-p015-uk,Sheerness,4-neighbour,2.0,28,1,0.004267303917384996,89.0,89.0,89,2.6741103344280877,2.6741103344280877,2.6741103344280877
sheerness-p015-uk,Sheerness,4-neighbour,2.0,35,1,0.004267303917384996,77.0,77.0,77,2.3135561320332894,2.3135561320332894,2.3135561320332894
sheerness-p015-uk,Sheerness,4-neighbour,2.0,39,1,0.004267303917384996,84.0,84.0,84,2.523879416763588,2.523879416763588,2.523879416763588
sheerness-p015-uk,Sheerness,4-neighbour,2.0,43,1,0.004267303917384996,117.0,117.0,117,3.515403473349284,3.515403473349284,3.515403473349284
sheerness-p015-uk,Sheerness,4-neighbour,2.0,44,1,0.004267303917384996,120.0,120.0,120,3.6055420239479834,3.6055420239479834,3.6055420239479834
sheerness-p015-uk,Sheerness,4-neighbour,2.0,45,1,0.004267303917384996,120.0,120.0,120,3.6055420239479834,3.6055420239479834,3.6055420239479834
sheerness-p015-uk,Sheerness,4-neighbour,2.0,49,1,0.004267303917384996,117.0,117.0,117,3.515403473349284,3.515403473349284,3.515403473349284
sheerness-p015-uk,Sheerness,4-neighbour,2.0,50,1,0.004267303917384996,65.0,65.0,65,1.9530019296384908,1.9530019296384908,1.9530019296384908
sheerness-p015-uk,Sheerness,4-neighbour,2.0,51,1,0.004267303917384996,114.0,114.0,114,3.4252649227505843,3.4252649227505843,3.4252649227505843
sheerness-p015-uk,Sheerness,4-neighbour,2.0,52,1,0.004267303917384996,111.0,111.0,111,3.3351263721518847,3.3351263721518847,3.3351263721518847
sheerness-p015-uk,Sheerness,4-neighbour,2.0,53,1,0.004267303917384996,109.0,109.0,109,3.2750340050860847,3.2750340050860847,3.2750340050860847
sheerness-p015-uk,Sheerness,4-neighbour,2.0,55,1,0.004267303917384996,110.0,110.0,110,3.3050801886189847,3.3050801886189847,3.3050801886189847
sheerness-p015-uk,Sheerness,4-neighbour,2.0,56,1,0.004267303917384996,53.0,53.0,53,1.5924477272436925,1.5924477272436925,1.5924477272436925
sheerness-p015-uk,Sheerness,4-neighbour,2.0,57,1,0.004267303917384996,110.0,110.0,110,3.3050801886189847,3.3050801886189847,3.3050801886189847
sheerness-p015-uk,Sheerness,4-neighbour,2.0,60,1,0.004267303917384996,107.0,107.0,107,3.214941638020285,3.214941638020285,3.214941638020285
sheerness-p015-uk,Sheerness,4-neighbour,2.0,62,1,0.004267303917384996,104.0,104.0,104,3.1248030874215855,3.1248030874215855,3.1248030874215855
sheerness-p015-uk,Sheerness,4-neighbour,2.0,63,1,0.004267303917384996,43.0,43.0,43,1.291985891914694,1.291985891914694,1.291985891914694
sheerness-p015-uk,Sheerness,4-neighbour,2.0,64,1,0.004267303917384996,101.0,101.0,101,3.034664536822886,3.034664536822886,3.034664536822886
sheerness-p015-uk,Sheerness,4-neighbour,2.0,66,1,0.004267303917384996,35.0,35.0,35,1.051616423651495,1.051616423651495,1.051616423651495
sheerness-p015-uk,Sheerness,4-neighbour,2.0,67,1,0.004267303917384996,33.0,33.0,33,0.9915240565856954,0.9915240565856954,0.9915240565856954
sheerness-p015-uk,Sheerness,4-neighbour,2.0,72,1,0.004267303917384996,16.0,16.0,16,0.48073893652639776,0.48073893652639776,0.48073893652639776
sheerness-p015-uk,Sheerness,4-neighbour,2.0,74,1,0.004267303917384996,12.0,12.0,12,0.3605542023947983,0.3605542023947983,0.3605542023947983
sheerness-p015-uk,Sheerness,4-neighbour,2.0,75,1,0.004267303917384996,10.0,10.0,10,0.3004618353289986,0.3004618353289986,0.3004618353289986
sheerness-p015-uk,Sheerness,4-neighbour,2.0,76,1,0.004267303917384996,8.0,8.0,8,0.24036946826319888,0.24036946826319888,0.24036946826319888
sheerness-p015-uk,Sheerness,4-neighbour,2.0,79,1,0.004267303917384996,83.0,83.0,83,2.4938332332306885,2.4938332332306885,2.4938332332306885
sheerness-p015-uk,Sheerness,4-neighbour,2.0,80,1,0.004267303917384996,82.0,82.0,82,2.4637870496977885,2.4637870496977885,2.4637870496977885
sheerness-p015-uk,Sheerness,4-neighbour,2.0,90,1,0.004267303917384996,5.0,5.0,5,0.1502309176644993,0.1502309176644993,0.1502309176644993
sheerness-p015-uk,Sheerness,4-neighbour,2.0,91,1,0.004267303917384996,8.0,8.0,8,0.24036946826319888,0.24036946826319888,0.24036946826319888
sheerness-p015-uk,Sheerness,4-neighbour,2.0,92,1,0.004267303917384996,85.0,85.0,85,2.553925600296488,2.553925600296488,2.553925600296488
sheerness-p015-uk,Sheerness,4-neighbour,2.0,93,1,0.004267303917384996,87.0,87.0,87,2.6140179673622876,2.6140179673622876,2.6140179673622876
sheerness-p015-uk,Sheerness,4-neighbour,2.0,94,1,0.004267303917384996,90.0,90.0,90,2.704156517960987,2.704156517960987,2.704156517960987
sheerness-p015-uk,Sheerness,4-neighbour,2.0,95,1,0.004267303917384996,92.0,92.0,92,2.7642488850267872,2.7642488850267872,2.7642488850267872
sheerness-p015-uk,Sheerness,4-neighbour,2.0,96,1,0.004267303917384996,97.0,97.0,97,2.9144798026912864,2.9144798026912864,2.9144798026912864
sheerness-p015-uk,Sheerness,4-neighbour,2.0,97,1,0.004267303917384996,99.0,99.0,99,2.9745721697570864,2.9745721697570864,2.9745721697570864
sheerness-p015-uk,Sheerness,4-neighbour,2.0,99,1,0.004267303917384996,96.0,96.0,96,2.8844336191583864,2.8844336191583864,2.8844336191583864
sheerness-p015-uk,Sheerness,4-neighbour,2.0,100,1,0.004267303917384996,94.0,94.0,94,2.824341252092587,2.824341252092587,2.824341252092587
sheerness-p015-uk,Sheerness,4-neighbour,2.0,101,1,0.004267303917384996,94.0,94.0,94,2.824341252092587,2.824341252092587,2.824341252092587
sheerness-p015-uk,Sheerness,4-neighbour,2.0,102,1,0.004267303917384996,57.0,57.0,57,1.7126324613752921,1.7126324613752921,1.7126324613752921
sheerness-p015-uk,Sheerness,4-neighbour,2.0,104,1,0.004267303917384996,94.0,94.0,94,2.824341252092587,2.824341252092587,2.824341252092587
sheerness-p015-uk,Sheerness,4-neighbour,2.0,105,1,0.004267303917384996,91.0,91.0,91,2.734202701493887,2.734202701493887,2.734202701493887
sheerness-p015-uk,Sheerness,4-neighbour,2.0,109,1,0.004267303917384996,91.0,91.0,91,2.734202701493887,2.734202701493887,2.734202701493887
sheerness-p015-uk,Sheerness,4-neighbour,2.0,110,1,0.004267303917384996,37.0,37.0,37,1.111708790717295,1.111708790717295,1.111708790717295
sheerness-p015-uk,Sheerness,4-neighbour,2.0,112,1,0.004267303917384996,32.0,32.0,32,0.9614778730527955,0.9614778730527955,0.9614778730527955
sheerness-p015-uk,Sheerness,4-neighbour,2.0,113,1,0.004267303917384996,62.0,62.0,62,1.8628633790397913,1.8628633790397913,1.8628633790397913
sheerness-p015-uk,Sheerness,4-neighbour,2.0,114,1,0.004267303917384996,93.0,93.0,93,2.794295068559687,2.794295068559687,2.794295068559687
sheerness-p015-uk,Sheerness,4-neighbour,2.0,115,1,0.004267303917384996,31.0,31.0,31,0.9314316895198956,0.9314316895198956,0.9314316895198956
sheerness-p015-uk,Sheerness,4-neighbour,2.0,116,1,0.004267303917384996,92.0,92.0,92,2.7642488850267872,2.7642488850267872,2.7642488850267872
sheerness-p015-uk,Sheerness,4-neighbour,2.0,117,1,0.004267303917384996,66.0,66.0,66,1.9830481131713908,1.9830481131713908,1.9830481131713908
sheerness-p015-uk,Sheerness,4-neighbour,2.0,120,1,0.004267303917384996,68.0,68.0,68,2.0431404802371906,2.0431404802371906,2.0431404802371906
sheerness-p015-uk,Sheerness,4-neighbour,2.0,121,1,0.004267303917384996,88.0,88.0,88,2.6440641508951876,2.6440641508951876,2.6440641508951876
sheerness-p015-uk,Sheerness,4-neighbour,2.0,122,1,0.004267303917384996,28.0,28.0,28,0.8412931389211961,0.8412931389211961,0.8412931389211961
sheerness-p015-uk,Sheerness,4-neighbour,2.0,123,1,0.004267303917384996,70.0,70.0,70,2.10323284730299,2.10323284730299,2.10323284730299
sheerness-p015-uk,Sheerness,4-neighbour,2.0,124,1,0.004267303917384996,87.0,87.0,87,2.6140179673622876,2.6140179673622876,2.6140179673622876
sheerness-p015-uk,Sheerness,4-neighbour,2.0,126,1,0.004267303917384996,86.0,86.0,86,2.583971783829388,2.583971783829388,2.583971783829388
sheerness-p015-uk,Sheerness,4-neighbour,2.0,129,1,0.004267303917384996,30.0,30.0,30,0.9013855059869958,0.9013855059869958,0.9013855059869958
sheerness-p015-uk,Sheerness,4-neighbour,2.0,130,1,0.004267303917384996,28.0,28.0,28,0.8412931389211961,0.8412931389211961,0.8412931389211961
sheerness-p015-uk,Sheerness,4-neighbour,2.0,132,1,0.004267303917384996,15.0,15.0,15,0.4506927529934979,0.4506927529934979,0.4506927529934979
sheerness-p015-uk,Sheerness,4-neighbour,2.0,133,1,0.004267303917384996,13.0,13.0,13,0.3906003859276982,0.3906003859276982,0.3906003859276982
sheerness-p015-uk,Sheerness,4-neighbour,2.0,135,1,0.004267303917384996,8.0,8.0,8,0.24036946826319888,0.24036946826319888,0.24036946826319888
sheerness-p015-uk,Sheerness,4-neighbour,2.0,137,1,0.004267303917384996,4.0,4.0,4,0.12018473413159944,0.12018473413159944,0.12018473413159944
sheerness-p015-uk,Sheerness,4-neighbour,2.0,138,1,0.004267303917384996,2.0,2.0,2,0.06009236706579972,0.06009236706579972,0.06009236706579972
sheerness-p015-uk,Sheerness,4-neighbour,2.0,139,1,0.004267303917384996,2.0,2.0,2,0.06009236706579972,0.06009236706579972,0.06009236706579972
sheerness-p015-uk,Sheerness,4-neighbour,2.0,140,1,0.004267303917384996,4.0,4.0,4,0.12018473413159944,0.12018473413159944,0.12018473413159944
sheerness-p015-uk,Sheerness,4-neighbour,2.0,141,1,0.004267303917384996,1.0,1.0,1,0.03004618353289986,0.03004618353289986,0.03004618353289986
hoekvanholla-hvh-nl,Hoek v.H.,8-neighbour,2.0,9,229,0.5585502085416717,66.39737991266375,128.6,135,1.6647062579157454,3.2242420566829306,3.3847020035162956
hoekvanholla-hvh-nl,Hoek v.H.,8-neighbour,2.0,8,77,0.187809458767287,86.20779220779221,98.0,100,2.161390274106895,2.4570429358859034,2.5071866692713303
hoekvanholla-hvh-nl,Hoek v.H.,8-neighbour,2.0,4,49,0.11951511012463718,33.142857142857146,48.599999999999994,51,0.8309532961013553,1.2184927212658663,1.2786652013283784
hoekvanholla-hvh-nl,Hoek v.H.,8-neighbour,2.0,167,34,0.08292885192321764,25.88235294117647,34.349999999999994,36,0.6489189026349326,0.8612186208947018,0.9025872009376789
hoekvanholla-hvh-nl,Hoek v.H.,8-neighbour,2.0,108,32,0.07805068416302836,111.28125,114.45,116,2.790028665398502,2.8694751429810372,2.908336536354743
hoekvanholla-hvh-nl,Hoek v.H.,8-neighbour,2.0,157,27,0.06585526476255518,74.33333333333333,80.7,82,1.8636754241583553,2.0232996421019633,2.0558930688024906
hoekvanholla-hvh-nl,Hoek v.H.,8-neighbour,2.0,96,24,0.058538013122271276,59.75,68.85,70,1.4980440348896198,1.7261980217933106,1.755030668489931
hoekvanholla-hvh-nl,Hoek v.H.,8-neighbour,2.0,179,24,0.058538013122271276,48.666666666666664,53.849999999999994,55,1.2201641790453805,1.3501200214026112,1.3789526680992317
hoekvanholla-hvh-nl,Hoek v.H.,8-neighbour,2.0,150,22,0.053659845362082,79.4090909090909,81.0,81,1.990934141462279,2.0308212021097773,2.0308212021097773
hoekvanholla-hvh-nl,Hoek v.H.,8-neighbour,2.0,158,21,0.05122076148198736,55.42857142857143,59.0,60,1.3896977538246802,1.4792401348700848,1.504312001562798
hoekvanholla-hvh-nl,Hoek v.H.,8-neighbour,2.0,103,20,0.04878167760189273,37.15,40.0,40,0.9314198476342991,1.002874667708532,1.002874667708532
hoekvanholla-hvh-nl,Hoek v.H.,8-neighbour,2.0,35,15,0.036586258201419544,5.333333333333333,8.0,8,0.1337166223611376,0.2005749335417064,0.2005749335417064
hoekvanholla-hvh-nl,Hoek v.H.,8-neighbour,2.0,140,15,0.036586258201419544,80.6,81.3,82,2.020792455432692,2.0383427621175914,2.0558930688024906
hoekvanholla-hvh-nl,Hoek v.H.,8-neighbour,2.0,34,14,0.034147174321324913,110.07142857142857,114.35,115,2.759696183819371,2.866967956311766,2.88326466966203
hoekvanholla-hvh-nl,Hoek v.H.,8-neighbour,2.0,172,14,0.034147174321324913,140.85714285714286,143.0,143,3.5315515084307596,3.585276937058002,3.585276937058002
hoekvanholla-hvh-nl,Hoek v.H.,8-neighbour,2.0,119,12,0.029269006561135638,40.5,45.45,46,1.0154106010548887,1.1395163411838196,1.1533058678648118
hoekvanholla-hvh-nl,Hoek v.H.,8-neighbour,2.0,129,12,0.029269006561135638,99.5,102.0,102,2.4946507359249734,2.5573304026567567,2.5573304026567567
hoekvanholla-hvh-nl,Hoek v.H.,8-neighbour,2.0,170,12,0.029269006561135638,67.75,68.0,68,1.6986189684313262,1.7048869351045046,1.7048869351045046
hoekvanholla-hvh-nl,Hoek v.H.,8-neighbour,2.0,181,12,0.029269006561135638,62.75,64.45,65,1.5732596349677597,1.6158818083453723,1.6296713350263645
hoekvanholla-hvh-nl,Hoek v.H.,8-neighbour,2.0,110,11,0.026829922681041,73.54545454545455,76.0,76,1.843921832218642,1.9054618686462108,1.9054618686462108
hoekvanholla-hvh-nl,Hoek v.H.,8-neighbour,2.0,163,11,0.026829922681041,45.18181818181818,46.0,46,1.1327925223889554,1.1533058678648118,1.1533058678648118
hoekvanholla-hvh-nl,Hoek v.H.,8-neighbour,2.0,45,9,0.02195175492085173,122.0,125.6,126,3.058767736511023,3.1490264566047905,3.159055203281876
hoekvanholla-hvh-nl,Hoek v.H.,8-neighbour,2.0,102,9,0.02195175492085173,81.33333333333333,83.6,84,2.0391784910073483,2.096008055510832,2.1060368021879174
hoekvanholla-hvh-nl,Hoek v.H.,8-neighbour,2.0,127,9,0.02195175492085173,88.0,90.6,91,2.2063242689587703,2.2715111223598248,2.2815398690369104
hoekvanholla-hvh-nl,Hoek v.H.,8-neighbour,2.0,125,8,0.01951267104075709,96.0,97.0,97,2.406899202500477,2.43197106919319,2.43197106919319
hoekvanholla-hvh-nl,Hoek v.H.,8-neighbour,2.0,161,8,0.01951267104075709,74.5,77.65,78,1.867854068607141,1.946830448689188,1.9556056020316375
hoekvanholla-hvh-nl,Hoek v.H.,8-neighbour,2.0,175,8,0.01951267104075709,49.0,51.0,51,1.2285214679429517,1.2786652013283784,1.2786652013283784
hoekvanholla-hvh-nl,Hoek v.H.,8-neighbour,2.0,24,7,0.017073587160662457,136.42857142857142,138.0,138,3.4205189559344573,3.4599176035944357,3.4599176035944357
hoekvanholla-hvh-nl,Hoek v.H.,8-neighbour,2.0,59,7,0.017073587160662457,66.28571428571429,68.7,69,1.6619065922027105,1.7224372417894038,1.7299588017972178
hoekvanholla-hvh-nl,Hoek v.H.,8-neighbour,2.0,76,7,0.017073587160662457,91.85714285714286,94.0,94,2.3030300404878075,2.3567554691150505,2.3567554691150505
hoekvanholla-hvh-nl,Hoek v.H.,8-neighbour,2.0,77,7,0.017073587160662457,40.142857142857146,42.7,43,1.0064563629503482,1.0705687077788582,1.078090267786672
hoekvanholla-hvh-nl,Hoek v.H.,8-neighbour,2.0,78,7,0.017073587160662457,43.857142857142854,45.7,46,1.099580439237569,1.145784307856998,1.1533058678648118
hoekvanholla-hvh-nl,Hoek v.H.,8-neighbour,2.0,104,7,0.017073587160662457,130.71428571428572,131.7,132,3.2772511462618104,3.3019648434303415,3.309486403438156
hoekvanholla-hvh-nl,Hoek v.H.,8-neighbour,2.0,143,7,0.017073587160662457,15.571428571428571,17.7,18,0.39040478135796425,0.4437720404610254,0.45129360046883943
hoekvanholla-hvh-nl,Hoek v.H.,8-neighbour,2.0,209,7,0.017073587160662457,13.0,15.7,16,0.32593426700527295,0.3936283070755988,0.4011498670834128
hoekvanholla-hvh-nl,Hoek v.H.,8-neighbour,2.0,46,6,0.014634503280567819,64.5,66.75,67,1.617135401680008,1.673547101738613,1.6798150684117912
hoekvanholla-hvh-nl,Hoek v.H.,8-neighbour,2.0,62,6,0.014634503280567819,114.5,116.75,117,2.870728736315673,2.927140436374278,2.9334084030474563
hoekvanholla-hvh-nl,Hoek v.H.,8-neighbour,2.0,72,6,0.014634503280567819,118.66666666666667,120.75,121,2.975194847535312,3.027427903145131,3.0336958698183096
hoekvanholla-hvh-nl,Hoek v.H.,8-neighbour,2.0,73,6,0.014634503280567819,99.5,101.75,102,2.4946507359249734,2.5510624359835785,2.5573304026567567
hoekvanholla-hvh-nl,Hoek v.H.,8-neighbour,2.0,111,6,0.014634503280567819,114.5,115.0,115,2.870728736315673,2.88326466966203,2.88326466966203
hoekvanholla-hvh-nl,Hoek v.H.,8-neighbour,2.0,118,6,0.014634503280567819,108.83333333333333,110.0,110,2.728654825056964,2.7579053361984633,2.7579053361984633
hoekvanholla-hvh-nl,Hoek v.H.,8-neighbour,2.0,151,6,0.014634503280567819,125.5,126.0,126,3.1465192699355193,3.159055203281876,3.159055203281876
hoekvanholla-hvh-nl,Hoek v.H.,8-neighbour,2.0,164,6,0.014634503280567819,47.0,48.0,48,1.1783777345575253,1.2034496012502385,1.2034496012502385
hoekvanholla-hvh-nl,Hoek v.H.,8-neighbour,2.0,165,6,0.014634503280567819,52.5,54.75,55,1.3162730013674484,1.3726847014260533,1.3789526680992317
hoekvanholla-hvh-nl,Hoek v.H.,8-neighbour,2.0,173,6,0.014634503280567819,140.16666666666666,141.0,141,3.5142399814286476,3.5351332036725753,3.5351332036725753
hoekvanholla-hvh-nl,Hoek v.H.,8-neighbour,2.0,178,6,0.014634503280567819,11.5,12.0,12,0.28832646696620295,0.3008624003125596,0.3008624003125596
hoekvanholla-hvh-nl,Hoek v.H.,8-neighbour,2.0,30,5,0.012195419400473183,129.4,130.0,130,3.2442995500371015,3.259342670052729,3.259342670052729
hoekvanholla-hvh-nl,Hoek v.H.,8-neighbour,2.0,40,5,0.012195419400473183,140.8,141.8,142,3.530118830334033,3.5551906970267466,3.560205070365289
hoekvanholla-hvh-nl,Hoek v.H.,8-neighbour,2.0,81,5,0.012195419400473183,85.0,86.8,87,2.1311086688806307,2.1762380289275147,2.181252402266057
hoekvanholla-hvh-nl,Hoek v.H.,8-neighbour,2.0,100,5,0.012195419400473183,13.0,14.8,15,0.32593426700527295,0.3710636270521569,0.3760780003906995
hoekvanholla-hvh-nl,Hoek v.H.,8-neighbour,2.0,124,5,0.012195419400473183,123.0,124.8,125,3.083839603203736,3.12896896325062,3.1339833365891625
hoekvanholla-hvh-nl,Hoek v.H.,8-neighbour,2.0,138,5,0.012195419400473183,99.0,100.8,101,2.482114802578617,2.5272441626255007,2.5322585359640435
hoekvanholla-hvh-nl,Hoek v.H.,8-neighbour,2.0,145,5,0.012195419400473183,107.0,108.0,108,2.6826897361203232,2.7077616028130365,2.7077616028130365
hoekvanholla-hvh-nl,Hoek v.H.,8-neighbour,2.0,149,5,0.012195419400473183,28.0,29.8,30,0.7020122673959724,0.7471416274428564,0.752156000781399
hoekvanholla-hvh-nl,Hoek v.H.,8-neighbour,2.0,206,5,0.012195419400473183,5.0,5.0,5,0.1253593334635665,0.1253593334635665,0.1253593334635665
hoekvanholla-hvh-nl,Hoek v.H.,8-neighbour,2.0,210,5,0.012195419400473183,22.0,23.8,24,0.5515810672396926,0.5967104272865766,0.6017248006251192
hoekvanholla-hvh-nl,Hoek v.H.,8-neighbour,2.0,16,4,0.009756335520378545,113.5,114.85,115,2.84565686962296,2.8795038896581224,2.88326466966203
hoekvanholla-hvh-nl,Hoek v.H.,8-neighbour,2.0,31,4,0.009756335520378545,125.75,126.0,126,3.1527872366086975,3.159055203281876,3.159055203281876
hoekvanholla-hvh-nl,Hoek v.H.,8-neighbour,2.0,38,4,0.009756335520378545,137.5,138.0,138,3.447381670248079,3.4599176035944357,3.4599176035944357
hoekvanholla-hvh-nl,Hoek v.H.,8-neighbour,2.0,60,4,0.009756335520378545,50.5,51.85,52,1.2661292679820217,1.2999762880171848,1.3037370680210918
hoekvanholla-hvh-nl,Hoek v.H.,8-neighbour,2.0,64,4,0.009756335520378545,126.0,126.85,127,3.159055203281876,3.1803662899706824,3.1841270699745894
hoekvanholla-hvh-nl,Hoek v.H.,8-neighbour,2.0,70,4,0.009756335520378545,93.5,94.0,94,2.3442195357686937,2.3567554691150505,2.3567554691150505
hoekvanholla-hvh-nl,Hoek v.H.,8-neighbour,2.0,74,4,0.009756335520378545,44.5,45.0,45,1.115698067825742,1.1282340011720986,1.1282340011720986
hoekvanholla-hvh-nl,Hoek v.H.,8-neighbour,2.0,90,4,0.009756335520378545,44.5,45.85,46,1.115698067825742,1.1495450878609048,1.1533058678648118
hoekvanholla-hvh-nl,Hoek v.H.,8-neighbour,2.0,123,4,0.009756335520378545,29.5,30.0,30,0.7396200674350424,0.752156000781399,0.752156000781399
hoekvanholla-hvh-nl,Hoek v.H.,8-neighbour,2.0,131,4,0.009756335520378545,29.5,30.85,31,0.7396200674350424,0.7734670874702054,0.7772278674741123
hoekvanholla-hvh-nl,Hoek v.H.,8-neighbour,2.0,139,4,0.009756335520378545,26.5,27.0,27,0.6644044673569025,0.6769404007032591,0.6769404007032591
hoekvanholla-hvh-nl,Hoek v.H.,8-neighbour,2.0,152,4,0.009756335520378545,113.75,114.0,114,2.851924836296138,2.858192802969316,2.858192802969316
hoekvanholla-hvh-nl,Hoek v.H.,8-neighbour,2.0,186,4,0.009756335520378545,23.5,24.85,25,0.5891888672787626,0.6230358873139256,0.6267966673178326
hoekvanholla-hvh-nl,Hoek v.H.,8-neighbour,2.0,213,4,0.009756335520378545,2.5,3.8499999999999996,4,0.06267966673178325,0.0965266867669462,0.1002874667708532
hoekvanholla-hvh-nl,Hoek v.H.,8-neighbour,2.0,215,4,0.009756335520378545,3.0,3.0,3,0.0752156000781399,0.0752156000781399,0.0752156000781399
hoekvanholla-hvh-nl,Hoek v.H.,8-neighbour,2.0,3,3,0.0073172516402839095,6.0,6.9,7,0.1504312001562798,0.17299588017972178,0.1755030668489931
hoekvanholla-hvh-nl,Hoek v.H.,8-neighbour,2.0,10,3,0.0073172516402839095,105.0,105.9,106,2.632546002734897,2.655110682758339,2.65761786942761
hoekvanholla-hvh-nl,Hoek v.H.,8-neighbour,2.0,11,3,0.0073172516402839095,110.0,110.9,111,2.7579053361984633,2.7804700162219054,2.7829772028911766
hoekvanholla-hvh-nl,Hoek v.H.,8-neighbour,2.0,15,3,0.0073172516402839095,117.0,117.9,118,2.9334084030474563,2.9559730830708983,2.9584802697401695
hoekvanholla-hvh-nl,Hoek v.H.,8-neighbour,2.0,17,3,0.0073172516402839095,122.0,122.9,123,3.058767736511023,3.081332416534465,3.083839603203736
hoekvanholla-hvh-nl,Hoek v.H.,8-neighbour,2.0,19,3,0.0073172516402839095,122.0,122.9,123,3.058767736511023,3.081332416534465,3.083839603203736
hoekvanholla-hvh-nl,Hoek v.H.,8-neighbour,2.0,26,3,0.0073172516402839095,132.0,132.0,132,3.309486403438156,3.309486403438156,3.309486403438156
hoekvanholla-hvh-nl,Hoek v.H.,8-neighbour,2.0,33,3,0.0073172516402839095,119.0,119.9,120,2.9835521364328828,3.0061168164563252,3.008624003125596
hoekvanholla-hvh-nl,Hoek v.H.,8-neighbour,2.0,53,3,0.0073172516402839095,72.0,72.9,73,1.8051744018753577,1.8277390818987997,1.830246268568071
hoekvanholla-hvh-nl,Hoek v.H.,8-neighbour,2.0,56,3,0.0073172516402839095,129.33333333333334,129.9,130,3.242628092257587,3.256835483383458,3.259342670052729
hoekvanholla-hvh-nl,Hoek v.H.,8-neighbour,2.0,68,3,0.0073172516402839095,108.0,108.9,109,2.7077616028130365,2.7303262828364785,2.7328334695057497
hoekvanholla-hvh-nl,Hoek v.H.,8-neighbour,2.0,79,3,0.0073172516402839095,110.0,110.9,111,2.7579053361984633,2.7804700162219054,2.7829772028911766
hoekvanholla-hvh-nl,Hoek v.H.,8-neighbour,2.0,82,3,0.0073172516402839095,33.0,33.9,34,0.827371600859539,0.8499362808829809,0.8524434675522523
hoekvanholla-hvh-nl,Hoek v.H.,8-neighbour,2.0,85,3,0.0073172516402839095,99.0,99.9,100,2.482114802578617,2.504679482602059,2.5071866692713303
hoekvanholla-hvh-nl,Hoek v.H.,8-neighbour,2.0,86,3,0.0073172516402839095,78.0,78.9,79,1.9556056020316375,1.9781702820550797,1.980677468724351
hoekvanholla-hvh-nl,Hoek v.H.,8-neighbour,2.0,87,3,0.0073172516402839095,27.0,27.9,28,0.6769404007032591,0.699505080726701,0.7020122673959724
hoekvanholla-hvh-nl,Hoek v.H.,8-neighbour,2.0,94,3,0.0073172516402839095,21.0,21.9,22,0.5265092005469794,0.5490738805704213,0.5515810672396926
hoekvanholla-hvh-nl,Hoek v.H.,8-neighbour,2.0,98,3,0.0073172516402839095,87.0,87.9,88,2.181252402266057,2.2038170822894996,2.2063242689587703
hoekvanholla-hvh-nl,Hoek v.H.,8-neighbour,2.0,109,3,0.0073172516402839095,135.0,135.9,136,3.3847020035162956,3.407266683539738,3.4097738702090092
hoekvanholla-hvh-nl,Hoek v.H.,8-neighbour,2.0,112,3,0.0073172516402839095,5.0,5.9,6,0.1253593334635665,0.14792401348700848,0.1504312001562798
hoekvanholla-hvh-nl,Hoek v.H.,8-neighbour,2.0,130,3,0.0073172516402839095,38.0,38.9,39,0.9527309343231054,0.9752956143465474,0.9778028010158187
hoekvanholla-hvh-nl,Hoek v.H.,8-neighbour,2.0,133,3,0.0073172516402839095,109.0,109.9,110,2.7328334695057497,2.755398149529192,2.7579053361984633
hoekvanholla-hvh-nl,Hoek v.H.,8-neighbour,2.0,144,3,0.0073172516402839095,21.0,21.9,22,0.5265092005469794,0.5490738805704213,0.5515810672396926
hoekvanholla-hvh-nl,Hoek v.H.,8-neighbour,2.0,148,3,0.0073172516402839095,14.666666666666666,15.0,15,0.3677207114931284,0.3760780003906995,0.3760780003906995
hoekvanholla-hvh-nl,Hoek v.H.,8-neighbour,2.0,155,3,0.0073172516402839095,81.0,81.9,82,2.0308212021097773,2.0533858821332194,2.0558930688024906
hoekvanholla-hvh-nl,Hoek v.H.,8-neighbour,2.0,162,3,0.0073172516402839095,27.0,27.9,28,0.6769404007032591,0.699505080726701,0.7020122673959724
hoekvanholla-hvh-nl,Hoek v.H.,8-neighbour,2.0,166,3,0.0073172516402839095,12.0,12.9,13,0.3008624003125596,0.3234270803360016,0.32593426700527295
hoekvanholla-hvh-nl,Hoek v.H.,8-neighbour,2.0,187,3,0.0073172516402839095,36.0,36.9,37,0.9025872009376789,0.9251518809611208,0.9276590676303922
hoekvanholla-hvh-nl,Hoek v.H.,8-neighbour,2.0,190,3,0.0073172516402839095,39.0,39.9,40,0.9778028010158187,1.0003674810392607,1.002874667708532
hoekvanholla-hvh-nl,Hoek v.H.,8-neighbour,2.0,192,3,0.0073172516402839095,34.0,34.9,35,0.8524434675522523,0.8750081475756942,0.8775153342449655
hoekvanholla-hvh-nl,Hoek v.H.,8-neighbour,2.0,195,3,0.0073172516402839095,27.0,27.9,28,0.6769404007032591,0.699505080726701,0.7020122673959724
hoekvanholla-hvh-nl,Hoek v.H.,8-neighbour,2.0,196,3,0.0073172516402839095,46.0,46.9,47,1.1533058678648118,1.1758705478882538,1.1783777345575253
hoekvanholla-hvh-nl,Hoek v.H.,8-neighbour,2.0,197,3,0.0073172516402839095,18.0,18.9,19,0.45129360046883943,0.47385828049228135,0.4763654671615527
hoekvanholla-hvh-nl,Hoek v.H.,8-neighbour,2.0,200,3,0.0073172516402839095,12.0,12.9,13,0.3008624003125596,0.3234270803360016,0.32593426700527295
hoekvanholla-hvh-nl,Hoek v.H.,8-neighbour,2.0,201,3,0.0073172516402839095,28.0,28.9,29,0.7020122673959724,0.7245769474194144,0.7270841340886858
hoekvanholla-hvh-nl,Hoek v.H.,8-neighbour,2.0,203,3,0.0073172516402839095,6.0,6.0,6,0.1504312001562798,0.1504312001562798,0.1504312001562798
hoekvanholla-hvh-nl,Hoek v.H.,8-neighbour,2.0,204,3,0.0073172516402839095,24.0,24.9,25,0.6017248006251192,0.6242894806485612,0.6267966673178326
hoekvanholla-hvh-nl,Hoek v.H.,8-neighbour,2.0,212,3,0.0073172516402839095,4.0,4.0,4,0.1002874667708532,0.1002874667708532,0.1002874667708532
hoekvanholla-hvh-nl,Hoek v.H.,8-neighbour,2.0,214,3,0.0073172516402839095,16.0,16.9,17,0.4011498670834128,0.42371454710685474,0.42622173377612615
hoekvanholla-hvh-nl,Hoek v.H.,8-neighbour,2.0,218,3,0.0073172516402839095,2.0,2.0,2,0.0501437333854266,0.0501437333854266,0.0501437333854266
hoekvanholla-hvh-nl,Hoek v.H.,8-neighbour,2.0,220,3,0.0073172516402839095,2.0,2.0,2,0.0501437333854266,0.0501437333854266,0.0501437333854266
hoekvanholla-hvh-nl,Hoek v.H.,8-neighbour,2.0,222,3,0.0073172516402839095,1.0,1.0,1,0.0250718666927133,0.0250718666927133,0.0250718666927133
hoekvanholla-hvh-nl,Hoek v.H.,8-neighbour,2.0,7,2,0.004878167760189273,62.5,62.95,63,1.5669916682945813,1.5782740083063025,1.579527601640938
hoekvanholla-hvh-nl,Hoek v.H.,8-neighbour,2.0,12,2,0.004878167760189273,104.5,104.95,105,2.62001006938854,2.631292409400261,2.632546002734897
hoekvanholla-hvh-nl,Hoek v.H.,8-neighbour,2.0,13,2,0.004878167760189273,113.5,113.95,114,2.84565686962296,2.856939209634681,2.858192802969316
hoekvanholla-hvh-nl,Hoek v.H.,8-neighbour,2.0,14,2,0.004878167760189273,107.5,107.95,108,2.69522566946668,2.706508009478401,2.7077616028130365
hoekvanholla-hvh-nl,Hoek v.H.,8-neighbour,2.0,18,2,0.004878167760189273,125.5,125.95,126,3.1465192699355193,3.1578016099472404,3.159055203281876
hoekvanholla-hvh-nl,Hoek v.H.,8-neighbour,2.0,20,2,0.004878167760189273,128.5,128.95,129,3.2217348700136594,3.23301721002538,3.234270803360016
hoekvanholla-hvh-nl,Hoek v.H.,8-neighbour,2.0,22,2,0.004878167760189273,128.5,128.95,129,3.2217348700136594,3.23301721002538,3.234270803360016
hoekvanholla-hvh-nl,Hoek v.H.,8-neighbour,2.0,23,2,0.004878167760189273,131.5,131.95,132,3.296950470091799,3.3082328101035197,3.309486403438156
hoekvanholla-hvh-nl,Hoek v.H.,8-neighbour,2.0,28,2,0.004878167760189273,131.0,131.0,131,3.2844145367454427,3.2844145367454427,3.2844145367454427
hoekvanholla-hvh-nl,Hoek v.H.,8-neighbour,2.0,32,2,0.004878167760189273,122.5,122.95,123,3.0713036698573792,3.0825860098691007,3.083839603203736
hoekvanholla-hvh-nl,Hoek v.H.,8-neighbour,2.0,36,2,0.004878167760189273,92.5,92.95,93,2.3191476690759805,2.3304300090877015,2.331683602422337
hoekvanholla-hvh-nl,Hoek v.H.,8-neighbour,2.0,41,2,0.004878167760189273,131.5,131.95,132,3.296950470091799,3.3082328101035197,3.309486403438156
hoekvanholla-hvh-nl,Hoek v.H.,8-neighbour,2.0,44,2,0.004878167760189273,140.5,140.95,141,3.522597270326219,3.5338796103379395,3.5351332036725753
hoekvanholla-hvh-nl,Hoek v.H.,8-neighbour,2.0,47,2,0.004878167760189273,143.0,143.0,143,3.585276937058002,3.585276937058002,3.585276937058002
hoekvanholla-hvh-nl,Hoek v.H.,8-neighbour,2.0,48,2,0.004878167760189273,137.5,137.95,138,3.447381670248079,3.4586640102598,3.4599176035944357
hoekvanholla-hvh-nl,Hoek v.H.,8-neighbour,2.0,50,2,0.004878167760189273,2.5,2.95,3,0.06267966673178325,0.07396200674350424,0.0752156000781399
hoekvanholla-hvh-nl,Hoek v.H.,8-neighbour,2.0,51,2,0.004878167760189273,59.5,59.95,60,1.4917760682164414,1.5030584082281626,1.504312001562798
hoekvanholla-hvh-nl,Hoek v.H.,8-neighbour,2.0,52,2,0.004878167760189273,140.5,140.95,141,3.522597270326219,3.5338796103379395,3.5351332036725753
hoekvanholla-hvh-nl,Hoek v.H.,8-neighbour,2.0,54,2,0.004878167760189273,56.5,56.95,57,1.4165604681383015,1.4278428081500225,1.429096401484658
hoekvanholla-hvh-nl,Hoek v.H.,8-neighbour,2.0,58,2,0.004878167760189273,74.5,74.95,75,1.867854068607141,1.879136408618862,1.8803900019534976
hoekvanholla-hvh-nl,Hoek v.H.,8-neighbour,2.0,61,2,0.004878167760189273,77.5,77.95,78,1.9430696686852809,1.9543520086970019,1.9556056020316375
hoekvanholla-hvh-nl,Hoek v.H.,8-neighbour,2.0,63,2,0.004878167760189273,5.5,5.95,6,0.13789526680992314,0.14917760682164416,0.1504312001562798
hoekvanholla-hvh-nl,Hoek v.H.,8-neighbour,2.0,65,2,0.004878167760189273,8.5,8.95,9,0.21311086688806308,0.22439320689978404,0.22564680023441971
hoekvanholla-hvh-nl,Hoek v.H.,8-neighbour,2.0,69,2,0.004878167760189273,47.5,47.95,48,1.1909136679038819,1.2021960079156029,1.2034496012502385
hoekvanholla-hvh-nl,Hoek v.H.,8-neighbour,2.0,80,2,0.004878167760189273,116.5,116.95,117,2.9208724697010995,2.9321548097128205,2.9334084030474563
hoekvanholla-hvh-nl,Hoek v.H.,8-neighbour,2.0,88,2,0.004878167760189273,59.5,59.95,60,1.4917760682164414,1.5030584082281626,1.504312001562798
hoekvanholla-hvh-nl,Hoek v.H.,8-neighbour,2.0,93,2,0.004878167760189273,74.5,74.95,75,1.867854068607141,1.879136408618862,1.8803900019534976
hoekvanholla-hvh-nl,Hoek v.H.,8-neighbour,2.0,95,2,0.004878167760189273,50.5,50.95,51,1.2661292679820217,1.2774116079937428,1.2786652013283784
hoekvanholla-hvh-nl,Hoek v.H.,8-neighbour,2.0,97,2,0.004878167760189273,53.5,53.95,54,1.3413448680601616,1.3526272080718826,1.3538808014065182
hoekvanholla-hvh-nl,Hoek v.H.,8-neighbour,2.0,99,2,0.004878167760189273,38.5,38.95,39,0.9652668676694621,0.9765492076811831,0.9778028010158187
hoekvanholla-hvh-nl,Hoek v.H.,8-neighbour,2.0,105,2,0.004878167760189273,117.0,117.0,117,2.9334084030474563,2.9334084030474563,2.9334084030474563
hoekvanholla-hvh-nl,Hoek v.H.,8-neighbour,2.0,107,2,0.004878167760189273,116.0,116.0,116,2.908336536354743,2.908336536354743,2.908336536354743
hoekvanholla-hvh-nl,Hoek v.H.,8-neighbour,2.0,113,2,0.004878167760189273,62.5,62.95,63,1.5669916682945813,1.5782740083063025,1.579527601640938
hoekvanholla-hvh-nl,Hoek v.H.,8-neighbour,2.0,114,2,0.004878167760189273,34.0,34.0,34,0.8524434675522523,0.8524434675522523,0.8524434675522523
hoekvanholla-hvh-nl,Hoek v.H.,8-neighbour,2.0,115,2,0.004878167760189273,133.5,133.95,134,3.347094203477226,3.3583765434889465,3.3596301368235824
hoekvanholla-hvh-nl,Hoek v.H.,8-neighbour,2.0,120,2,0.004878167760189273,32.5,32.95,33,0.8148356675131823,0.8261180075249034,0.827371600859539
hoekvanholla-hvh-nl,Hoek v.H.,8-neighbour,2.0,121,2,0.004878167760189273,50.5,50.95,51,1.2661292679820217,1.2774116079937428,1.2786652013283784
hoekvanholla-hvh-nl,Hoek v.H.,8-neighbour,2.0,126,2,0.004878167760189273,44.5,44.95,45,1.115698067825742,1.126980407837463,1.1282340011720986
hoekvanholla-hvh-nl,Hoek v.H.,8-neighbour,2.0,128,2,0.004878167760189273,83.5,83.95,84,2.0935008688415606,2.1047832088532816,2.1060368021879174
hoekvanholla-hvh-nl,Hoek v.H.,8-neighbour,2.0,132,2,0.004878167760189273,28.0,28.0,28,0.7020122673959724,0.7020122673959724,0.7020122673959724
hoekvanholla-hvh-nl,Hoek v.H.,8-neighbour,2.0,136,2,0.004878167760189273,32.5,32.95,33,0.8148356675131823,0.8261180075249034,0.827371600859539
hoekvanholla-hvh-nl,Hoek v.H.,8-neighbour,2.0,141,2,0.004878167760189273,20.5,20.95,21,0.5139732672006226,0.5252556072123437,0.5265092005469794
hoekvanholla-hvh-nl,Hoek v.H.,8-neighbour,2.0,142,2,0.004878167760189273,26.5,26.95,27,0.6644044673569025,0.6756868073686234,0.6769404007032591
hoekvanholla-hvh-nl,Hoek v.H.,8-neighbour,2.0,146,2,0.004878167760189273,25.0,25.0,25,0.6267966673178326,0.6267966673178326,0.6267966673178326
hoekvanholla-hvh-nl,Hoek v.H.,8-neighbour,2.0,153,2,0.004878167760189273,84.5,84.95,85,2.118572735534274,2.129855075545995,2.1311086688806307
hoekvanholla-hvh-nl,Hoek v.H.,8-neighbour,2.0,168,2,0.004878167760189273,46.0,46.0,46,1.1533058678648118,1.1533058678648118,1.1533058678648118
hoekvanholla-hvh-nl,Hoek v.H.,8-neighbour,2.0,169,2,0.004878167760189273,14.5,14.95,15,0.3635420670443429,0.37482440705606385,0.3760780003906995
hoekvanholla-hvh-nl,Hoek v.H.,8-neighbour,2.0,174,2,0.004878167760189273,13.0,13.0,13,0.32593426700527295,0.32593426700527295,0.32593426700527295
hoekvanholla-hvh-nl,Hoek v.H.,8-neighbour,2.0,177,2,0.004878167760189273,143.5,143.95,144,3.5978128704043586,3.6090952104160796,3.6103488037507154
hoekvanholla-hvh-nl,Hoek v.H.,8-neighbour,2.0,180,2,0.004878167760189273,148.0,148.0,148,3.7106362705215687,3.7106362705215687,3.7106362705215687
hoekvanholla-hvh-nl,Hoek v.H.,8-neighbour,2.0,184,2,0.004878167760189273,17.5,17.95,18,0.43875766712248276,0.4500400071342037,0.45129360046883943
hoekvanholla-hvh-nl,Hoek v.H.,8-neighbour,2.0,185,2,0.004878167760189273,39.5,39.95,40,0.9903387343621755,1.0016210743738965,1.002874667708532
hoekvanholla-hvh-nl,Hoek v.H.,8-neighbour,2.0,188,2,0.004878167760189273,32.5,32.95,33,0.8148356675131823,0.8261180075249034,0.827371600859539
hoekvanholla-hvh-nl,Hoek v.H.,8-neighbour,2.0,191,2,0.004878167760189273,27.5,27.95,28,0.6894763340496158,0.7007586740613367,0.7020122673959724
hoekvanholla-hvh-nl,Hoek v.H.,8-neighbour,2.0,194,2,0.004878167760189273,2.5,2.95,3,0.06267966673178325,0.07396200674350424,0.0752156000781399
hoekvanholla-hvh-nl,Hoek v.H.,8-neighbour,2.0,202,2,0.004878167760189273,9.5,9.95,10,0.23818273358077635,0.24946507359249734,0.250718666927133
hoekvanholla-hvh-nl,Hoek v.H.,8-neighbour,2.0,207,2,0.004878167760189273,18.5,18.95,19,0.4638295338151961,0.47511187382691705,0.4763654671615527
hoekvanholla-hvh-nl,Hoek v.H.,8-neighbour,2.0,208,2,0.004878167760189273,5.0,5.0,5,0.1253593334635665,0.1253593334635665,0.1253593334635665
hoekvanholla-hvh-nl,Hoek v.H.,8-neighbour,2.0,216,2,0.004878167760189273,9.5,9.95,10,0.23818273358077635,0.24946507359249734,0.250718666927133
hoekvanholla-hvh-nl,Hoek v.H.,8-neighbour,2.0,221,2,0.004878167760189273,1.0,1.0,1,0.0250718666927133,0.0250718666927133,0.0250718666927133
hoekvanholla-hvh-nl,Hoek v.H.,8-neighbour,2.0,223,2,0.004878167760189273,1.0,1.0,1,0.0250718666927133,0.0250718666927133,0.0250718666927133
hoekvanholla-hvh-nl,Hoek v.H.,8-neighbour,2.0,224,2,0.004878167760189273,1.0,1.0,1,0.0250718666927133,0.0250718666927133,0.0250718666927133
hoekvanholla-hvh-nl,Hoek v.H.,8-neighbour,2.0,1,1,0.0024390838800946364,28.0,28.0,28,0.7020122673959724,0.7020122673959724,0.7020122673959724
hoekvanholla-hvh-nl,Hoek v.H.,8-neighbour,2.0,2,1,0.0024390838800946364,36.0,36.0,36,0.9025872009376789,0.9025872009376789,0.9025872009376789
hoekvanholla-hvh-nl,Hoek v.H.,8-neighbour,2.0,5,1,0.0024390838800946364,73.0,73.0,73,1.830246268568071,1.830246268568071,1.830246268568071
hoekvanholla-hvh-nl,Hoek v.H.,8-neighbour,2.0,6,1,0.0024390838800946364,58.0,58.0,58,1.4541682681773715,1.4541682681773715,1.4541682681773715
hoekvanholla-hvh-nl,Hoek v.H.,8-neighbour,2.0,21,1,0.0024390838800946364,133.0,133.0,133,3.334558270130869,3.334558270130869,3.334558270130869
hoekvanholla-hvh-nl,Hoek v.H.,8-neighbour,2.0,25,1,0.0024390838800946364,142.0,142.0,142,3.560205070365289,3.560205070365289,3.560205070365289
hoekvanholla-hvh-nl,Hoek v.H.,8-neighbour,2.0,27,1,0.0024390838800946364,142.0,142.0,142,3.560205070365289,3.560205070365289,3.560205070365289
hoekvanholla-hvh-nl,Hoek v.H.,8-neighbour,2.0,29,1,0.0024390838800946364,139.0,139.0,139,3.484989470287149,3.484989470287149,3.484989470287149
hoekvanholla-hvh-nl,Hoek v.H.,8-neighbour,2.0,37,1,0.0024390838800946364,1.0,1.0,1,0.0250718666927133,0.0250718666927133,0.0250718666927133
hoekvanholla-hvh-nl,Hoek v.H.,8-neighbour,2.0,39,1,0.0024390838800946364,82.0,82.0,82,2.0558930688024906,2.0558930688024906,2.0558930688024906
hoekvanholla-hvh-nl,Hoek v.H.,8-neighbour,2.0,42,1,0.0024390838800946364,80.0,80.0,80,2.005749335417064,2.005749335417064,2.005749335417064
hoekvanholla-hvh-nl,Hoek v.H.,8-neighbour,2.0,43,1,0.0024390838800946364,1.0,1.0,1,0.0250718666927133,0.0250718666927133,0.0250718666927133
hoekvanholla-hvh-nl,Hoek v.H.,8-neighbour,2.0,49,1,0.0024390838800946364,76.0,76.0,76,1.9054618686462108,1.9054618686462108,1.9054618686462108
hoekvanholla-hvh-nl,Hoek v.H.,8-neighbour,2.0,55,1,0.0024390838800946364,70.0,70.0,70,1.755030668489931,1.755030668489931,1.755030668489931
hoekvanholla-hvh-nl,Hoek v.H.,8-neighbour,2.0,57,1,0.0024390838800946364,4.0,4.0,4,0.1002874667708532,0.1002874667708532,0.1002874667708532
hoekvanholla-hvh-nl,Hoek v.H.,8-neighbour,2.0,66,1,0.0024390838800946364,85.0,85.0,85,2.1311086688806307,2.1311086688806307,2.1311086688806307
hoekvanholla-hvh-nl,Hoek v.H.,8-neighbour,2.0,67,1,0.0024390838800946364,88.0,88.0,88,2.2063242689587703,2.2063242689587703,2.2063242689587703
hoekvanholla-hvh-nl,Hoek v.H.,8-neighbour,2.0,71,1,0.0024390838800946364,46.0,46.0,46,1.1533058678648118,1.1533058678648118,1.1533058678648118
hoekvanholla-hvh-nl,Hoek v.H.,8-neighbour,2.0,75,1,0.0024390838800946364,46.0,46.0,46,1.1533058678648118,1.1533058678648118,1.1533058678648118
hoekvanholla-hvh-nl,Hoek v.H.,8-neighbour,2.0,83,1,0.0024390838800946364,49.0,49.0,49,1.2285214679429517,1.2285214679429517,1.2285214679429517
hoekvanholla-hvh-nl,Hoek v.H.,8-neighbour,2.0,84,1,0.0024390838800946364,133.0,133.0,133,3.334558270130869,3.334558270130869,3.334558270130869
hoekvanholla-hvh-nl,Hoek v.H.,8-neighbour,2.0,89,1,0.0024390838800946364,40.0,40.0,40,1.002874667708532,1.002874667708532,1.002874667708532
hoekvanholla-hvh-nl,Hoek v.H.,8-neighbour,2.0,91,1,0.0024390838800946364,142.0,142.0,142,3.560205070365289,3.560205070365289,3.560205070365289
hoekvanholla-hvh-nl,Hoek v.H.,8-neighbour,2.0,92,1,0.0024390838800946364,94.0,94.0,94,2.3567554691150505,2.3567554691150505,2.3567554691150505
hoekvanholla-hvh-nl,Hoek v.H.,8-neighbour,2.0,101,1,0.0024390838800946364,129.0,129.0,129,3.234270803360016,3.234270803360016,3.234270803360016
hoekvanholla-hvh-nl,Hoek v.H.,8-neighbour,2.0,106,1,0.0024390838800946364,139.0,139.0,139,3.484989470287149,3.484989470287149,3.484989470287149
hoekvanholla-hvh-nl,Hoek v.H.,8-neighbour,2.0,116,1,0.0024390838800946364,1.0,1.0,1,0.0250718666927133,0.0250718666927133,0.0250718666927133
hoekvanholla-hvh-nl,Hoek v.H.,8-neighbour,2.0,117,1,0.0024390838800946364,133.0,133.0,133,3.334558270130869,3.334558270130869,3.334558270130869
hoekvanholla-hvh-nl,Hoek v.H.,8-neighbour,2.0,122,1,0.0024390838800946364,31.0,31.0,31,0.7772278674741123,0.7772278674741123,0.7772278674741123
hoekvanholla-hvh-nl,Hoek v.H.,8-neighbour,2.0,134,1,0.0024390838800946364,82.0,82.0,82,2.0558930688024906,2.0558930688024906,2.0558930688024906
hoekvanholla-hvh-nl,Hoek v.H.,8-neighbour,2.0,135,1,0.0024390838800946364,105.0,105.0,105,2.632546002734897,2.632546002734897,2.632546002734897
hoekvanholla-hvh-nl,Hoek v.H.,8-neighbour,2.0,137,1,0.0024390838800946364,25.0,25.0,25,0.6267966673178326,0.6267966673178326,0.6267966673178326
hoekvanholla-hvh-nl,Hoek v.H.,8-neighbour,2.0,147,1,0.0024390838800946364,10.0,10.0,10,0.250718666927133,0.250718666927133,0.250718666927133
hoekvanholla-hvh-nl,Hoek v.H.,8-neighbour,2.0,154,1,0.0024390838800946364,4.0,4.0,4,0.1002874667708532,0.1002874667708532,0.1002874667708532
hoekvanholla-hvh-nl,Hoek v.H.,8-neighbour,2.0,156,1,0.0024390838800946364,1.0,1.0,1,0.0250718666927133,0.0250718666927133,0.0250718666927133
hoekvanholla-hvh-nl,Hoek v.H.,8-neighbour,2.0,159,1,0.0024390838800946364,130.0,130.0,130,3.259342670052729,3.259342670052729,3.259342670052729
hoekvanholla-hvh-nl,Hoek v.H.,8-neighbour,2.0,160,1,0.0024390838800946364,31.0,31.0,31,0.7772278674741123,0.7772278674741123,0.7772278674741123
hoekvanholla-hvh-nl,Hoek v.H.,8-neighbour,2.0,171,1,0.0024390838800946364,7.0,7.0,7,0.1755030668489931,0.1755030668489931,0.1755030668489931
hoekvanholla-hvh-nl,Hoek v.H.,8-neighbour,2.0,176,1,0.0024390838800946364,4.0,4.0,4,0.1002874667708532,0.1002874667708532,0.1002874667708532
hoekvanholla-hvh-nl,Hoek v.H.,8-neighbour,2.0,182,1,0.0024390838800946364,13.0,13.0,13,0.32593426700527295,0.32593426700527295,0.32593426700527295
hoekvanholla-hvh-nl,Hoek v.H.,8-neighbour,2.0,183,1,0.0024390838800946364,16.0,16.0,16,0.4011498670834128,0.4011498670834128,0.4011498670834128
hoekvanholla-hvh-nl,Hoek v.H.,8-neighbour,2.0,189,1,0.0024390838800946364,32.0,32.0,32,0.8022997341668257,0.8022997341668257,0.8022997341668257
hoekvanholla-hvh-nl,Hoek v.H.,8-neighbour,2.0,193,1,0.0024390838800946364,23.0,23.0,23,0.5766529339324059,0.5766529339324059,0.5766529339324059
hoekvanholla-hvh-nl,Hoek v.H.,8-neighbour,2.0,198,1,0.0024390838800946364,14.0,14.0,14,0.3510061336979862,0.3510061336979862,0.3510061336979862
hoekvanholla-hvh-nl,Hoek v.H.,8-neighbour,2.0,199,1,0.0024390838800946364,1.0,1.0,1,0.0250718666927133,0.0250718666927133,0.0250718666927133
hoekvanholla-hvh-nl,Hoek v.H.,8-neighbour,2.0,205,1,0.0024390838800946364,6.0,6.0,6,0.1504312001562798,0.1504312001562798,0.1504312001562798
hoekvanholla-hvh-nl,Hoek v.H.,8-neighbour,2.0,211,1,0.0024390838800946364,26.0,26.0,26,0.6518685340105459,0.6518685340105459,0.6518685340105459
hoekvanholla-hvh-nl,Hoek v.H.,8-neighbour,2.0,217,1,0.0024390838800946364,3.0,3.0,3,0.0752156000781399,0.0752156000781399,0.0752156000781399
hoekvanholla-hvh-nl,Hoek v.H.,8-neighbour,2.0,219,1,0.0024390838800946364,5.0,5.0,5,0.1253593334635665,0.1253593334635665,0.1253593334635665
hoekvanholla-hvh-nl,Hoek v.H.,8-neighbour,2.0,225,1,0.0024390838800946364,1.0,1.0,1,0.0250718666927133,0.0250718666927133,0.0250718666927133
hoekvanholla-hvh-nl,Hoek v.H.,4-neighbour,2.0,40,103,0.25122563964974753,100.03883495145631,131.89999999999998,135,2.5081603339972607,3.306979216768884,3.3847020035162956
hoekvanholla-hvh-nl,Hoek v.H.,4-neighbour,2.0,20,86,0.20976121368813874,41.63953488372093,62.75,66,1.0439808677512363,1.5732596349677597,1.654743201719078
hoekvanholla-hvh-nl,Hoek v.H.,4-neighbour,2.0,10,61,0.14878411668577282,89.88524590163935,98.0,99,2.2535909028876566,2.4570429358859034,2.482114802578617
hoekvanholla-hvh-nl,Hoek v.H.,4-neighbour,2.0,5,44,0.107319690724164,35.09090909090909,48.85,51,0.8797945948533941,1.224760687939045,1.2786652013283784
hoekvanholla-hvh-nl,Hoek v.H.,4-neighbour,2.0,14,31,0.07561160028293373,7.096774193548387,13.5,15,0.17792937652893312,0.33847020035162956,0.3760780003906995
hoekvanholla-hvh-nl,Hoek v.H.,4-neighbour,2.0,248,24,0.058538013122271276,98.0,103.0,104,2.4570429358859034,2.58240226934947,2.6074741360421836
hoekvanholla-hvh-nl,Hoek v.H.,4-neighbour,2.0,234,22,0.053659845362082,82.95454545454545,88.0,89,2.07982530519099,2.2063242689587703,2.231396135651484
hoekvanholla-hvh-nl,Hoek v.H.,4-neighbour,2.0,245,21,0.05122076148198736,56.80952380952381,59.0,60,1.4243208078289034,1.4792401348700848,1.504312001562798
hoekvanholla-hvh-nl,Hoek v.H.,4-neighbour,2.0,163,20,0.04878167760189273,37.15,40.0,40,0.9314198476342991,1.002874667708532,1.002874667708532
hoekvanholla-hvh-nl,Hoek v.H.,4-neighbour,2.0,261,18,0.04390350984170346,23.88888888888889,30.15,31,0.5989390376592623,0.755916780785306,0.7772278674741123
hoekvanholla-hvh-nl,Hoek v.H.,4-neighbour,2.0,187,17,0.04146442596160882,141.94117647058823,148.2,149,3.558730254677482,3.715650643860111,3.735708137214282
hoekvanholla-hvh-nl,Hoek v.H.,4-neighbour,2.0,169,15,0.036586258201419544,154.0,156.3,157,3.8610674706778485,3.9187327640710894,3.936283070755988
hoekvanholla-hvh-nl,Hoek v.H.,4-neighbour,2.0,219,15,0.036586258201419544,93.46666666666667,96.3,97,2.3433838068789368,2.414420762508291,2.43197106919319
hoekvanholla-hvh-nl,Hoek v.H.,4-neighbour,2.0,268,14,0.034147174321324913,187.5,190.35,191,4.700975004883744,4.772429824957976,4.78872653830824
hoekvanholla-hvh-nl,Hoek v.H.,4-neighbour,2.0,206,12,0.029269006561135638,126.0,128.45,129,3.159055203281876,3.220481276679023,3.234270803360016
hoekvanholla-hvh-nl,Hoek v.H.,4-neighbour,2.0,47,11,0.026829922681041,161.0,164.5,165,4.036570537526842,4.124322070951338,4.136858004297695
hoekvanholla-hvh-nl,Hoek v.H.,4-neighbour,2.0,172,11,0.026829922681041,106.81818181818181,110.5,111,2.678131214903466,2.7704412695448197,2.7829772028911766
hoekvanholla-hvh-nl,Hoek v.H.,4-neighbour,2.0,284,11,0.026829922681041,79.0909090909091,82.5,83,1.9829567293327794,2.0684290021488474,2.0809649354952042
hoekvanholla-hvh-nl,Hoek v.H.,4-neighbour,2.0,265,10,0.024390838800946366,95.5,99.55,100,2.39436326915412,2.4959043292596093,2.5071866692713303
hoekvanholla-hvh-nl,Hoek v.H.,4-neighbour,2.0,287,10,0.024390838800946366,60.7,63.55,64,1.5218623082476974,1.5933171283219303,1.6045994683336513
hoekvanholla-hvh-nl,Hoek v.H.,4-neighbour,2.0,52,9,0.02195175492085173,11.88888888888889,13.6,14,0.2980766373467026,0.3409773870209009,0.3510061336979862
hoekvanholla-hvh-nl,Hoek v.H.,4-neighbour,2.0,53,9,0.02195175492085173,140.0,142.6,143,3.510061336979862,3.5752481903809166,3.585276937058002
hoekvanholla-hvh-nl,Hoek v.H.,4-neighbour,2.0,204,9,0.02195175492085173,111.33333333333333,113.6,114,2.7913344917887475,2.848164056292231,2.858192802969316
hoekvanholla-hvh-nl,Hoek v.H.,4-neighbour,2.0,253,9,0.02195175492085173,51.666666666666664,53.0,53,1.2953797791235204,1.328808934713805,1.328808934713805
hoekvanholla-hvh-nl,Hoek v.H.,4-neighbour,2.0,267,9,0.02195175492085173,36.111111111111114,38.6,39,0.9053729639035359,0.9677740543387334,0.9778028010158187
hoekvanholla-hvh-nl,Hoek v.H.,4-neighbour,2.0,279,9,0.02195175492085173,74.66666666666667,77.6,78,1.8720327130559267,1.945576855354552,1.9556056020316375
hoekvanholla-hvh-nl,Hoek v.H.,4-neighbour,2.0,158,8,0.01951267104075709,118.75,121.65,122,2.9772841697597046,3.0499925831685735,3.058767736511023
hoekvanholla-hvh-nl,Hoek v.H.,4-neighbour,2.0,200,8,0.01951267104075709,121.0,122.65,123,3.0336958698183096,3.0750644498612867,3.083839603203736
hoekvanholla-hvh-nl,Hoek v.H.,4-neighbour,2.0,250,8,0.01951267104075709,112.5,115.65,116,2.8205850029302466,2.8995613830122933,2.908336536354743
hoekvanholla-hvh-nl,Hoek v.H.,4-neighbour,2.0,33,7,0.017073587160662457,136.42857142857142,138.0,138,3.4205189559344573,3.4599176035944357,3.4599176035944357
hoekvanholla-hvh-nl,Hoek v.H.,4-neighbour,2.0,314,7,0.017073587160662457,13.0,15.7,16,0.32593426700527295,0.3936283070755988,0.4011498670834128
hoekvanholla-hvh-nl,Hoek v.H.,4-neighbour,2.0,153,6,0.014634503280567819,76.5,78.75,79,1.9179978019925676,1.9744095020511725,1.980677468724351
hoekvanholla-hvh-nl,Hoek v.H.,4-neighbour,2.0,164,6,0.014634503280567819,188.5,189.75,190,4.726046871576457,4.757386704942349,4.7636546716155275
hoekvanholla-hvh-nl,Hoek v.H.,4-neighbour,2.0,181,6,0.014634503280567819,56.0,57.75,58,1.404024534791945,1.4479003015041931,1.4541682681773715
hoekvanholla-hvh-nl,Hoek v.H.,4-neighbour,2.0,189,6,0.014634503280567819,134.16666666666666,135.75,136,3.363808781272368,3.4035059035358306,3.4097738702090092
hoekvanholla-hvh-nl,Hoek v.H.,4-neighbour,2.0,238,6,0.014634503280567819,169.5,170.75,171,4.249681404414905,4.281021237780796,4.287289204453975
hoekvanholla-hvh-nl,Hoek v.H.,4-neighbour,2.0,255,6,0.014634503280567819,48.5,49.75,50,1.215985534596595,1.2473253679624867,1.2535933346356651
hoekvanholla-hvh-nl,Hoek v.H.,4-neighbour,2.0,269,6,0.014634503280567819,174.83333333333334,176.75,177,4.383398026776042,4.431452437937076,4.437720404610254
hoekvanholla-hvh-nl,Hoek v.H.,4-neighbour,2.0,272,6,0.014634503280567819,43.833333333333336,45.0,45,1.0989834900305997,1.1282340011720986,1.1282340011720986
hoekvanholla-hvh-nl,Hoek v.H.,4-neighbour,2.0,277,6,0.014634503280567819,11.5,12.0,12,0.28832646696620295,0.3008624003125596,0.3008624003125596
hoekvanholla-hvh-nl,Hoek v.H.,4-neighbour,2.0,4,5,0.012195419400473183,16.0,17.8,18,0.4011498670834128,0.4462792271302968,0.45129360046883943
hoekvanholla-hvh-nl,Hoek v.H.,4-neighbour,2.0,12,5,0.012195419400473183,73.0,74.8,75,1.830246268568071,1.875375628614955,1.8803900019534976
hoekvanholla-hvh-nl,Hoek v.H.,4-neighbour,2.0,57,5,0.012195419400473183,149.4,150.8,151,3.7457368838913676,3.780837497261166,3.7858518705997084
hoekvanholla-hvh-nl,Hoek v.H.,4-neighbour,2.0,63,5,0.012195419400473183,71.0,72.8,73,1.7801025351826445,1.8252318952295283,1.830246268568071
hoekvanholla-hvh-nl,Hoek v.H.,4-neighbour,2.0,311,5,0.012195419400473183,5.0,5.0,5,0.1253593334635665,0.1253593334635665,0.1253593334635665
hoekvanholla-hvh-nl,Hoek v.H.,4-neighbour,2.0,315,5,0.012195419400473183,23.0,24.8,25,0.5766529339324059,0.6217822939792899,0.6267966673178326
hoekvanholla-hvh-nl,Hoek v.H.,4-neighbour,2.0,11,4,0.009756335520378545,68.5,69.85,70,1.7174228684508612,1.751269888486024,1.755030668489931
hoekvanholla-hvh-nl,Hoek v.H.,4-neighbour,2.0,13,4,0.009756335520378545,77.5,78.85,79,1.9430696686852809,1.9769166887204437,1.980677468724351
hoekvanholla-hvh-nl,Hoek v.H.,4-neighbour,2.0,39,4,0.009756335520378545,164.5,165.0,165,4.124322070951338,4.136858004297695,4.136858004297695
hoekvanholla-hvh-nl,Hoek v.H.,4-neighbour,2.0,42,4,0.009756335520378545,161.5,162.0,162,4.049106470873198,4.061642404219555,4.061642404219555
hoekvanholla-hvh-nl,Hoek v.H.,4-neighbour,2.0,50,4,0.009756335520378545,6.0,6.85,7,0.1504312001562798,0.1717422868450861,0.1755030668489931
hoekvanholla-hvh-nl,Hoek v.H.,4-neighbour,2.0,55,4,0.009756335520378545,146.0,146.85,147,3.660492537136142,3.681803623824948,3.6855644038288555
hoekvanholla-hvh-nl,Hoek v.H.,4-neighbour,2.0,92,4,0.009756335520378545,98.5,99.85,100,2.46957886923226,2.503425889267423,2.5071866692713303
hoekvanholla-hvh-nl,Hoek v.H.,4-neighbour,2.0,103,4,0.009756335520378545,109.0,109.85,110,2.7328334695057497,2.754144556194556,2.7579053361984633
hoekvanholla-hvh-nl,Hoek v.H.,4-neighbour,2.0,108,4,0.009756335520378545,44.5,45.0,45,1.115698067825742,1.1282340011720986,1.1282340011720986
hoekvanholla-hvh-nl,Hoek v.H.,4-neighbour,2.0,115,4,0.009756335520378545,116.5,117.85,118,2.9208724697010995,2.9547194897362625,2.9584802697401695
hoekvanholla-hvh-nl,Hoek v.H.,4-neighbour,2.0,117,4,0.009756335520378545,43.0,43.0,43,1.078090267786672,1.078090267786672,1.078090267786672
hoekvanholla-hvh-nl,Hoek v.H.,4-neighbour,2.0,198,4,0.009756335520378545,29.5,30.0,30,0.7396200674350424,0.752156000781399,0.752156000781399
hoekvanholla-hvh-nl,Hoek v.H.,4-neighbour,2.0,217,4,0.009756335520378545,26.5,27.0,27,0.6644044673569025,0.6769404007032591,0.6769404007032591
hoekvanholla-hvh-nl,Hoek v.H.,4-neighbour,2.0,223,4,0.009756335520378545,15.25,16.0,16,0.38234596706387786,0.4011498670834128,0.4011498670834128
hoekvanholla-hvh-nl,Hoek v.H.,4-neighbour,2.0,239,4,0.009756335520378545,145.0,145.85,146,3.6354206704434286,3.656731757132235,3.660492537136142
hoekvanholla-hvh-nl,Hoek v.H.,4-neighbour,2.0,271,4,0.009756335520378545,58.0,58.85,59,1.4541682681773715,1.4754793548661778,1.4792401348700848
hoekvanholla-hvh-nl,Hoek v.H.,4-neighbour,2.0,285,4,0.009756335520378545,67.0,67.85,68,1.6798150684117912,1.7011261551005974,1.7048869351045046
hoekvanholla-hvh-nl,Hoek v.H.,4-neighbour,2.0,291,4,0.009756335520378545,23.5,24.85,25,0.5891888672787626,0.6230358873139256,0.6267966673178326
hoekvanholla-hvh-nl,Hoek v.H.,4-neighbour,2.0,318,4,0.009756335520378545,2.5,3.8499999999999996,4,0.06267966673178325,0.0965266867669462,0.1002874667708532
hoekvanholla-hvh-nl,Hoek v.H.,4-neighbour,2.0,320,4,0.009756335520378545,3.0,3.0,3,0.0752156000781399,0.0752156000781399,0.0752156000781399
hoekvanholla-hvh-nl,Hoek v.H.,4-neighbour,2.0,3,3,0.0073172516402839095,6.0,6.9,7,0.1504312001562798,0.17299588017972178,0.1755030668489931
hoekvanholla-hvh-nl,Hoek v.H.,4-neighbour,2.0,16,3,0.0073172516402839095,105.0,105.9,106,2.632546002734897,2.655110682758339,2.65761786942761
hoekvanholla-hvh-nl,Hoek v.H.,4-neighbour,2.0,17,3,0.0073172516402839095,110.0,110.9,111,2.7579053361984633,2.7804700162219054,2.7829772028911766
hoekvanholla-hvh-nl,Hoek v.H.,4-neighbour,2.0,25,3,0.0073172516402839095,114.0,114.9,115,2.858192802969316,2.8807574829927587,2.88326466966203
hoekvanholla-hvh-nl,Hoek v.H.,4-neighbour,2.0,26,3,0.0073172516402839095,122.0,122.9,123,3.058767736511023,3.081332416534465,3.083839603203736
hoekvanholla-hvh-nl,Hoek v.H.,4-neighbour,2.0,28,3,0.0073172516402839095,122.0,122.9,123,3.058767736511023,3.081332416534465,3.083839603203736
hoekvanholla-hvh-nl,Hoek v.H.,4-neighbour,2.0,35,3,0.0073172516402839095,160.0,160.9,161,4.011498670834128,4.03406335085757,4.036570537526842
hoekvanholla-hvh-nl,Hoek v.H.,4-neighbour,2.0,46,3,0.0073172516402839095,168.0,168.9,169,4.212073604375835,4.234638284399277,4.237145471068548
hoekvanholla-hvh-nl,Hoek v.H.,4-neighbour,2.0,66,3,0.0073172516402839095,162.0,162.9,163,4.061642404219555,4.084207084242997,4.086714270912268
hoekvanholla-hvh-nl,Hoek v.H.,4-neighbour,2.0,125,3,0.0073172516402839095,59.0,59.9,60,1.4792401348700848,1.5018048148935268,1.504312001562798
hoekvanholla-hvh-nl,Hoek v.H.,4-neighbour,2.0,127,3,0.0073172516402839095,45.0,45.9,46,1.1282340011720986,1.1507986811955404,1.1533058678648118
hoekvanholla-hvh-nl,Hoek v.H.,4-neighbour,2.0,147,3,0.0073172516402839095,47.0,47.9,48,1.1783777345575253,1.200942414580967,1.2034496012502385
hoekvanholla-hvh-nl,Hoek v.H.,4-neighbour,2.0,161,3,0.0073172516402839095,69.0,69.9,70,1.7299588017972178,1.7525234818206599,1.755030668489931
hoekvanholla-hvh-nl,Hoek v.H.,4-neighbour,2.0,174,3,0.0073172516402839095,166.0,166.9,167,4.1619298709904085,4.1844945510138505,4.187001737683121
hoekvanholla-hvh-nl,Hoek v.H.,4-neighbour,2.0,179,3,0.0073172516402839095,162.0,162.9,163,4.061642404219555,4.084207084242997,4.086714270912268
hoekvanholla-hvh-nl,Hoek v.H.,4-neighbour,2.0,194,3,0.0073172516402839095,42.0,42.9,43,1.0530184010939587,1.0755830811174005,1.078090267786672
hoekvanholla-hvh-nl,Hoek v.H.,4-neighbour,2.0,197,3,0.0073172516402839095,38.0,38.9,39,0.9527309343231054,0.9752956143465474,0.9778028010158187
hoekvanholla-hvh-nl,Hoek v.H.,4-neighbour,2.0,203,3,0.0073172516402839095,168.0,168.9,169,4.212073604375835,4.234638284399277,4.237145471068548
hoekvanholla-hvh-nl,Hoek v.H.,4-neighbour,2.0,208,3,0.0073172516402839095,30.0,30.9,31,0.752156000781399,0.774720680804841,0.7772278674741123
hoekvanholla-hvh-nl,Hoek v.H.,4-neighbour,2.0,210,3,0.0073172516402839095,152.0,152.9,153,3.8109237372924216,3.833488417315864,3.8359956039851353
hoekvanholla-hvh-nl,Hoek v.H.,4-neighbour,2.0,218,3,0.0073172516402839095,137.0,137.9,138,3.4348457369017225,3.4574104169251645,3.4599176035944357
hoekvanholla-hvh-nl,Hoek v.H.,4-neighbour,2.0,242,3,0.0073172516402839095,119.0,119.9,120,2.9835521364328828,3.0061168164563252,3.008624003125596
hoekvanholla-hvh-nl,Hoek v.H.,4-neighbour,2.0,257,3,0.0073172516402839095,12.0,12.9,13,0.3008624003125596,0.3234270803360016,0.32593426700527295
hoekvanholla-hvh-nl,Hoek v.H.,4-neighbour,2.0,292,3,0.0073172516402839095,48.0,48.9,49,1.2034496012502385,1.2260142812736805,1.2285214679429517
hoekvanholla-hvh-nl,Hoek v.H.,4-neighbour,2.0,295,3,0.0073172516402839095,39.0,39.9,40,0.9778028010158187,1.0003674810392607,1.002874667708532
hoekvanholla-hvh-nl,Hoek v.H.,4-neighbour,2.0,297,3,0.0073172516402839095,43.0,43.9,44,1.078090267786672,1.100654947810114,1.1031621344793852
hoekvanholla-hvh-nl,Hoek v.H.,4-neighbour,2.0,300,3,0.0073172516402839095,35.0,35.9,36,0.8775153342449655,0.9000800142684074,0.9025872009376789
hoekvanholla-hvh-nl,Hoek v.H.,4-neighbour,2.0,301,3,0.0073172516402839095,54.0,54.9,55,1.3538808014065182,1.3764454814299603,1.3789526680992317
hoekvanholla-hvh-nl,Hoek v.H.,4-neighbour,2.0,302,3,0.0073172516402839095,25.0,25.9,26,0.6267966673178326,0.6493613473412745,0.6518685340105459
hoekvanholla-hvh-nl,Hoek v.H.,4-neighbour,2.0,305,3,0.0073172516402839095,18.0,18.9,19,0.45129360046883943,0.47385828049228135,0.4763654671615527
hoekvanholla-hvh-nl,Hoek v.H.,4-neighbour,2.0,306,3,0.0073172516402839095,34.0,34.9,35,0.8524434675522523,0.8750081475756942,0.8775153342449655
hoekvanholla-hvh-nl,Hoek v.H.,4-neighbour,2.0,308,3,0.0073172516402839095,8.0,8.9,9,0.2005749335417064,0.2231396135651484,0.22564680023441971
hoekvanholla-hvh-nl,Hoek v.H.,4-neighbour,2.0,309,3,0.0073172516402839095,29.0,29.9,30,0.7270841340886858,0.7496488141121277,0.752156000781399
hoekvanholla-hvh-nl,Hoek v.H.,4-neighbour,2.0,317,3,0.0073172516402839095,4.0,4.0,4,0.1002874667708532,0.1002874667708532,0.1002874667708532
hoekvanholla-hvh-nl,Hoek v.H.,4-neighbour,2.0,319,3,0.0073172516402839095,18.0,18.9,19,0.45129360046883943,0.47385828049228135,0.4763654671615527
hoekvanholla-hvh-nl,Hoek v.H.,4-neighbour,2.0,323,3,0.0073172516402839095,2.0,2.0,2,0.0501437333854266,0.0501437333854266,0.0501437333854266
hoekvanholla-hvh-nl,Hoek v.H.,4-neighbour,2.0,325,3,0.0073172516402839095,2.0,2.0,2,0.0501437333854266,0.0501437333854266,0.0501437333854266
hoekvanholla-hvh-nl,Hoek v.H.,4-neighbour,2.0,327,3,0.0073172516402839095,1.0,1.0,1,0.0250718666927133,0.0250718666927133,0.0250718666927133
hoekvanholla-hvh-nl,Hoek v.H.,4-neighbour,2.0,8,2,0.004878167760189273,62.5,62.95,63,1.5669916682945813,1.5782740083063025,1.579527601640938
hoekvanholla-hvh-nl,Hoek v.H.,4-neighbour,2.0,9,2,0.004878167760189273,65.5,65.95,66,1.6422072683727214,1.6534896083844424,1.654743201719078
hoekvanholla-hvh-nl,Hoek v.H.,4-neighbour,2.0,18,2,0.004878167760189273,104.5,104.95,105,2.62001006938854,2.631292409400261,2.632546002734897
hoekvanholla-hvh-nl,Hoek v.H.,4-neighbour,2.0,19,2,0.004878167760189273,113.5,113.95,114,2.84565686962296,2.856939209634681,2.858192802969316
hoekvanholla-hvh-nl,Hoek v.H.,4-neighbour,2.0,21,2,0.004878167760189273,107.5,107.95,108,2.69522566946668,2.706508009478401,2.7077616028130365
hoekvanholla-hvh-nl,Hoek v.H.,4-neighbour,2.0,22,2,0.004878167760189273,116.5,116.95,117,2.9208724697010995,2.9321548097128205,2.9334084030474563
hoekvanholla-hvh-nl,Hoek v.H.,4-neighbour,2.0,27,2,0.004878167760189273,125.5,125.95,126,3.1465192699355193,3.1578016099472404,3.159055203281876
hoekvanholla-hvh-nl,Hoek v.H.,4-neighbour,2.0,29,2,0.004878167760189273,128.5,128.95,129,3.2217348700136594,3.23301721002538,3.234270803360016
hoekvanholla-hvh-nl,Hoek v.H.,4-neighbour,2.0,31,2,0.004878167760189273,128.5,128.95,129,3.2217348700136594,3.23301721002538,3.234270803360016
hoekvanholla-hvh-nl,Hoek v.H.,4-neighbour,2.0,32,2,0.004878167760189273,131.5,131.95,132,3.296950470091799,3.3082328101035197,3.309486403438156
hoekvanholla-hvh-nl,Hoek v.H.,4-neighbour,2.0,37,2,0.004878167760189273,162.5,162.95,163,4.074178337565911,4.0854606775776325,4.086714270912268
hoekvanholla-hvh-nl,Hoek v.H.,4-neighbour,2.0,43,2,0.004878167760189273,164.5,164.95,165,4.124322070951338,4.135604410963059,4.136858004297695
hoekvanholla-hvh-nl,Hoek v.H.,4-neighbour,2.0,44,2,0.004878167760189273,167.5,167.95,168,4.199537671029478,4.210820011041199,4.212073604375835
hoekvanholla-hvh-nl,Hoek v.H.,4-neighbour,2.0,51,2,0.004878167760189273,139.5,139.95,140,3.4975254036335057,3.5088077436452263,3.510061336979862
hoekvanholla-hvh-nl,Hoek v.H.,4-neighbour,2.0,58,2,0.004878167760189273,164.5,164.95,165,4.124322070951338,4.135604410963059,4.136858004297695
hoekvanholla-hvh-nl,Hoek v.H.,4-neighbour,2.0,61,2,0.004878167760189273,156.5,156.95,157,3.9237471374096318,3.9350294774213523,3.936283070755988
hoekvanholla-hvh-nl,Hoek v.H.,4-neighbour,2.0,62,2,0.004878167760189273,165.5,165.95,166,4.149393937644051,4.160676277655772,4.1619298709904085
hoekvanholla-hvh-nl,Hoek v.H.,4-neighbour,2.0,64,2,0.004878167760189273,150.5,150.95,151,3.773315937253352,3.7845982772650726,3.7858518705997084
hoekvanholla-hvh-nl,Hoek v.H.,4-neighbour,2.0,65,2,0.004878167760189273,160.5,160.95,161,4.024034604180485,4.035316944192205,4.036570537526842
hoekvanholla-hvh-nl,Hoek v.H.,4-neighbour,2.0,68,2,0.004878167760189273,2.5,2.95,3,0.06267966673178325,0.07396200674350424,0.0752156000781399
hoekvanholla-hvh-nl,Hoek v.H.,4-neighbour,2.0,69,2,0.004878167760189273,65.5,65.95,66,1.6422072683727214,1.6534896083844424,1.654743201719078
hoekvanholla-hvh-nl,Hoek v.H.,4-neighbour,2.0,71,2,0.004878167760189273,154.5,154.95,155,3.873603404024205,3.884885744035926,3.8861393373705617
hoekvanholla-hvh-nl,Hoek v.H.,4-neighbour,2.0,74,2,0.004878167760189273,61.5,61.95,62,1.541919801601868,1.553202141613589,1.5544557349482246
hoekvanholla-hvh-nl,Hoek v.H.,4-neighbour,2.0,77,2,0.004878167760189273,156.5,156.95,157,3.9237471374096318,3.9350294774213523,3.936283070755988
hoekvanholla-hvh-nl,Hoek v.H.,4-neighbour,2.0,78,2,0.004878167760189273,108.5,108.95,109,2.7202975361593933,2.7315798761711143,2.7328334695057497
hoekvanholla-hvh-nl,Hoek v.H.,4-neighbour,2.0,80,2,0.004878167760189273,84.5,84.95,85,2.118572735534274,2.129855075545995,2.1311086688806307
hoekvanholla-hvh-nl,Hoek v.H.,4-neighbour,2.0,81,2,0.004878167760189273,168.5,168.95,169,4.224609537722191,4.235891877733912,4.237145471068548
hoekvanholla-hvh-nl,Hoek v.H.,4-neighbour,2.0,83,2,0.004878167760189273,104.5,104.95,105,2.62001006938854,2.631292409400261,2.632546002734897
hoekvanholla-hvh-nl,Hoek v.H.,4-neighbour,2.0,85,2,0.004878167760189273,88.5,88.95,89,2.218860202305127,2.230142542316848,2.231396135651484
hoekvanholla-hvh-nl,Hoek v.H.,4-neighbour,2.0,88,2,0.004878167760189273,5.5,5.95,6,0.13789526680992314,0.14917760682164416,0.1504312001562798
hoekvanholla-hvh-nl,Hoek v.H.,4-neighbour,2.0,89,2,0.004878167760189273,52.5,52.95,53,1.3162730013674484,1.3275553413791694,1.328808934713805
hoekvanholla-hvh-nl,Hoek v.H.,4-neighbour,2.0,91,2,0.004878167760189273,147.5,147.95,148,3.698100337175212,3.7093826771869325,3.7106362705215687
hoekvanholla-hvh-nl,Hoek v.H.,4-neighbour,2.0,93,2,0.004878167760189273,9.5,9.95,10,0.23818273358077635,0.24946507359249734,0.250718666927133
hoekvanholla-hvh-nl,Hoek v.H.,4-neighbour,2.0,96,2,0.004878167760189273,174.5,174.95,175,4.3750407378784715,4.386323077890192,4.387576671224828
hoekvanholla-hvh-nl,Hoek v.H.,4-neighbour,2.0,101,2,0.004878167760189273,47.5,47.95,48,1.1909136679038819,1.2021960079156029,1.2034496012502385
hoekvanholla-hvh-nl,Hoek v.H.,4-neighbour,2.0,102,2,0.004878167760189273,138.5,138.95,139,3.472453536940792,3.483735876952513,3.484989470287149
hoekvanholla-hvh-nl,Hoek v.H.,4-neighbour,2.0,106,2,0.004878167760189273,177.5,177.95,178,4.450256337956611,4.461538677968332,4.462792271302968
hoekvanholla-hvh-nl,Hoek v.H.,4-neighbour,2.0,107,2,0.004878167760189273,129.5,129.95,130,3.2468067367063727,3.2580890767180932,3.259342670052729
hoekvanholla-hvh-nl,Hoek v.H.,4-neighbour,2.0,111,2,0.004878167760189273,172.5,172.95,173,4.324897004493044,4.336179344504766,4.337432937839401
hoekvanholla-hvh-nl,Hoek v.H.,4-neighbour,2.0,112,2,0.004878167760189273,124.5,124.95,125,3.121447403242806,3.132729743254527,3.1339833365891625
hoekvanholla-hvh-nl,Hoek v.H.,4-neighbour,2.0,118,2,0.004878167760189273,64.5,64.95,65,1.617135401680008,1.628417741691729,1.6296713350263645
hoekvanholla-hvh-nl,Hoek v.H.,4-neighbour,2.0,119,2,0.004878167760189273,162.5,162.95,163,4.074178337565911,4.0854606775776325,4.086714270912268
hoekvanholla-hvh-nl,Hoek v.H.,4-neighbour,2.0,122,2,0.004878167760189273,141.5,141.95,142,3.547669137018932,3.5589514770306527,3.560205070365289
hoekvanholla-hvh-nl,Hoek v.H.,4-neighbour,2.0,124,2,0.004878167760189273,110.5,110.95,111,2.7704412695448197,2.7817236095565407,2.7829772028911766
hoekvanholla-hvh-nl,Hoek v.H.,4-neighbour,2.0,126,2,0.004878167760189273,106.5,106.95,107,2.6701538027739664,2.681436142785688,2.6826897361203232
hoekvanholla-hvh-nl,Hoek v.H.,4-neighbour,2.0,131,2,0.004878167760189273,101.5,101.95,102,2.5447944693104003,2.5560768093221213,2.5573304026567567
hoekvanholla-hvh-nl,Hoek v.H.,4-neighbour,2.0,132,2,0.004878167760189273,50.5,50.95,51,1.2661292679820217,1.2774116079937428,1.2786652013283784
hoekvanholla-hvh-nl,Hoek v.H.,4-neighbour,2.0,137,2,0.004878167760189273,59.5,59.95,60,1.4917760682164414,1.5030584082281626,1.504312001562798
hoekvanholla-hvh-nl,Hoek v.H.,4-neighbour,2.0,138,2,0.004878167760189273,143.5,143.95,144,3.5978128704043586,3.6090952104160796,3.6103488037507154
hoekvanholla-hvh-nl,Hoek v.H.,4-neighbour,2.0,139,2,0.004878167760189273,92.5,92.95,93,2.3191476690759805,2.3304300090877015,2.331683602422337
hoekvanholla-hvh-nl,Hoek v.H.,4-neighbour,2.0,140,2,0.004878167760189273,41.5,41.95,42,1.0404824677476021,1.0517648077593231,1.0530184010939587
hoekvanholla-hvh-nl,Hoek v.H.,4-neighbour,2.0,145,2,0.004878167760189273,87.5,87.95,88,2.193788335612414,2.205070675624135,2.2063242689587703
hoekvanholla-hvh-nl,Hoek v.H.,4-neighbour,2.0,148,2,0.004878167760189273,32.5,32.95,33,0.8148356675131823,0.8261180075249034,0.827371600859539
hoekvanholla-hvh-nl,Hoek v.H.,4-neighbour,2.0,149,2,0.004878167760189273,53.5,53.95,54,1.3413448680601616,1.3526272080718826,1.3538808014065182
hoekvanholla-hvh-nl,Hoek v.H.,4-neighbour,2.0,151,2,0.004878167760189273,57.5,57.95,58,1.441632334831015,1.452914674842736,1.4541682681773715
hoekvanholla-hvh-nl,Hoek v.H.,4-neighbour,2.0,154,2,0.004878167760189273,38.5,38.95,39,0.9652668676694621,0.9765492076811831,0.9778028010158187
hoekvanholla-hvh-nl,Hoek v.H.,4-neighbour,2.0,155,2,0.004878167760189273,125.5,125.95,126,3.1465192699355193,3.1578016099472404,3.159055203281876
hoekvanholla-hvh-nl,Hoek v.H.,4-neighbour,2.0,156,2,0.004878167760189273,23.5,23.95,24,0.5891888672787626,0.6004712072904835,0.6017248006251192
hoekvanholla-hvh-nl,Hoek v.H.,4-neighbour,2.0,162,2,0.004878167760189273,18.5,18.95,19,0.4638295338151961,0.47511187382691705,0.4763654671615527
hoekvanholla-hvh-nl,Hoek v.H.,4-neighbour,2.0,165,2,0.004878167760189273,174.5,174.95,175,4.3750407378784715,4.386323077890192,4.387576671224828
hoekvanholla-hvh-nl,Hoek v.H.,4-neighbour,2.0,167,2,0.004878167760189273,65.5,65.95,66,1.6422072683727214,1.6534896083844424,1.654743201719078
hoekvanholla-hvh-nl,Hoek v.H.,4-neighbour,2.0,168,2,0.004878167760189273,170.5,170.95,171,4.274753271107618,4.286035611119338,4.287289204453975
hoekvanholla-hvh-nl,Hoek v.H.,4-neighbour,2.0,175,2,0.004878167760189273,168.5,168.95,169,4.224609537722191,4.235891877733912,4.237145471068548
hoekvanholla-hvh-nl,Hoek v.H.,4-neighbour,2.0,176,2,0.004878167760189273,60.5,60.95,61,1.5168479349091548,1.5281302749208758,1.5293838682555114
hoekvanholla-hvh-nl,Hoek v.H.,4-neighbour,2.0,177,2,0.004878167760189273,9.5,9.95,10,0.23818273358077635,0.24946507359249734,0.250718666927133
hoekvanholla-hvh-nl,Hoek v.H.,4-neighbour,2.0,180,2,0.004878167760189273,95.5,95.95,96,2.39436326915412,2.4056456091658416,2.406899202500477
hoekvanholla-hvh-nl,Hoek v.H.,4-neighbour,2.0,183,2,0.004878167760189273,34.0,34.0,34,0.8524434675522523,0.8524434675522523,0.8524434675522523
hoekvanholla-hvh-nl,Hoek v.H.,4-neighbour,2.0,184,2,0.004878167760189273,187.5,187.95,188,4.700975004883744,4.712257344895464,4.713510938230101
hoekvanholla-hvh-nl,Hoek v.H.,4-neighbour,2.0,185,2,0.004878167760189273,51.5,51.95,52,1.291201134674735,1.3024834746864562,1.3037370680210918
hoekvanholla-hvh-nl,Hoek v.H.,4-neighbour,2.0,191,2,0.004878167760189273,32.5,32.95,33,0.8148356675131823,0.8261180075249034,0.827371600859539
hoekvanholla-hvh-nl,Hoek v.H.,4-neighbour,2.0,192,2,0.004878167760189273,44.5,44.95,45,1.115698067825742,1.126980407837463,1.1282340011720986
hoekvanholla-hvh-nl,Hoek v.H.,4-neighbour,2.0,193,2,0.004878167760189273,77.5,77.95,78,1.9430696686852809,1.9543520086970019,1.9556056020316375
hoekvanholla-hvh-nl,Hoek v.H.,4-neighbour,2.0,199,2,0.004878167760189273,171.5,171.95,172,4.299825137800331,4.311107477812052,4.312361071146688
hoekvanholla-hvh-nl,Hoek v.H.,4-neighbour,2.0,201,2,0.004878167760189273,68.5,68.95,69,1.7174228684508612,1.7287052084625822,1.7299588017972178
hoekvanholla-hvh-nl,Hoek v.H.,4-neighbour,2.0,202,2,0.004878167760189273,35.5,35.95,36,0.8900512675913222,0.9013336076030433,0.9025872009376789
hoekvanholla-hvh-nl,Hoek v.H.,4-neighbour,2.0,205,2,0.004878167760189273,105.5,105.95,106,2.645081936081253,2.656364276092974,2.65761786942761
hoekvanholla-hvh-nl,Hoek v.H.,4-neighbour,2.0,207,2,0.004878167760189273,59.5,59.95,60,1.4917760682164414,1.5030584082281626,1.504312001562798
hoekvanholla-hvh-nl,Hoek v.H.,4-neighbour,2.0,209,2,0.004878167760189273,28.0,28.0,28,0.7020122673959724,0.7020122673959724,0.7020122673959724
hoekvanholla-hvh-nl,Hoek v.H.,4-neighbour,2.0,215,2,0.004878167760189273,50.5,50.95,51,1.2661292679820217,1.2774116079937428,1.2786652013283784
hoekvanholla-hvh-nl,Hoek v.H.,4-neighbour,2.0,216,2,0.004878167760189273,140.5,140.95,141,3.522597270326219,3.5338796103379395,3.5351332036725753
hoekvanholla-hvh-nl,Hoek v.H.,4-neighbour,2.0,220,2,0.004878167760189273,20.5,20.95,21,0.5139732672006226,0.5252556072123437,0.5265092005469794
hoekvanholla-hvh-nl,Hoek v.H.,4-neighbour,2.0,221,2,0.004878167760189273,41.5,41.95,42,1.0404824677476021,1.0517648077593231,1.0530184010939587
hoekvanholla-hvh-nl,Hoek v.H.,4-neighbour,2.0,222,2,0.004878167760189273,17.5,17.95,18,0.43875766712248276,0.4500400071342037,0.45129360046883943
hoekvanholla-hvh-nl,Hoek v.H.,4-neighbour,2.0,225,2,0.004878167760189273,131.5,131.95,132,3.296950470091799,3.3082328101035197,3.309486403438156
hoekvanholla-hvh-nl,Hoek v.H.,4-neighbour,2.0,226,2,0.004878167760189273,32.5,32.95,33,0.8148356675131823,0.8261180075249034,0.827371600859539
hoekvanholla-hvh-nl,Hoek v.H.,4-neighbour,2.0,228,2,0.004878167760189273,25.0,25.0,25,0.6267966673178326,0.6267966673178326,0.6267966673178326
hoekvanholla-hvh-nl,Hoek v.H.,4-neighbour,2.0,231,2,0.004878167760189273,136.5,136.95,137,3.4223098035553656,3.433592143567086,3.4348457369017225
hoekvanholla-hvh-nl,Hoek v.H.,4-neighbour,2.0,232,2,0.004878167760189273,23.5,23.95,24,0.5891888672787626,0.6004712072904835,0.6017248006251192
hoekvanholla-hvh-nl,Hoek v.H.,4-neighbour,2.0,233,2,0.004878167760189273,26.5,26.95,27,0.6644044673569025,0.6756868073686234,0.6769404007032591
hoekvanholla-hvh-nl,Hoek v.H.,4-neighbour,2.0,237,2,0.004878167760189273,29.5,29.95,30,0.7396200674350424,0.7509024074467634,0.752156000781399
hoekvanholla-hvh-nl,Hoek v.H.,4-neighbour,2.0,240,2,0.004878167760189273,122.5,122.95,123,3.0713036698573792,3.0825860098691007,3.083839603203736
hoekvanholla-hvh-nl,Hoek v.H.,4-neighbour,2.0,244,2,0.004878167760189273,107.5,107.95,108,2.69522566946668,2.706508009478401,2.7077616028130365
hoekvanholla-hvh-nl,Hoek v.H.,4-neighbour,2.0,252,2,0.004878167760189273,26.5,26.95,27,0.6644044673569025,0.6756868073686234,0.6769404007032591
hoekvanholla-hvh-nl,Hoek v.H.,4-neighbour,2.0,254,2,0.004878167760189273,50.5,50.95,51,1.2661292679820217,1.2774116079937428,1.2786652013283784
hoekvanholla-hvh-nl,Hoek v.H.,4-neighbour,2.0,258,2,0.004878167760189273,53.5,53.95,54,1.3413448680601616,1.3526272080718826,1.3538808014065182
hoekvanholla-hvh-nl,Hoek v.H.,4-neighbour,2.0,260,2,0.004878167760189273,50.5,50.95,51,1.2661292679820217,1.2774116079937428,1.2786652013283784
hoekvanholla-hvh-nl,Hoek v.H.,4-neighbour,2.0,263,2,0.004878167760189273,48.5,48.95,49,1.215985534596595,1.227267874608316,1.2285214679429517
hoekvanholla-hvh-nl,Hoek v.H.,4-neighbour,2.0,264,2,0.004878167760189273,14.5,14.95,15,0.3635420670443429,0.37482440705606385,0.3760780003906995
hoekvanholla-hvh-nl,Hoek v.H.,4-neighbour,2.0,270,2,0.004878167760189273,13.0,13.0,13,0.32593426700527295,0.32593426700527295,0.32593426700527295
hoekvanholla-hvh-nl,Hoek v.H.,4-neighbour,2.0,275,2,0.004878167760189273,57.5,57.95,58,1.441632334831015,1.452914674842736,1.4541682681773715
hoekvanholla-hvh-nl,Hoek v.H.,4-neighbour,2.0,276,2,0.004878167760189273,177.5,177.95,178,4.450256337956611,4.461538677968332,4.462792271302968
hoekvanholla-hvh-nl,Hoek v.H.,4-neighbour,2.0,280,2,0.004878167760189273,88.5,88.95,89,2.218860202305127,2.230142542316848,2.231396135651484
hoekvanholla-hvh-nl,Hoek v.H.,4-neighbour,2.0,281,2,0.004878167760189273,191.5,191.95,192,4.8012624716545975,4.812544811666318,4.813798405000954
hoekvanholla-hvh-nl,Hoek v.H.,4-neighbour,2.0,289,2,0.004878167760189273,17.5,17.95,18,0.43875766712248276,0.4500400071342037,0.45129360046883943
hoekvanholla-hvh-nl,Hoek v.H.,4-neighbour,2.0,290,2,0.004878167760189273,52.5,52.95,53,1.3162730013674484,1.3275553413791694,1.328808934713805
hoekvanholla-hvh-nl,Hoek v.H.,4-neighbour,2.0,293,2,0.004878167760189273,32.5,32.95,33,0.8148356675131823,0.8261180075249034,0.827371600859539
hoekvanholla-hvh-nl,Hoek v.H.,4-neighbour,2.0,296,2,0.004878167760189273,37.5,37.95,38,0.9401950009767488,0.9514773409884699,0.9527309343231054
hoekvanholla-hvh-nl,Hoek v.H.,4-neighbour,2.0,299,2,0.004878167760189273,2.5,2.95,3,0.06267966673178325,0.07396200674350424,0.0752156000781399
hoekvanholla-hvh-nl,Hoek v.H.,4-neighbour,2.0,307,2,0.004878167760189273,15.5,15.95,16,0.38861393373705616,0.3998962737487771,0.4011498670834128
hoekvanholla-hvh-nl,Hoek v.H.,4-neighbour,2.0,312,2,0.004878167760189273,22.5,22.95,23,0.5641170005860493,0.5753993405977702,0.5766529339324059
hoekvanholla-hvh-nl,Hoek v.H.,4-neighbour,2.0,313,2,0.004878167760189273,5.0,5.0,5,0.1253593334635665,0.1253593334635665,0.1253593334635665
hoekvanholla-hvh-nl,Hoek v.H.,4-neighbour,2.0,321,2,0.004878167760189273,11.5,11.95,12,0.28832646696620295,0.2996088069779239,0.3008624003125596
hoekvanholla-hvh-nl,Hoek v.H.,4-neighbour,2.0,326,2,0.004878167760189273,1.0,1.0,1,0.0250718666927133,0.0250718666927133,0.0250718666927133
hoekvanholla-hvh-nl,Hoek v.H.,4-neighbour,2.0,328,2,0.004878167760189273,1.0,1.0,1,0.0250718666927133,0.0250718666927133,0.0250718666927133
hoekvanholla-hvh-nl,Hoek v.H.,4-neighbour,2.0,329,2,0.004878167760189273,1.0,1.0,1,0.0250718666927133,0.0250718666927133,0.0250718666927133
hoekvanholla-hvh-nl,Hoek v.H.,4-neighbour,2.0,1,1,0.0024390838800946364,28.0,28.0,28,0.7020122673959724,0.7020122673959724,0.7020122673959724
hoekvanholla-hvh-nl,Hoek v.H.,4-neighbour,2.0,2,1,0.0024390838800946364,36.0,36.0,36,0.9025872009376789,0.9025872009376789,0.9025872009376789
hoekvanholla-hvh-nl,Hoek v.H.,4-neighbour,2.0,6,1,0.0024390838800946364,73.0,73.0,73,1.830246268568071,1.830246268568071,1.830246268568071
hoekvanholla-hvh-nl,Hoek v.H.,4-neighbour,2.0,7,1,0.0024390838800946364,58.0,58.0,58,1.4541682681773715,1.4541682681773715,1.4541682681773715
hoekvanholla-hvh-nl,Hoek v.H.,4-neighbour,2.0,15,1,0.0024390838800946364,100.0,100.0,100,2.5071866692713303,2.5071866692713303,2.5071866692713303
hoekvanholla-hvh-nl,Hoek v.H.,4-neighbour,2.0,23,1,0.0024390838800946364,112.0,112.0,112,2.80804906958389,2.80804906958389,2.80804906958389
hoekvanholla-hvh-nl,Hoek v.H.,4-neighbour,2.0,24,1,0.0024390838800946364,118.0,118.0,118,2.9584802697401695,2.9584802697401695,2.9584802697401695
hoekvanholla-hvh-nl,Hoek v.H.,4-neighbour,2.0,30,1,0.0024390838800946364,133.0,133.0,133,3.334558270130869,3.334558270130869,3.334558270130869
hoekvanholla-hvh-nl,Hoek v.H.,4-neighbour,2.0,34,1,0.0024390838800946364,142.0,142.0,142,3.560205070365289,3.560205070365289,3.560205070365289
hoekvanholla-hvh-nl,Hoek v.H.,4-neighbour,2.0,36,1,0.0024390838800946364,145.0,145.0,145,3.6354206704434286,3.6354206704434286,3.6354206704434286
hoekvanholla-hvh-nl,Hoek v.H.,4-neighbour,2.0,38,1,0.0024390838800946364,148.0,148.0,148,3.7106362705215687,3.7106362705215687,3.7106362705215687
hoekvanholla-hvh-nl,Hoek v.H.,4-neighbour,2.0,41,1,0.0024390838800946364,163.0,163.0,163,4.086714270912268,4.086714270912268,4.086714270912268
hoekvanholla-hvh-nl,Hoek v.H.,4-neighbour,2.0,45,1,0.0024390838800946364,169.0,169.0,169,4.237145471068548,4.237145471068548,4.237145471068548
hoekvanholla-hvh-nl,Hoek v.H.,4-neighbour,2.0,48,1,0.0024390838800946364,1.0,1.0,1,0.0250718666927133,0.0250718666927133,0.0250718666927133
hoekvanholla-hvh-nl,Hoek v.H.,4-neighbour,2.0,49,1,0.0024390838800946364,3.0,3.0,3,0.0752156000781399,0.0752156000781399,0.0752156000781399
hoekvanholla-hvh-nl,Hoek v.H.,4-neighbour,2.0,54,1,0.0024390838800946364,1.0,1.0,1,0.0250718666927133,0.0250718666927133,0.0250718666927133
hoekvanholla-hvh-nl,Hoek v.H.,4-neighbour,2.0,56,1,0.0024390838800946364,124.0,124.0,124,3.1089114698964493,3.1089114698964493,3.1089114698964493
hoekvanholla-hvh-nl,Hoek v.H.,4-neighbour,2.0,59,1,0.0024390838800946364,120.0,120.0,120,3.008624003125596,3.008624003125596,3.008624003125596
hoekvanholla-hvh-nl,Hoek v.H.,4-neighbour,2.0,60,1,0.0024390838800946364,1.0,1.0,1,0.0250718666927133,0.0250718666927133,0.0250718666927133
hoekvanholla-hvh-nl,Hoek v.H.,4-neighbour,2.0,67,1,0.0024390838800946364,115.0,115.0,115,2.88326466966203,2.88326466966203,2.88326466966203
hoekvanholla-hvh-nl,Hoek v.H.,4-neighbour,2.0,70,1,0.0024390838800946364,75.0,75.0,75,1.8803900019534976,1.8803900019534976,1.8803900019534976
hoekvanholla-hvh-nl,Hoek v.H.,4-neighbour,2.0,72,1,0.0024390838800946364,159.0,159.0,159,3.986426804141415,3.986426804141415,3.986426804141415
hoekvanholla-hvh-nl,Hoek v.H.,4-neighbour,2.0,73,1,0.0024390838800946364,111.0,111.0,111,2.7829772028911766,2.7829772028911766,2.7829772028911766
hoekvanholla-hvh-nl,Hoek v.H.,4-neighbour,2.0,75,1,0.0024390838800946364,79.0,79.0,79,1.980677468724351,1.980677468724351,1.980677468724351
hoekvanholla-hvh-nl,Hoek v.H.,4-neighbour,2.0,76,1,0.0024390838800946364,166.0,166.0,166,4.1619298709904085,4.1619298709904085,4.1619298709904085
hoekvanholla-hvh-nl,Hoek v.H.,4-neighbour,2.0,79,1,0.0024390838800946364,4.0,4.0,4,0.1002874667708532,0.1002874667708532,0.1002874667708532
hoekvanholla-hvh-nl,Hoek v.H.,4-neighbour,2.0,82,1,0.0024390838800946364,154.0,154.0,154,3.8610674706778485,3.8610674706778485,3.8610674706778485
hoekvanholla-hvh-nl,Hoek v.H.,4-neighbour,2.0,84,1,0.0024390838800946364,55.0,55.0,55,1.3789526680992317,1.3789526680992317,1.3789526680992317
hoekvanholla-hvh-nl,Hoek v.H.,4-neighbour,2.0,86,1,0.0024390838800946364,150.0,150.0,150,3.760780003906995,3.760780003906995,3.760780003906995
hoekvanholla-hvh-nl,Hoek v.H.,4-neighbour,2.0,87,1,0.0024390838800946364,102.0,102.0,102,2.5573304026567567,2.5573304026567567,2.5573304026567567
hoekvanholla-hvh-nl,Hoek v.H.,4-neighbour,2.0,90,1,0.0024390838800946364,172.0,172.0,172,4.312361071146688,4.312361071146688,4.312361071146688
hoekvanholla-hvh-nl,Hoek v.H.,4-neighbour,2.0,94,1,0.0024390838800946364,50.0,50.0,50,1.2535933346356651,1.2535933346356651,1.2535933346356651
hoekvanholla-hvh-nl,Hoek v.H.,4-neighbour,2.0,95,1,0.0024390838800946364,98.0,98.0,98,2.4570429358859034,2.4570429358859034,2.4570429358859034
hoekvanholla-hvh-nl,Hoek v.H.,4-neighbour,2.0,97,1,0.0024390838800946364,145.0,145.0,145,3.6354206704434286,3.6354206704434286,3.6354206704434286
hoekvanholla-hvh-nl,Hoek v.H.,4-neighbour,2.0,98,1,0.0024390838800946364,102.0,102.0,102,2.5573304026567567,2.5573304026567567,2.5573304026567567
hoekvanholla-hvh-nl,Hoek v.H.,4-neighbour,2.0,99,1,0.0024390838800946364,177.0,177.0,177,4.437720404610254,4.437720404610254,4.437720404610254
hoekvanholla-hvh-nl,Hoek v.H.,4-neighbour,2.0,100,1,0.0024390838800946364,141.0,141.0,141,3.5351332036725753,3.5351332036725753,3.5351332036725753
hoekvanholla-hvh-nl,Hoek v.H.,4-neighbour,2.0,104,1,0.0024390838800946364,46.0,46.0,46,1.1533058678648118,1.1533058678648118,1.1533058678648118
hoekvanholla-hvh-nl,Hoek v.H.,4-neighbour,2.0,105,1,0.0024390838800946364,180.0,180.0,180,4.512936004688394,4.512936004688394,4.512936004688394
hoekvanholla-hvh-nl,Hoek v.H.,4-neighbour,2.0,109,1,0.0024390838800946364,175.0,175.0,175,4.387576671224828,4.387576671224828,4.387576671224828
hoekvanholla-hvh-nl,Hoek v.H.,4-neighbour,2.0,110,1,0.0024390838800946364,127.0,127.0,127,3.1841270699745894,3.1841270699745894,3.1841270699745894
hoekvanholla-hvh-nl,Hoek v.H.,4-neighbour,2.0,113,1,0.0024390838800946364,122.0,122.0,122,3.058767736511023,3.058767736511023,3.058767736511023
hoekvanholla-hvh-nl,Hoek v.H.,4-neighbour,2.0,114,1,0.0024390838800946364,71.0,71.0,71,1.7801025351826445,1.7801025351826445,1.7801025351826445
hoekvanholla-hvh-nl,Hoek v.H.,4-neighbour,2.0,116,1,0.0024390838800946364,67.0,67.0,67,1.6798150684117912,1.6798150684117912,1.6798150684117912
hoekvanholla-hvh-nl,Hoek v.H.,4-neighbour,2.0,120,1,0.0024390838800946364,113.0,113.0,113,2.833120936276603,2.833120936276603,2.833120936276603
hoekvanholla-hvh-nl,Hoek v.H.,4-neighbour,2.0,121,1,0.0024390838800946364,62.0,62.0,62,1.5544557349482246,1.5544557349482246,1.5544557349482246
hoekvanholla-hvh-nl,Hoek v.H.,4-neighbour,2.0,123,1,0.0024390838800946364,160.0,160.0,160,4.011498670834128,4.011498670834128,4.011498670834128
hoekvanholla-hvh-nl,Hoek v.H.,4-neighbour,2.0,128,1,0.0024390838800946364,104.0,104.0,104,2.6074741360421836,2.6074741360421836,2.6074741360421836
hoekvanholla-hvh-nl,Hoek v.H.,4-neighbour,2.0,129,1,0.0024390838800946364,53.0,53.0,53,1.328808934713805,1.328808934713805,1.328808934713805
hoekvanholla-hvh-nl,Hoek v.H.,4-neighbour,2.0,130,1,0.0024390838800946364,49.0,49.0,49,1.2285214679429517,1.2285214679429517,1.2285214679429517
hoekvanholla-hvh-nl,Hoek v.H.,4-neighbour,2.0,133,1,0.0024390838800946364,163.0,163.0,163,4.086714270912268,4.086714270912268,4.086714270912268
hoekvanholla-hvh-nl,Hoek v.H.,4-neighbour,2.0,134,1,0.0024390838800946364,146.0,146.0,146,3.660492537136142,3.660492537136142,3.660492537136142
hoekvanholla-hvh-nl,Hoek v.H.,4-neighbour,2.0,135,1,0.0024390838800946364,95.0,95.0,95,2.3818273358077637,2.3818273358077637,2.3818273358077637
hoekvanholla-hvh-nl,Hoek v.H.,4-neighbour,2.0,136,1,0.0024390838800946364,44.0,44.0,44,1.1031621344793852,1.1031621344793852,1.1031621344793852
hoekvanholla-hvh-nl,Hoek v.H.,4-neighbour,2.0,141,1,0.0024390838800946364,40.0,40.0,40,1.002874667708532,1.002874667708532,1.002874667708532
hoekvanholla-hvh-nl,Hoek v.H.,4-neighbour,2.0,142,1,0.0024390838800946364,44.0,44.0,44,1.1031621344793852,1.1031621344793852,1.1031621344793852
hoekvanholla-hvh-nl,Hoek v.H.,4-neighbour,2.0,143,1,0.0024390838800946364,178.0,178.0,178,4.462792271302968,4.462792271302968,4.462792271302968
hoekvanholla-hvh-nl,Hoek v.H.,4-neighbour,2.0,144,1,0.0024390838800946364,137.0,137.0,137,3.4348457369017225,3.4348457369017225,3.4348457369017225
hoekvanholla-hvh-nl,Hoek v.H.,4-neighbour,2.0,146,1,0.0024390838800946364,35.0,35.0,35,0.8775153342449655,0.8775153342449655,0.8775153342449655
hoekvanholla-hvh-nl,Hoek v.H.,4-neighbour,2.0,150,1,0.0024390838800946364,81.0,81.0,81,2.0308212021097773,2.0308212021097773,2.0308212021097773
hoekvanholla-hvh-nl,Hoek v.H.,4-neighbour,2.0,152,1,0.0024390838800946364,128.0,128.0,128,3.2091989366673026,3.2091989366673026,3.2091989366673026
hoekvanholla-hvh-nl,Hoek v.H.,4-neighbour,2.0,157,1,0.0024390838800946364,190.0,190.0,190,4.7636546716155275,4.7636546716155275,4.7636546716155275
hoekvanholla-hvh-nl,Hoek v.H.,4-neighbour,2.0,159,1,0.0024390838800946364,72.0,72.0,72,1.8051744018753577,1.8051744018753577,1.8051744018753577
hoekvanholla-hvh-nl,Hoek v.H.,4-neighbour,2.0,160,1,0.0024390838800946364,21.0,21.0,21,0.5265092005469794,0.5265092005469794,0.5265092005469794
hoekvanholla-hvh-nl,Hoek v.H.,4-neighbour,2.0,166,1,0.0024390838800946364,175.0,175.0,175,4.387576671224828,4.387576671224828,4.387576671224828
hoekvanholla-hvh-nl,Hoek v.H.,4-neighbour,2.0,170,1,0.0024390838800946364,171.0,171.0,171,4.287289204453975,4.287289204453975,4.287289204453975
hoekvanholla-hvh-nl,Hoek v.H.,4-neighbour,2.0,171,1,0.0024390838800946364,114.0,114.0,114,2.858192802969316,2.858192802969316,2.858192802969316
hoekvanholla-hvh-nl,Hoek v.H.,4-neighbour,2.0,173,1,0.0024390838800946364,63.0,63.0,63,1.579527601640938,1.579527601640938,1.579527601640938
hoekvanholla-hvh-nl,Hoek v.H.,4-neighbour,2.0,178,1,0.0024390838800946364,188.0,188.0,188,4.713510938230101,4.713510938230101,4.713510938230101
hoekvanholla-hvh-nl,Hoek v.H.,4-neighbour,2.0,182,1,0.0024390838800946364,7.0,7.0,7,0.1755030668489931,0.1755030668489931,0.1755030668489931
hoekvanholla-hvh-nl,Hoek v.H.,4-neighbour,2.0,186,1,0.0024390838800946364,1.0,1.0,1,0.0250718666927133,0.0250718666927133,0.0250718666927133
hoekvanholla-hvh-nl,Hoek v.H.,4-neighbour,2.0,188,1,0.0024390838800946364,163.0,163.0,163,4.086714270912268,4.086714270912268,4.086714270912268
hoekvanholla-hvh-nl,Hoek v.H.,4-neighbour,2.0,190,1,0.0024390838800946364,46.0,46.0,46,1.1533058678648118,1.1533058678648118,1.1533058678648118
hoekvanholla-hvh-nl,Hoek v.H.,4-neighbour,2.0,195,1,0.0024390838800946364,31.0,31.0,31,0.7772278674741123,0.7772278674741123,0.7772278674741123
hoekvanholla-hvh-nl,Hoek v.H.,4-neighbour,2.0,196,1,0.0024390838800946364,40.0,40.0,40,1.002874667708532,1.002874667708532,1.002874667708532
hoekvanholla-hvh-nl,Hoek v.H.,4-neighbour,2.0,211,1,0.0024390838800946364,102.0,102.0,102,2.5573304026567567,2.5573304026567567,2.5573304026567567
hoekvanholla-hvh-nl,Hoek v.H.,4-neighbour,2.0,212,1,0.0024390838800946364,57.0,57.0,57,1.429096401484658,1.429096401484658,1.429096401484658
hoekvanholla-hvh-nl,Hoek v.H.,4-neighbour,2.0,213,1,0.0024390838800946364,29.0,29.0,29,0.7270841340886858,0.7270841340886858,0.7270841340886858
hoekvanholla-hvh-nl,Hoek v.H.,4-neighbour,2.0,214,1,0.0024390838800946364,147.0,147.0,147,3.6855644038288555,3.6855644038288555,3.6855644038288555
hoekvanholla-hvh-nl,Hoek v.H.,4-neighbour,2.0,224,1,0.0024390838800946364,35.0,35.0,35,0.8775153342449655,0.8775153342449655,0.8775153342449655
hoekvanholla-hvh-nl,Hoek v.H.,4-neighbour,2.0,227,1,0.0024390838800946364,13.0,13.0,13,0.32593426700527295,0.32593426700527295,0.32593426700527295
hoekvanholla-hvh-nl,Hoek v.H.,4-neighbour,2.0,229,1,0.0024390838800946364,134.0,134.0,134,3.3596301368235824,3.3596301368235824,3.3596301368235824
hoekvanholla-hvh-nl,Hoek v.H.,4-neighbour,2.0,230,1,0.0024390838800946364,11.0,11.0,11,0.2757905336198463,0.2757905336198463,0.2757905336198463
hoekvanholla-hvh-nl,Hoek v.H.,4-neighbour,2.0,235,1,0.0024390838800946364,21.0,21.0,21,0.5265092005469794,0.5265092005469794,0.5265092005469794
hoekvanholla-hvh-nl,Hoek v.H.,4-neighbour,2.0,236,1,0.0024390838800946364,28.0,28.0,28,0.7020122673959724,0.7020122673959724,0.7020122673959724
hoekvanholla-hvh-nl,Hoek v.H.,4-neighbour,2.0,241,1,0.0024390838800946364,6.0,6.0,6,0.1504312001562798,0.1504312001562798,0.1504312001562798
hoekvanholla-hvh-nl,Hoek v.H.,4-neighbour,2.0,243,1,0.0024390838800946364,2.0,2.0,2,0.0501437333854266,0.0501437333854266,0.0501437333854266
hoekvanholla-hvh-nl,Hoek v.H.,4-neighbour,2.0,246,1,0.0024390838800946364,105.0,105.0,105,2.632546002734897,2.632546002734897,2.632546002734897
hoekvanholla-hvh-nl,Hoek v.H.,4-neighbour,2.0,247,1,0.0024390838800946364,179.0,179.0,179,4.487864137995681,4.487864137995681,4.487864137995681
hoekvanholla-hvh-nl,Hoek v.H.,4-neighbour,2.0,249,1,0.0024390838800946364,31.0,31.0,31,0.7772278674741123,0.7772278674741123,0.7772278674741123
hoekvanholla-hvh-nl,Hoek v.H.,4-neighbour,2.0,251,1,0.0024390838800946364,28.0,28.0,28,0.7020122673959724,0.7020122673959724,0.7020122673959724
hoekvanholla-hvh-nl,Hoek v.H.,4-neighbour,2.0,256,1,0.0024390838800946364,55.0,55.0,55,1.3789526680992317,1.3789526680992317,1.3789526680992317
hoekvanholla-hvh-nl,Hoek v.H.,4-neighbour,2.0,259,1,0.0024390838800946364,52.0,52.0,52,1.3037370680210918,1.3037370680210918,1.3037370680210918
hoekvanholla-hvh-nl,Hoek v.H.,4-neighbour,2.0,262,1,0.0024390838800946364,16.0,16.0,16,0.4011498670834128,0.4011498670834128,0.4011498670834128
hoekvanholla-hvh-nl,Hoek v.H.,4-neighbour,2.0,266,1,0.0024390838800946364,7.0,7.0,7,0.1755030668489931,0.1755030668489931,0.1755030668489931
hoekvanholla-hvh-nl,Hoek v.H.,4-neighbour,2.0,273,1,0.0024390838800946364,58.0,58.0,58,1.4541682681773715,1.4541682681773715,1.4541682681773715
hoekvanholla-hvh-nl,Hoek v.H.,4-neighbour,2.0,274,1,0.0024390838800946364,4.0,4.0,4,0.1002874667708532,0.1002874667708532,0.1002874667708532
hoekvanholla-hvh-nl,Hoek v.H.,4-neighbour,2.0,278,1,0.0024390838800946364,57.0,57.0,57,1.429096401484658,1.429096401484658,1.429096401484658
hoekvanholla-hvh-nl,Hoek v.H.,4-neighbour,2.0,282,1,0.0024390838800946364,85.0,85.0,85,2.1311086688806307,2.1311086688806307,2.1311086688806307
hoekvanholla-hvh-nl,Hoek v.H.,4-neighbour,2.0,283,1,0.0024390838800946364,70.0,70.0,70,1.755030668489931,1.755030668489931,1.755030668489931
hoekvanholla-hvh-nl,Hoek v.H.,4-neighbour,2.0,286,1,0.0024390838800946364,13.0,13.0,13,0.32593426700527295,0.32593426700527295,0.32593426700527295
hoekvanholla-hvh-nl,Hoek v.H.,4-neighbour,2.0,288,1,0.0024390838800946364,16.0,16.0,16,0.4011498670834128,0.4011498670834128,0.4011498670834128
hoekvanholla-hvh-nl,Hoek v.H.,4-neighbour,2.0,294,1,0.0024390838800946364,43.0,43.0,43,1.078090267786672,1.078090267786672,1.078090267786672
hoekvanholla-hvh-nl,Hoek v.H.,4-neighbour,2.0,298,1,0.0024390838800946364,32.0,32.0,32,0.8022997341668257,0.8022997341668257,0.8022997341668257
hoekvanholla-hvh-nl,Hoek v.H.,4-neighbour,2.0,303,1,0.0024390838800946364,21.0,21.0,21,0.5265092005469794,0.5265092005469794,0.5265092005469794
hoekvanholla-hvh-nl,Hoek v.H.,4-neighbour,2.0,304,1,0.0024390838800946364,1.0,1.0,1,0.0250718666927133,0.0250718666927133,0.0250718666927133
hoekvanholla-hvh-nl,Hoek v.H.,4-neighbour,2.0,310,1,0.0024390838800946364,10.0,10.0,10,0.250718666927133,0.250718666927133,0.250718666927133
hoekvanholla-hvh-nl,Hoek v.H.,4-neighbour,2.0,316,1,0.0024390838800946364,29.0,29.0,29,0.7270841340886858,0.7270841340886858,0.7270841340886858
hoekvanholla-hvh-nl,Hoek v.H.,4-neighbour,2.0,322,1,0.0024390838800946364,3.0,3.0,3,0.0752156000781399,0.0752156000781399,0.0752156000781399
hoekvanholla-hvh-nl,Hoek v.H.,4-neighbour,2.0,324,1,0.0024390838800946364,6.0,6.0,6,0.1504312001562798,0.1504312001562798,0.1504312001562798
hoekvanholla-hvh-nl,Hoek v.H.,4-neighbour,2.0,330,1,0.0024390838800946364,1.0,1.0,1,0.0250718666927133,0.0250718666927133,0.0250718666927133
newlyn-p001-uk,Newlyn,8-neighbour,2.0,12,32,1.342281879194631,70.59375,74.0,74,2.15088783335548,2.2546712657750234,2.2546712657750234
newlyn-p001-uk,Newlyn,8-neighbour,2.0,40,17,0.7130872483221476,69.76470588235294,72.0,72,2.125628077272796,2.1937342045378605,2.1937342045378605
newlyn-p001-uk,Newlyn,8-neighbour,2.0,39,14,0.587248322147651,74.64285714285714,77.0,77,2.27425817831554,2.3460768576307673,2.3460768576307673
newlyn-p001-uk,Newlyn,8-neighbour,2.0,38,12,0.5033557046979866,79.25,80.0,80,2.4146310515225755,2.4374824494865117,2.4374824494865117
newlyn-p001-uk,Newlyn,8-neighbour,2.0,21,6,0.2516778523489933,104.5,106.75,107,3.183961449641756,3.252515643533564,3.2601327761882093
newlyn-p001-uk,Newlyn,8-neighbour,2.0,35,6,0.2516778523489933,74.66666666666667,75.0,75,2.2749836195207442,2.2851397963936044,2.2851397963936044
newlyn-p001-uk,Newlyn,8-neighbour,2.0,3,5,0.20973154362416108,18.0,19.8,20,0.5484335511344651,0.6032769062479116,0.6093706123716279
newlyn-p001-uk,Newlyn,8-neighbour,2.0,6,5,0.20973154362416108,51.0,52.8,53,1.5538950615476512,1.6087384166610976,1.614832122784814
newlyn-p001-uk,Newlyn,8-neighbour,2.0,26,5,0.20973154362416108,109.8,111.0,111,3.345444661920237,3.3820068986625347,3.3820068986625347
newlyn-p001-uk,Newlyn,8-neighbour,2.0,29,5,0.20973154362416108,99.0,99.0,99,3.016384531239558,3.016384531239558,3.016384531239558
newlyn-p001-uk,Newlyn,8-neighbour,2.0,42,5,0.20973154362416108,65.0,66.8,67,1.9804544902077907,2.035297845321237,2.0413915514449537
newlyn-p001-uk,Newlyn,8-neighbour,2.0,49,5,0.20973154362416108,28.0,29.8,30,0.853118857320279,0.9079622124337255,0.9140559185574418
newlyn-p001-uk,Newlyn,8-neighbour,2.0,55,5,0.20973154362416108,1.8,2.8,3,0.05484335511344651,0.0853118857320279,0.09140559185574418
newlyn-p001-uk,Newlyn,8-neighbour,2.0,14,3,0.12583892617449666,66.66666666666667,67.0,67,2.031235374572093,2.0413915514449537,2.0413915514449537
newlyn-p001-uk,Newlyn,8-neighbour,2.0,16,3,0.12583892617449666,69.33333333333333,69.9,70,2.1124847895549768,2.1297502902388397,2.1327971433006976
newlyn-p001-uk,Newlyn,8-neighbour,2.0,27,3,0.12583892617449666,105.33333333333333,105.9,106,3.209351891823907,3.22661739250777,3.229664245569628
newlyn-p001-uk,Newlyn,8-neighbour,2.0,34,3,0.12583892617449666,81.0,81.9,82,2.467950980105093,2.4953726576618163,2.498419510723674
newlyn-p001-uk,Newlyn,8-neighbour,2.0,50,3,0.12583892617449666,22.333333333333332,22.9,23,0.6804638504816511,0.6977293511655139,0.7007762042273721
newlyn-p001-uk,Newlyn,8-neighbour,2.0,52,3,0.12583892617449666,14.0,14.9,15,0.4265594286601395,0.4539811062168628,0.4570279592787209
newlyn-p001-uk,Newlyn,8-neighbour,2.0,54,3,0.12583892617449666,7.0,7.9,8,0.21327971433006976,0.24070139188679304,0.24374824494865116
newlyn-p001-uk,Newlyn,8-neighbour,2.0,56,3,0.12583892617449666,1.3333333333333333,1.9,2,0.040624707491441855,0.05789020817530465,0.06093706123716279
newlyn-p001-uk,Newlyn,8-neighbour,2.0,1,2,0.08389261744966443,1.0,1.0,1,0.030468530618581395,0.030468530618581395,0.030468530618581395
newlyn-p001-uk,Newlyn,8-neighbour,2.0,2,2,0.08389261744966443,5.5,5.95,6,0.16757691840219768,0.1812877571805593,0.18281118371148836
newlyn-p001-uk,Newlyn,8-neighbour,2.0,4,2,0.08389261744966443,38.5,38.95,39,1.1730384288153837,1.1867492675937454,1.1882726941246744
newlyn-p001-uk,Newlyn,8-neighbour,2.0,5,2,0.08389261744966443,44.5,44.95,45,1.355849612526872,1.3695604513052337,1.3710838778361627
newlyn-p001-uk,Newlyn,8-neighbour,2.0,20,2,0.08389261744966443,98.5,98.95,99,3.0011502659302676,3.014861104708629,3.016384531239558
newlyn-p001-uk,Newlyn,8-neighbour,2.0,22,2,0.08389261744966443,109.0,109.0,109,3.321069837425372,3.321069837425372,3.321069837425372
newlyn-p001-uk,Newlyn,8-neighbour,2.0,30,2,0.08389261744966443,96.5,96.95,97,2.9402132046931047,2.953924043471466,2.955447470002395
newlyn-p001-uk,Newlyn,8-neighbour,2.0,31,2,0.08389261744966443,90.5,90.95,91,2.7574020209816164,2.771112859759978,2.772636286290907
newlyn-p001-uk,Newlyn,8-neighbour,2.0,32,2,0.08389261744966443,87.0,87.0,87,2.6507621638165815,2.6507621638165815,2.6507621638165815
newlyn-p001-uk,Newlyn,8-neighbour,2.0,44,2,0.08389261744966443,52.5,52.95,53,1.5995978574755232,1.613308696253885,1.614832122784814
newlyn-p001-uk,Newlyn,8-neighbour,2.0,45,2,0.08389261744966443,46.5,46.95,47,1.4167866737640349,1.4304975125423967,1.4320209390733256
newlyn-p001-uk,Newlyn,8-neighbour,2.0,47,2,0.08389261744966443,37.5,37.95,38,1.1425698981968022,1.156280736975164,1.157804163506093
newlyn-p001-uk,Newlyn,8-neighbour,2.0,51,2,0.08389261744966443,18.5,18.95,19,0.5636678164437559,0.5773786552221174,0.5789020817530465
newlyn-p001-uk,Newlyn,8-neighbour,2.0,53,2,0.08389261744966443,10.5,10.95,11,0.31991957149510464,0.33363041027346624,0.33515383680439537
newlyn-p001-uk,Newlyn,8-neighbour,2.0,7,1,0.04194630872483222,56.0,56.0,56,1.706237714640558,1.706237714640558,1.706237714640558
newlyn-p001-uk,Newlyn,8-neighbour,2.0,8,1,0.04194630872483222,58.0,58.0,58,1.767174775877721,1.767174775877721,1.767174775877721
newlyn-p001-uk,Newlyn,8-neighbour,2.0,9,1,0.04194630872483222,60.0,60.0,60,1.8281118371148837,1.8281118371148837,1.8281118371148837
newlyn-p001-uk,Newlyn,8-neighbour,2.0,10,1,0.04194630872483222,62.0,62.0,62,1.8890488983520466,1.8890488983520466,1.8890488983520466
newlyn-p001-uk,Newlyn,8-neighbour,2.0,11,1,0.04194630872483222,68.0,68.0,68,2.0718600820635347,2.0718600820635347,2.0718600820635347
newlyn-p001-uk,Newlyn,8-neighbour,2.0,13,1,0.04194630872483222,72.0,72.0,72,2.1937342045378605,2.1937342045378605,2.1937342045378605
newlyn-p001-uk,Newlyn,8-neighbour,2.0,15,1,0.04194630872483222,67.0,67.0,67,2.0413915514449537,2.0413915514449537,2.0413915514449537
newlyn-p001-uk,Newlyn,8-neighbour,2.0,17,1,0.04194630872483222,81.0,81.0,81,2.467950980105093,2.467950980105093,2.467950980105093
newlyn-p001-uk,Newlyn,8-neighbour,2.0,18,1,0.04194630872483222,83.0,83.0,83,2.5288880413422556,2.5288880413422556,2.5288880413422556
newlyn-p001-uk,Newlyn,8-neighbour,2.0,19,1,0.04194630872483222,95.0,95.0,95,2.8945104087652327,2.8945104087652327,2.8945104087652327
newlyn-p001-uk,Newlyn,8-neighbour,2.0,23,1,0.04194630872483222,110.0,110.0,110,3.3515383680439537,3.3515383680439537,3.3515383680439537
newlyn-p001-uk,Newlyn,8-neighbour,2.0,24,1,0.04194630872483222,111.0,111.0,111,3.3820068986625347,3.3820068986625347,3.3820068986625347
newlyn-p001-uk,Newlyn,8-neighbour,2.0,25,1,0.04194630872483222,112.0,112.0,112,3.412475429281116,3.412475429281116,3.412475429281116
newlyn-p001-uk,Newlyn,8-neighbour,2.0,28,1,0.04194630872483222,104.0,104.0,104,3.168727184332465,3.168727184332465,3.168727184332465
newlyn-p001-uk,Newlyn,8-neighbour,2.0,33,1,0.04194630872483222,87.0,87.0,87,2.6507621638165815,2.6507621638165815,2.6507621638165815
newlyn-p001-uk,Newlyn,8-neighbour,2.0,36,1,0.04194630872483222,77.0,77.0,77,2.3460768576307673,2.3460768576307673,2.3460768576307673
newlyn-p001-uk,Newlyn,8-neighbour,2.0,37,1,0.04194630872483222,78.0,78.0,78,2.376545388249349,2.376545388249349,2.376545388249349
newlyn-p001-uk,Newlyn,8-neighbour,2.0,41,1,0.04194630872483222,69.0,69.0,69,2.102328612682116,2.102328612682116,2.102328612682116
newlyn-p001-uk,Newlyn,8-neighbour,2.0,43,1,0.04194630872483222,59.0,59.0,59,1.7976433064963022,1.7976433064963022,1.7976433064963022
newlyn-p001-uk,Newlyn,8-neighbour,2.0,46,1,0.04194630872483222,40.0,40.0,40,1.2187412247432559,1.2187412247432559,1.2187412247432559
newlyn-p001-uk,Newlyn,8-neighbour,2.0,48,1,0.04194630872483222,33.0,33.0,33,1.005461510413186,1.005461510413186,1.005461510413186
newlyn-p001-uk,Newlyn,8-neighbour,2.0,57,1,0.04194630872483222,1.0,1.0,1,0.030468530618581395,0.030468530618581395,0.030468530618581395
newlyn-p001-uk,Newlyn,4-neighbour,2.0,12,32,1.342281879194631,70.59375,74.0,74,2.15088783335548,2.2546712657750234,2.2546712657750234
newlyn-p001-uk,Newlyn,4-neighbour,2.0,55,17,0.7130872483221476,70.17647058823529,73.0,73,2.1381739428216235,2.224202735156442,2.224202735156442
newlyn-p001-uk,Newlyn,4-neighbour,2.0,53,14,0.587248322147651,75.57142857142857,78.0,78,2.3025503853185083,2.376545388249349,2.376545388249349
newlyn-p001-uk,Newlyn,4-neighbour,2.0,51,8,0.33557046979865773,79.75,80.0,80,2.4298653168318665,2.4374824494865117,2.4374824494865117
newlyn-p001-uk,Newlyn,4-neighbour,2.0,3,5,0.20973154362416108,18.0,19.8,20,0.5484335511344651,0.6032769062479116,0.6093706123716279
newlyn-p001-uk,Newlyn,4-neighbour,2.0,6,5,0.20973154362416108,51.0,52.8,53,1.5538950615476512,1.6087384166610976,1.614832122784814
newlyn-p001-uk,Newlyn,4-neighbour,2.0,36,5,0.20973154362416108,99.0,99.0,99,3.016384531239558,3.016384531239558,3.016384531239558
newlyn-p001-uk,Newlyn,4-neighbour,2.0,47,5,0.20973154362416108,74.6,75.0,75,2.272952384146172,2.2851397963936044,2.2851397963936044
newlyn-p001-uk,Newlyn,4-neighbour,2.0,57,5,0.20973154362416108,66.0,67.8,68,2.010923020826372,2.0657663759398184,2.0718600820635347
newlyn-p001-uk,Newlyn,4-neighbour,2.0,79,5,0.20973154362416108,2.4,3.8,4,0.07312447348459535,0.1157804163506093,0.12187412247432558
newlyn-p001-uk,Newlyn,4-neighbour,2.0,14,3,0.12583892617449666,67.33333333333333,67.9,68,2.051547728317814,2.0688132290016767,2.0718600820635347
newlyn-p001-uk,Newlyn,4-neighbour,2.0,16,3,0.12583892617449666,69.33333333333333,69.9,70,2.1124847895549768,2.1297502902388397,2.1327971433006976
newlyn-p001-uk,Newlyn,4-neighbour,2.0,32,3,0.12583892617449666,111.33333333333333,111.9,112,3.3921630755353953,3.409428576219258,3.412475429281116
newlyn-p001-uk,Newlyn,4-neighbour,2.0,34,3,0.12583892617449666,105.33333333333333,105.9,106,3.209351891823907,3.22661739250777,3.229664245569628
newlyn-p001-uk,Newlyn,4-neighbour,2.0,74,3,0.12583892617449666,14.0,14.9,15,0.4265594286601395,0.4539811062168628,0.4570279592787209
newlyn-p001-uk,Newlyn,4-neighbour,2.0,1,2,0.08389261744966443,1.5,1.95,2,0.04570279592787209,0.05941363470623372,0.06093706123716279
newlyn-p001-uk,Newlyn,4-neighbour,2.0,2,2,0.08389261744966443,5.5,5.95,6,0.16757691840219768,0.1812877571805593,0.18281118371148836
newlyn-p001-uk,Newlyn,4-neighbour,2.0,4,2,0.08389261744966443,38.5,38.95,39,1.1730384288153837,1.1867492675937454,1.1882726941246744
newlyn-p001-uk,Newlyn,4-neighbour,2.0,5,2,0.08389261744966443,44.5,44.95,45,1.355849612526872,1.3695604513052337,1.3710838778361627
newlyn-p001-uk,Newlyn,4-neighbour,2.0,28,2,0.08389261744966443,109.0,109.0,109,3.321069837425372,3.321069837425372,3.321069837425372
newlyn-p001-uk,Newlyn,4-neighbour,2.0,33,2,0.08389261744966443,108.5,108.95,109,3.3058355721160813,3.3195464108944432,3.321069837425372
newlyn-p001-uk,Newlyn,4-neighbour,2.0,41,2,0.08389261744966443,87.0,87.0,87,2.6507621638165815,2.6507621638165815,2.6507621638165815
newlyn-p001-uk,Newlyn,4-neighbour,2.0,50,2,0.08389261744966443,79.0,79.0,79,2.4070139188679303,2.4070139188679303,2.4070139188679303
newlyn-p001-uk,Newlyn,4-neighbour,2.0,59,2,0.08389261744966443,53.5,53.95,54,1.6300663880941046,1.6437772268724664,1.6453006534033954
newlyn-p001-uk,Newlyn,4-neighbour,2.0,63,2,0.08389261744966443,38.5,38.95,39,1.1730384288153837,1.1867492675937454,1.1882726941246744
newlyn-p001-uk,Newlyn,4-neighbour,2.0,71,2,0.08389261744966443,22.0,22.0,22,0.6703076736087907,0.6703076736087907,0.6703076736087907
newlyn-p001-uk,Newlyn,4-neighbour,2.0,75,2,0.08389261744966443,10.5,10.95,11,0.31991957149510464,0.33363041027346624,0.33515383680439537
newlyn-p001-uk,Newlyn,4-neighbour,2.0,81,2,0.08389261744966443,1.5,1.95,2,0.04570279592787209,0.05941363470623372,0.06093706123716279
newlyn-p001-uk,Newlyn,4-neighbour,2.0,7,1,0.04194630872483222,56.0,56.0,56,1.706237714640558,1.706237714640558,1.706237714640558
newlyn-p001-uk,Newlyn,4-neighbour,2.0,8,1,0.04194630872483222,58.0,58.0,58,1.767174775877721,1.767174775877721,1.767174775877721
newlyn-p001-uk,Newlyn,4-neighbour,2.0,9,1,0.04194630872483222,60.0,60.0,60,1.8281118371148837,1.8281118371148837,1.8281118371148837
newlyn-p001-uk,Newlyn,4-neighbour,2.0,10,1,0.04194630872483222,62.0,62.0,62,1.8890488983520466,1.8890488983520466,1.8890488983520466
newlyn-p001-uk,Newlyn,4-neighbour,2.0,11,1,0.04194630872483222,68.0,68.0,68,2.0718600820635347,2.0718600820635347,2.0718600820635347
newlyn-p001-uk,Newlyn,4-neighbour,2.0,13,1,0.04194630872483222,73.0,73.0,73,2.224202735156442,2.224202735156442,2.224202735156442
newlyn-p001-uk,Newlyn,4-neighbour,2.0,15,1,0.04194630872483222,70.0,70.0,70,2.1327971433006976,2.1327971433006976,2.1327971433006976
newlyn-p001-uk,Newlyn,4-neighbour,2.0,17,1,0.04194630872483222,81.0,81.0,81,2.467950980105093,2.467950980105093,2.467950980105093
newlyn-p001-uk,Newlyn,4-neighbour,2.0,18,1,0.04194630872483222,83.0,83.0,83,2.5288880413422556,2.5288880413422556,2.5288880413422556
newlyn-p001-uk,Newlyn,4-neighbour,2.0,19,1,0.04194630872483222,95.0,95.0,95,2.8945104087652327,2.8945104087652327,2.8945104087652327
newlyn-p001-uk,Newlyn,4-neighbour,2.0,20,1,0.04194630872483222,98.0,98.0,98,2.9859160006209766,2.9859160006209766,2.9859160006209766
newlyn-p001-uk,Newlyn,4-neighbour,2.0,21,1,0.04194630872483222,99.0,99.0,99,3.016384531239558,3.016384531239558,3.016384531239558
newlyn-p001-uk,Newlyn,4-neighbour,2.0,22,1,0.04194630872483222,102.0,102.0,102,3.1077901230953024,3.1077901230953024,3.1077901230953024
newlyn-p001-uk,Newlyn,4-neighbour,2.0,23,1,0.04194630872483222,103.0,103.0,103,3.138258653713884,3.138258653713884,3.138258653713884
newlyn-p001-uk,Newlyn,4-neighbour,2.0,24,1,0.04194630872483222,104.0,104.0,104,3.168727184332465,3.168727184332465,3.168727184332465
newlyn-p001-uk,Newlyn,4-neighbour,2.0,25,1,0.04194630872483222,105.0,105.0,105,3.1991957149510464,3.1991957149510464,3.1991957149510464
newlyn-p001-uk,Newlyn,4-neighbour,2.0,26,1,0.04194630872483222,106.0,106.0,106,3.229664245569628,3.229664245569628,3.229664245569628
newlyn-p001-uk,Newlyn,4-neighbour,2.0,27,1,0.04194630872483222,107.0,107.0,107,3.2601327761882093,3.2601327761882093,3.2601327761882093
newlyn-p001-uk,Newlyn,4-neighbour,2.0,29,1,0.04194630872483222,110.0,110.0,110,3.3515383680439537,3.3515383680439537,3.3515383680439537
newlyn-p001-uk,Newlyn,4-neighbour,2.0,30,1,0.04194630872483222,111.0,111.0,111,3.3820068986625347,3.3820068986625347,3.3820068986625347
newlyn-p001-uk,Newlyn,4-neighbour,2.0,31,1,0.04194630872483222,112.0,112.0,112,3.412475429281116,3.412475429281116,3.412475429281116
newlyn-p001-uk,Newlyn,4-neighbour,2.0,35,1,0.04194630872483222,106.0,106.0,106,3.229664245569628,3.229664245569628,3.229664245569628
newlyn-p001-uk,Newlyn,4-neighbour,2.0,37,1,0.04194630872483222,97.0,97.0,97,2.955447470002395,2.955447470002395,2.955447470002395
newlyn-p001-uk,Newlyn,4-neighbour,2.0,38,1,0.04194630872483222,96.0,96.0,96,2.9249789393838137,2.9249789393838137,2.9249789393838137
newlyn-p001-uk,Newlyn,4-neighbour,2.0,39,1,0.04194630872483222,91.0,91.0,91,2.772636286290907,2.772636286290907,2.772636286290907
newlyn-p001-uk,Newlyn,4-neighbour,2.0,40,1,0.04194630872483222,90.0,90.0,90,2.7421677556723254,2.7421677556723254,2.7421677556723254
newlyn-p001-uk,Newlyn,4-neighbour,2.0,42,1,0.04194630872483222,87.0,87.0,87,2.6507621638165815,2.6507621638165815,2.6507621638165815
newlyn-p001-uk,Newlyn,4-neighbour,2.0,43,1,0.04194630872483222,82.0,82.0,82,2.498419510723674,2.498419510723674,2.498419510723674
newlyn-p001-uk,Newlyn,4-neighbour,2.0,44,1,0.04194630872483222,81.0,81.0,81,2.467950980105093,2.467950980105093,2.467950980105093
newlyn-p001-uk,Newlyn,4-neighbour,2.0,45,1,0.04194630872483222,80.0,80.0,80,2.4374824494865117,2.4374824494865117,2.4374824494865117
newlyn-p001-uk,Newlyn,4-neighbour,2.0,46,1,0.04194630872483222,75.0,75.0,75,2.2851397963936044,2.2851397963936044,2.2851397963936044
newlyn-p001-uk,Newlyn,4-neighbour,2.0,48,1,0.04194630872483222,77.0,77.0,77,2.3460768576307673,2.3460768576307673,2.3460768576307673
newlyn-p001-uk,Newlyn,4-neighbour,2.0,49,1,0.04194630872483222,78.0,78.0,78,2.376545388249349,2.376545388249349,2.376545388249349
newlyn-p001-uk,Newlyn,4-neighbour,2.0,52,1,0.04194630872483222,78.0,78.0,78,2.376545388249349,2.376545388249349,2.376545388249349
newlyn-p001-uk,Newlyn,4-neighbour,2.0,54,1,0.04194630872483222,77.0,77.0,77,2.3460768576307673,2.3460768576307673,2.3460768576307673
newlyn-p001-uk,Newlyn,4-neighbour,2.0,56,1,0.04194630872483222,71.0,71.0,71,2.163265673919279,2.163265673919279,2.163265673919279
newlyn-p001-uk,Newlyn,4-neighbour,2.0,58,1,0.04194630872483222,59.0,59.0,59,1.7976433064963022,1.7976433064963022,1.7976433064963022
newlyn-p001-uk,Newlyn,4-neighbour,2.0,60,1,0.04194630872483222,47.0,47.0,47,1.4320209390733256,1.4320209390733256,1.4320209390733256
newlyn-p001-uk,Newlyn,4-neighbour,2.0,61,1,0.04194630872483222,46.0,46.0,46,1.4015524084547442,1.4015524084547442,1.4015524084547442
newlyn-p001-uk,Newlyn,4-neighbour,2.0,62,1,0.04194630872483222,40.0,40.0,40,1.2187412247432559,1.2187412247432559,1.2187412247432559
newlyn-p001-uk,Newlyn,4-neighbour,2.0,64,1,0.04194630872483222,33.0,33.0,33,1.005461510413186,1.005461510413186,1.005461510413186
newlyn-p001-uk,Newlyn,4-neighbour,2.0,65,1,0.04194630872483222,30.0,30.0,30,0.9140559185574418,0.9140559185574418,0.9140559185574418
newlyn-p001-uk,Newlyn,4-neighbour,2.0,66,1,0.04194630872483222,29.0,29.0,29,0.8835873879388605,0.8835873879388605,0.8835873879388605
newlyn-p001-uk,Newlyn,4-neighbour,2.0,67,1,0.04194630872483222,28.0,28.0,28,0.853118857320279,0.853118857320279,0.853118857320279
newlyn-p001-uk,Newlyn,4-neighbour,2.0,68,1,0.04194630872483222,27.0,27.0,27,0.8226503267016977,0.8226503267016977,0.8226503267016977
newlyn-p001-uk,Newlyn,4-neighbour,2.0,69,1,0.04194630872483222,26.0,26.0,26,0.7921817960831162,0.7921817960831162,0.7921817960831162
newlyn-p001-uk,Newlyn,4-neighbour,2.0,70,1,0.04194630872483222,23.0,23.0,23,0.7007762042273721,0.7007762042273721,0.7007762042273721
newlyn-p001-uk,Newlyn,4-neighbour,2.0,72,1,0.04194630872483222,19.0,19.0,19,0.5789020817530465,0.5789020817530465,0.5789020817530465
newlyn-p001-uk,Newlyn,4-neighbour,2.0,73,1,0.04194630872483222,18.0,18.0,18,0.5484335511344651,0.5484335511344651,0.5484335511344651
newlyn-p001-uk,Newlyn,4-neighbour,2.0,76,1,0.04194630872483222,8.0,8.0,8,0.24374824494865116,0.24374824494865116,0.24374824494865116
newlyn-p001-uk,Newlyn,4-neighbour,2.0,77,1,0.04194630872483222,7.0,7.0,7,0.21327971433006976,0.21327971433006976,0.21327971433006976
newlyn-p001-uk,Newlyn,4-neighbour,2.0,78,1,0.04194630872483222,6.0,6.0,6,0.18281118371148836,0.18281118371148836,0.18281118371148836
newlyn-p001-uk,Newlyn,4-neighbour,2.0,80,1,0.04194630872483222,1.0,1.0,1,0.030468530618581395,0.030468530618581395,0.030468530618581395
newlyn-p001-uk,Newlyn,4-neighbour,2.0,82,1,0.04194630872483222,1.0,1.0,1,0.030468530618581395,0.030468530618581395,0.030468530618581395
brest-france,Brest,8-neighbour,2.0,4,30,0.6397952655150352,186.83333333333334,192.0,193,4.823892459800816,4.957291805254719,4.983111033407087
brest-france,Brest,8-neighbour,2.0,7,23,0.49050970356152696,73.69565217391305,77.9,78,1.9027648573158398,2.0113178730694927,2.0138997958847296
brest-france,Brest,8-neighbour,2.0,53,22,0.4691831947110258,85.9090909090909,88.0,88,2.21810641854437,2.272092077408413,2.272092077408413
brest-france,Brest,8-neighbour,2.0,5,21,0.44785668586052463,157.9047619047619,161.0,161,4.076979073964446,4.1568957325313,4.1568957325313
brest-france,Brest,8-neighbour,2.0,58,20,0.42653017701002344,66.95,71.05,72,1.7285973248010595,1.8344561602257694,1.8589844269705194
brest-france,Brest,8-neighbour,2.0,52,9,0.19193857965451055,89.44444444444444,90.0,90,2.3093865180729445,2.3237305337131495,2.3237305337131495
brest-france,Brest,8-neighbour,2.0,55,9,0.19193857965451055,82.55555555555556,83.0,83,2.131520724134407,2.142995936646571,2.142995936646571
brest-france,Brest,8-neighbour,2.0,59,9,0.19193857965451055,79.44444444444444,80.0,80,2.0511942365492613,2.065538252189466,2.065538252189466
brest-france,Brest,8-neighbour,2.0,36,6,0.12795905310300704,104.5,106.75,107,2.69810934192249,2.756202605265319,2.762657412303411
brest-france,Brest,8-neighbour,2.0,2,4,0.0853060354020047,187.5,188.0,188,4.841105278569061,4.854014892645245,4.854014892645245
brest-france,Brest,8-neighbour,2.0,11,4,0.0853060354020047,49.0,49.85,50,1.265142179466048,1.2870885233955611,1.2909614076184164
brest-france,Brest,8-neighbour,2.0,30,4,0.0853060354020047,55.75,56.85,57,1.4394219694945343,1.4678231204621395,1.4716960046849945
brest-france,Brest,8-neighbour,2.0,46,4,0.0853060354020047,89.75,90.0,90,2.3172757266750574,2.3237305337131495,2.3237305337131495
brest-france,Brest,8-neighbour,2.0,51,4,0.0853060354020047,91.0,91.0,91,2.3495497618655174,2.3495497618655174,2.3495497618655174
brest-france,Brest,8-neighbour,2.0,57,4,0.0853060354020047,81.0,81.0,81,2.091357480341834,2.091357480341834,2.091357480341834
brest-france,Brest,8-neighbour,2.0,62,4,0.0853060354020047,75.0,75.0,75,1.9364421114276245,1.9364421114276245,1.9364421114276245
brest-france,Brest,8-neighbour,2.0,3,3,0.06397952655150352,195.66666666666666,196.0,196,5.051962308480069,5.060568717864192,5.060568717864192
brest-france,Brest,8-neighbour,2.0,6,3,0.06397952655150352,8.333333333333334,8.9,9,0.2151602346030694,0.2297911305560781,0.23237305337131492
brest-france,Brest,8-neighbour,2.0,9,3,0.06397952655150352,19.0,19.9,20,0.4905653348949982,0.5138026402321296,0.5163845630473665
brest-france,Brest,8-neighbour,2.0,22,3,0.06397952655150352,25.0,25.9,26,0.6454807038092082,0.6687180091463396,0.6712999319615764
brest-france,Brest,8-neighbour,2.0,28,3,0.06397952655150352,83.66666666666667,84.0,84,2.160208755414817,2.1688151647989393,2.1688151647989393
brest-france,Brest,8-neighbour,2.0,50,3,0.06397952655150352,93.33333333333333,93.9,94,2.409794627554377,2.424425523507386,2.4270074463226226
brest-france,Brest,8-neighbour,2.0,8,2,0.04265301770100235,50.5,50.95,51,1.3038710216946006,1.3154896743631663,1.3167806357707845
brest-france,Brest,8-neighbour,2.0,13,2,0.04265301770100235,68.5,68.95,69,1.7686171284372303,1.780235781105796,1.7815267425134145
brest-france,Brest,8-neighbour,2.0,15,2,0.04265301770100235,73.5,73.95,74,1.897713269199072,1.9093319218676377,1.910622883275256
brest-france,Brest,8-neighbour,2.0,21,2,0.04265301770100235,44.5,44.95,45,1.1489556527803906,1.1605743054489563,1.1618652668565748
brest-france,Brest,8-neighbour,2.0,23,2,0.04265301770100235,63.0,63.0,63,1.6266113735992045,1.6266113735992045,1.6266113735992045
brest-france,Brest,8-neighbour,2.0,35,2,0.04265301770100235,96.5,96.95,97,2.4915555167035435,2.5031741693721092,2.5044651307797277
brest-france,Brest,8-neighbour,2.0,39,2,0.04265301770100235,86.0,86.0,86,2.220453621103676,2.220453621103676,2.220453621103676
brest-france,Brest,8-neighbour,2.0,49,2,0.04265301770100235,92.0,92.0,92,2.375368990017886,2.375368990017886,2.375368990017886
brest-france,Brest,8-neighbour,2.0,61,2,0.04265301770100235,77.0,77.0,77,1.9880805677323612,1.9880805677323612,1.9880805677323612
brest-france,Brest,8-neighbour,2.0,64,2,0.04265301770100235,74.0,74.0,74,1.910622883275256,1.910622883275256,1.910622883275256
brest-france,Brest,8-neighbour,2.0,66,2,0.04265301770100235,72.0,72.0,72,1.8589844269705194,1.8589844269705194,1.8589844269705194
brest-france,Brest,8-neighbour,2.0,1,1,0.021326508850501174,191.0,191.0,191,4.93147257710235,4.93147257710235,4.93147257710235
brest-france,Brest,8-neighbour,2.0,10,1,0.021326508850501174,142.0,142.0,142,3.6663303976363024,3.6663303976363024,3.6663303976363024
brest-france,Brest,8-neighbour,2.0,12,1,0.021326508850501174,140.0,140.0,140,3.6146919413315657,3.6146919413315657,3.6146919413315657
brest-france,Brest,8-neighbour,2.0,14,1,0.021326508850501174,76.0,76.0,76,1.9622613395799928,1.9622613395799928,1.9622613395799928
brest-france,Brest,8-neighbour,2.0,16,1,0.021326508850501174,67.0,67.0,67,1.7298882862086777,1.7298882862086777,1.7298882862086777
brest-france,Brest,8-neighbour,2.0,17,1,0.021326508850501174,89.0,89.0,89,2.297911305560781,2.297911305560781,2.297911305560781
brest-france,Brest,8-neighbour,2.0,18,1,0.021326508850501174,89.0,89.0,89,2.297911305560781,2.297911305560781,2.297911305560781
brest-france,Brest,8-neighbour,2.0,19,1,0.021326508850501174,93.0,93.0,93,2.401188218170254,2.401188218170254,2.401188218170254
brest-france,Brest,8-neighbour,2.0,20,1,0.021326508850501174,95.0,95.0,95,2.452826674474991,2.452826674474991,2.452826674474991
brest-france,Brest,8-neighbour,2.0,24,1,0.021326508850501174,51.0,51.0,51,1.3167806357707845,1.3167806357707845,1.3167806357707845
brest-france,Brest,8-neighbour,2.0,25,1,0.021326508850501174,138.0,138.0,138,3.563053485026829,3.563053485026829,3.563053485026829
brest-france,Brest,8-neighbour,2.0,26,1,0.021326508850501174,135.0,135.0,135,3.485595800569724,3.485595800569724,3.485595800569724
brest-france,Brest,8-neighbour,2.0,27,1,0.021326508850501174,88.0,88.0,88,2.272092077408413,2.272092077408413,2.272092077408413
brest-france,Brest,8-neighbour,2.0,29,1,0.021326508850501174,40.0,40.0,40,1.032769126094733,1.032769126094733,1.032769126094733
brest-france,Brest,8-neighbour,2.0,31,1,0.021326508850501174,53.0,53.0,53,1.3684190920755213,1.3684190920755213,1.3684190920755213
brest-france,Brest,8-neighbour,2.0,32,1,0.021326508850501174,122.0,122.0,122,3.149945834588936,3.149945834588936,3.149945834588936
brest-france,Brest,8-neighbour,2.0,33,1,0.021326508850501174,117.0,117.0,117,3.020849693827094,3.020849693827094,3.020849693827094
brest-france,Brest,8-neighbour,2.0,34,1,0.021326508850501174,88.0,88.0,88,2.272092077408413,2.272092077408413,2.272092077408413
brest-france,Brest,8-neighbour,2.0,37,1,0.021326508850501174,120.0,120.0,120,3.098307378284199,3.098307378284199,3.098307378284199
brest-france,Brest,8-neighbour,2.0,38,1,0.021326508850501174,119.0,119.0,119,3.072488150131831,3.072488150131831,3.072488150131831
brest-france,Brest,8-neighbour,2.0,40,1,0.021326508850501174,117.0,117.0,117,3.020849693827094,3.020849693827094,3.020849693827094
brest-france,Brest,8-neighbour,2.0,41,1,0.021326508850501174,115.0,115.0,115,2.9692112375223574,2.9692112375223574,2.9692112375223574
brest-france,Brest,8-neighbour,2.0,42,1,0.021326508850501174,87.0,87.0,87,2.2462728492560444,2.2462728492560444,2.2462728492560444
brest-france,Brest,8-neighbour,2.0,43,1,0.021326508850501174,88.0,88.0,88,2.272092077408413,2.272092077408413,2.272092077408413
brest-france,Brest,8-neighbour,2.0,44,1,0.021326508850501174,88.0,88.0,88,2.272092077408413,2.272092077408413,2.272092077408413
brest-france,Brest,8-neighbour,2.0,45,1,0.021326508850501174,105.0,105.0,105,2.711018955998674,2.711018955998674,2.711018955998674
brest-france,Brest,8-neighbour,2.0,47,1,0.021326508850501174,103.0,103.0,103,2.6593804996939374,2.6593804996939374,2.6593804996939374
brest-france,Brest,8-neighbour,2.0,48,1,0.021326508850501174,95.0,95.0,95,2.452826674474991,2.452826674474991,2.452826674474991
brest-france,Brest,8-neighbour,2.0,54,1,0.021326508850501174,55.0,55.0,55,1.420057548380258,1.420057548380258,1.420057548380258
brest-france,Brest,8-neighbour,2.0,56,1,0.021326508850501174,64.0,64.0,64,1.6524306017515729,1.6524306017515729,1.6524306017515729
brest-france,Brest,8-neighbour,2.0,60,1,0.021326508850501174,78.0,78.0,78,2.0138997958847296,2.0138997958847296,2.0138997958847296
brest-france,Brest,8-neighbour,2.0,63,1,0.021326508850501174,74.0,74.0,74,1.910622883275256,1.910622883275256,1.910622883275256
brest-france,Brest,8-neighbour,2.0,65,1,0.021326508850501174,73.0,73.0,73,1.8848036551228877,1.8848036551228877,1.8848036551228877
brest-france,Brest,4-neighbour,2.0,3,25,0.5331627212625293,214.2,220.8,222,5.5304786702372954,5.700885576042927,5.731868649825769
brest-france,Brest,4-neighbour,2.0,5,20,0.42653017701002344,174.0,178.0,178,4.492545698512089,4.595822611121562,4.595822611121562
brest-france,Brest,4-neighbour,2.0,43,6,0.12795905310300704,104.5,106.75,107,2.69810934192249,2.756202605265319,2.762657412303411
brest-france,Brest,4-neighbour,2.0,4,5,0.10663254425250586,210.2,211.8,212,5.427201757627822,5.468512522671611,5.473676368302085
brest-france,Brest,4-neighbour,2.0,59,5,0.10663254425250586,89.0,89.0,89,2.297911305560781,2.297911305560781,2.297911305560781
brest-france,Brest,4-neighbour,2.0,61,5,0.10663254425250586,87.0,87.0,87,2.2462728492560444,2.2462728492560444,2.2462728492560444
brest-france,Brest,4-neighbour,2.0,62,5,0.10663254425250586,86.0,86.0,86,2.220453621103676,2.220453621103676,2.220453621103676
brest-france,Brest,4-neighbour,2.0,63,5,0.10663254425250586,85.0,85.0,85,2.1946343929513077,2.1946343929513077,2.1946343929513077
brest-france,Brest,4-neighbour,2.0,66,5,0.10663254425250586,83.0,83.0,83,2.142995936646571,2.142995936646571,2.142995936646571
brest-france,Brest,4-neighbour,2.0,70,5,0.10663254425250586,78.8,79.8,80,2.034555178406624,2.060374406558992,2.065538252189466
brest-france,Brest,4-neighbour,2.0,72,5,0.10663254425250586,79.0,79.0,79,2.039719024037098,2.039719024037098,2.039719024037098
brest-france,Brest,4-neighbour,2.0,2,4,0.0853060354020047,216.0,216.85,217,5.5769532809115585,5.598899624841072,5.602772509063927
brest-france,Brest,4-neighbour,2.0,10,4,0.0853060354020047,78.0,78.85,79,2.0138997958847296,2.0358461398142422,2.039719024037098
brest-france,Brest,4-neighbour,2.0,57,4,0.0853060354020047,91.0,91.0,91,2.3495497618655174,2.3495497618655174,2.3495497618655174
brest-france,Brest,4-neighbour,2.0,58,4,0.0853060354020047,90.0,90.0,90,2.3237305337131495,2.3237305337131495,2.3237305337131495
brest-france,Brest,4-neighbour,2.0,64,4,0.0853060354020047,84.0,84.0,84,2.1688151647989393,2.1688151647989393,2.1688151647989393
brest-france,Brest,4-neighbour,2.0,67,4,0.0853060354020047,82.0,82.0,82,2.1171767084942026,2.1171767084942026,2.1171767084942026
brest-france,Brest,4-neighbour,2.0,69,4,0.0853060354020047,81.0,81.0,81,2.091357480341834,2.091357480341834,2.091357480341834
brest-france,Brest,4-neighbour,2.0,71,4,0.0853060354020047,80.0,80.0,80,2.065538252189466,2.065538252189466,2.065538252189466
brest-france,Brest,4-neighbour,2.0,74,4,0.0853060354020047,76.5,77.0,77,1.975170953656177,1.9880805677323612,1.9880805677323612
brest-france,Brest,4-neighbour,2.0,76,4,0.0853060354020047,74.5,75.0,75,1.9235324973514403,1.9364421114276245,1.9364421114276245
brest-france,Brest,4-neighbour,2.0,77,4,0.0853060354020047,75.0,75.0,75,1.9364421114276245,1.9364421114276245,1.9364421114276245
brest-france,Brest,4-neighbour,2.0,80,4,0.0853060354020047,72.5,73.0,73,1.8718940410467035,1.8848036551228877,1.8848036551228877
brest-france,Brest,4-neighbour,2.0,7,3,0.06397952655150352,11.0,11.9,12,0.2840115096760516,0.3072488150131831,0.3098307378284199
brest-france,Brest,4-neighbour,2.0,33,3,0.06397952655150352,89.0,89.9,90,2.297911305560781,2.3211486108979127,2.3237305337131495
brest-france,Brest,4-neighbour,2.0,37,3,0.06397952655150352,56.0,56.9,57,1.4458767765326264,1.4691140818697577,1.4716960046849945
brest-france,Brest,4-neighbour,2.0,52,3,0.06397952655150352,90.0,90.0,90,2.3237305337131495,2.3237305337131495,2.3237305337131495
brest-france,Brest,4-neighbour,2.0,60,3,0.06397952655150352,88.0,88.0,88,2.272092077408413,2.272092077408413,2.272092077408413
brest-france,Brest,4-neighbour,2.0,83,3,0.06397952655150352,71.0,71.0,71,1.8331651988181512,1.8331651988181512,1.8331651988181512
brest-france,Brest,4-neighbour,2.0,12,2,0.04265301770100235,19.5,19.95,20,0.5034749489711824,0.515093601639748,0.5163845630473665
brest-france,Brest,4-neighbour,2.0,15,2,0.04265301770100235,81.5,81.95,82,2.1042670944180184,2.115885747086584,2.1171767084942026
brest-france,Brest,4-neighbour,2.0,18,2,0.04265301770100235,85.5,85.95,86,2.207544007027492,2.2191626596960576,2.220453621103676
brest-france,Brest,4-neighbour,2.0,24,2,0.04265301770100235,48.5,48.95,49,1.2522325653898638,1.2638512180584296,1.265142179466048
brest-france,Brest,4-neighbour,2.0,26,2,0.04265301770100235,69.5,69.95,70,1.7944363565895987,1.8060550092581644,1.8073459706657828
brest-france,Brest,4-neighbour,2.0,44,2,0.04265301770100235,86.0,86.0,86,2.220453621103676,2.220453621103676,2.220453621103676
brest-france,Brest,4-neighbour,2.0,54,2,0.04265301770100235,92.0,92.0,92,2.375368990017886,2.375368990017886,2.375368990017886
brest-france,Brest,4-neighbour,2.0,55,2,0.04265301770100235,93.0,93.0,93,2.401188218170254,2.401188218170254,2.401188218170254
brest-france,Brest,4-neighbour,2.0,75,2,0.04265301770100235,77.0,77.0,77,1.9880805677323612,1.9880805677323612,1.9880805677323612
brest-france,Brest,4-neighbour,2.0,79,2,0.04265301770100235,74.0,74.0,74,1.910622883275256,1.910622883275256,1.910622883275256
brest-france,Brest,4-neighbour,2.0,82,2,0.04265301770100235,72.0,72.0,72,1.8589844269705194,1.8589844269705194,1.8589844269705194
brest-france,Brest,4-neighbour,2.0,1,1,0.021326508850501174,219.0,219.0,219,5.654410965368664,5.654410965368664,5.654410965368664
brest-france,Brest,4-neighbour,2.0,6,1,0.021326508850501174,170.0,170.0,170,4.389268785902615,4.389268785902615,4.389268785902615
brest-france,Brest,4-neighbour,2.0,8,1,0.021326508850501174,18.0,18.0,18,0.46474610674262984,0.46474610674262984,0.46474610674262984
brest-france,Brest,4-neighbour,2.0,9,1,0.021326508850501174,157.0,157.0,157,4.0536188199218275,4.0536188199218275,4.0536188199218275
brest-france,Brest,4-neighbour,2.0,11,1,0.021326508850501174,55.0,55.0,55,1.420057548380258,1.420057548380258,1.420057548380258
brest-france,Brest,4-neighbour,2.0,13,1,0.021326508850501174,52.0,52.0,52,1.342599863923153,1.342599863923153,1.342599863923153
brest-france,Brest,4-neighbour,2.0,14,1,0.021326508850501174,156.0,156.0,156,4.027799591769459,4.027799591769459,4.027799591769459
brest-france,Brest,4-neighbour,2.0,16,1,0.021326508850501174,52.0,52.0,52,1.342599863923153,1.342599863923153,1.342599863923153
brest-france,Brest,4-neighbour,2.0,17,1,0.021326508850501174,88.0,88.0,88,2.272092077408413,2.272092077408413,2.272092077408413
brest-france,Brest,4-neighbour,2.0,19,1,0.021326508850501174,74.0,74.0,74,1.910622883275256,1.910622883275256,1.910622883275256
brest-france,Brest,4-neighbour,2.0,20,1,0.021326508850501174,100.0,100.0,100,2.5819228152368328,2.5819228152368328,2.5819228152368328
brest-france,Brest,4-neighbour,2.0,21,1,0.021326508850501174,97.0,97.0,97,2.5044651307797277,2.5044651307797277,2.5044651307797277
brest-france,Brest,4-neighbour,2.0,22,1,0.021326508850501174,103.0,103.0,103,2.6593804996939374,2.6593804996939374,2.6593804996939374
brest-france,Brest,4-neighbour,2.0,23,1,0.021326508850501174,104.0,104.0,104,2.685199727846306,2.685199727846306,2.685199727846306
brest-france,Brest,4-neighbour,2.0,25,1,0.021326508850501174,24.0,24.0,24,0.6196614756568398,0.6196614756568398,0.6196614756568398
brest-france,Brest,4-neighbour,2.0,27,1,0.021326508850501174,55.0,55.0,55,1.420057548380258,1.420057548380258,1.420057548380258
brest-france,Brest,4-neighbour,2.0,28,1,0.021326508850501174,25.0,25.0,25,0.6454807038092082,0.6454807038092082,0.6454807038092082
brest-france,Brest,4-neighbour,2.0,29,1,0.021326508850501174,150.0,150.0,150,3.872884222855249,3.872884222855249,3.872884222855249
brest-france,Brest,4-neighbour,2.0,30,1,0.021326508850501174,145.0,145.0,145,3.743788082093407,3.743788082093407,3.743788082093407
brest-france,Brest,4-neighbour,2.0,31,1,0.021326508850501174,95.0,95.0,95,2.452826674474991,2.452826674474991,2.452826674474991
brest-france,Brest,4-neighbour,2.0,32,1,0.021326508850501174,26.0,26.0,26,0.6712999319615764,0.6712999319615764,0.6712999319615764
brest-france,Brest,4-neighbour,2.0,34,1,0.021326508850501174,42.0,42.0,42,1.0844075823994697,1.0844075823994697,1.0844075823994697
brest-france,Brest,4-neighbour,2.0,35,1,0.021326508850501174,59.0,59.0,59,1.5233344609897312,1.5233344609897312,1.5233344609897312
brest-france,Brest,4-neighbour,2.0,36,1,0.021326508850501174,53.0,53.0,53,1.3684190920755213,1.3684190920755213,1.3684190920755213
brest-france,Brest,4-neighbour,2.0,38,1,0.021326508850501174,128.0,128.0,128,3.3048612035031457,3.3048612035031457,3.3048612035031457
brest-france,Brest,4-neighbour,2.0,39,1,0.021326508850501174,121.0,121.0,121,3.1241266064365676,3.1241266064365676,3.1241266064365676
brest-france,Brest,4-neighbour,2.0,40,1,0.021326508850501174,88.0,88.0,88,2.272092077408413,2.272092077408413,2.272092077408413
brest-france,Brest,4-neighbour,2.0,41,1,0.021326508850501174,97.0,97.0,97,2.5044651307797277,2.5044651307797277,2.5044651307797277
brest-france,Brest,4-neighbour,2.0,42,1,0.021326508850501174,97.0,97.0,97,2.5044651307797277,2.5044651307797277,2.5044651307797277
brest-france,Brest,4-neighbour,2.0,45,1,0.021326508850501174,117.0,117.0,117,3.020849693827094,3.020849693827094,3.020849693827094
brest-france,Brest,4-neighbour,2.0,46,1,0.021326508850501174,87.0,87.0,87,2.2462728492560444,2.2462728492560444,2.2462728492560444
brest-france,Brest,4-neighbour,2.0,47,1,0.021326508850501174,88.0,88.0,88,2.272092077408413,2.272092077408413,2.272092077408413
brest-france,Brest,4-neighbour,2.0,48,1,0.021326508850501174,88.0,88.0,88,2.272092077408413,2.272092077408413,2.272092077408413
brest-france,Brest,4-neighbour,2.0,49,1,0.021326508850501174,108.0,108.0,108,2.7884766404557793,2.7884766404557793,2.7884766404557793
brest-france,Brest,4-neighbour,2.0,50,1,0.021326508850501174,89.0,89.0,89,2.297911305560781,2.297911305560781,2.297911305560781
brest-france,Brest,4-neighbour,2.0,51,1,0.021326508850501174,108.0,108.0,108,2.7884766404557793,2.7884766404557793,2.7884766404557793
brest-france,Brest,4-neighbour,2.0,53,1,0.021326508850501174,103.0,103.0,103,2.6593804996939374,2.6593804996939374,2.6593804996939374
brest-france,Brest,4-neighbour,2.0,56,1,0.021326508850501174,94.0,94.0,94,2.4270074463226226,2.4270074463226226,2.4270074463226226
brest-france,Brest,4-neighbour,2.0,65,1,0.021326508850501174,83.0,83.0,83,2.142995936646571,2.142995936646571,2.142995936646571
brest-france,Brest,4-neighbour,2.0,68,1,0.021326508850501174,81.0,81.0,81,2.091357480341834,2.091357480341834,2.091357480341834
brest-france,Brest,4-neighbour,2.0,73,1,0.021326508850501174,78.0,78.0,78,2.0138997958847296,2.0138997958847296,2.0138997958847296
brest-france,Brest,4-neighbour,2.0,78,1,0.021326508850501174,74.0,74.0,74,1.910622883275256,1.910622883275256,1.910622883275256
brest-france,Brest,4-neighbour,2.0,81,1,0.021326508850501174,73.0,73.0,73,1.8848036551228877,1.8848036551228877,1.8848036551228877
aberdeen-p038-uk,Aberdeen,8-neighbour,2.0,52,105,1.0245901639344261,40.87619047619047,57.0,57,1.1512109940773059,1.605311696074715,1.605311696074715
aberdeen-p038-uk,Aberdeen,8-neighbour,2.0,27,58,0.5659640905542545,41.706896551724135,49.15,51,1.1746064709028237,1.3842292958258287,1.4363315175405345
aberdeen-p038-uk,Aberdeen,8-neighbour,2.0,70,49,0.4781420765027322,36.59183673469388,40.0,40,1.0305491840536927,1.1265345235612034,1.1265345235612034
aberdeen-p038-uk,Aberdeen,8-neighbour,2.0,34,32,0.312256049960968,62.21875,71.45,73,1.7522892471955906,2.0122722927111996,2.055925505499196
aberdeen-p038-uk,Aberdeen,8-neighbour,2.0,80,29,0.2829820452771272,38.689655172413794,46.0,47,1.0896308064100606,1.2955147020953839,1.323678065184414
aberdeen-p038-uk,Aberdeen,8-neighbour,2.0,5,25,0.24395003903200624,36.24,43.8,45,1.0206402783464503,1.2335553032995177,1.2673513390063538
aberdeen-p038-uk,Aberdeen,8-neighbour,2.0,81,24,0.234192037470726,24.375,29.0,30,0.6864819752951083,0.8167375295818725,0.8449008926709025
aberdeen-p038-uk,Aberdeen,8-neighbour,2.0,26,22,0.21467603434816548,123.4090909090909,130.95,131,3.475615035759849,3.6879923965084895,3.6894005646629413
aberdeen-p038-uk,Aberdeen,8-neighbour,2.0,67,22,0.21467603434816548,48.59090909090909,54.95,56,1.3684834155533256,1.5475768017422034,1.5771483329856848
aberdeen-p038-uk,Aberdeen,8-neighbour,2.0,46,18,0.1756440281030445,81.83333333333333,88.15,89,2.304701879452295,2.482600456298002,2.5065393149236774
aberdeen-p038-uk,Aberdeen,8-neighbour,2.0,82,17,0.16588602654176424,13.294117647058824,18.0,18,0.3744070622424,0.5069405356025416,0.5069405356025416
aberdeen-p038-uk,Aberdeen,8-neighbour,2.0,75,13,0.12685402029664325,48.15384615384615,50.0,50,1.3561742533640642,1.4081681544515043,1.4081681544515043
aberdeen-p038-uk,Aberdeen,8-neighbour,2.0,18,12,0.117096018735363,73.5,77.45,78,2.070007187043711,2.1812524712453802,2.1967423209443466
aberdeen-p038-uk,Aberdeen,8-neighbour,2.0,60,12,0.117096018735363,70.5,75.45,76,1.985517097776621,2.12492574506732,2.1404155947662864
aberdeen-p038-uk,Aberdeen,8-neighbour,2.0,21,11,0.10733801717408274,102.9090909090909,104.0,104,2.8982660924347323,2.928989761259129,2.928989761259129
aberdeen-p038-uk,Aberdeen,8-neighbour,2.0,14,9,0.08782201405152225,139.11111111111111,141.6,142,3.9178367319406298,3.98793221340666,3.999197558642272
aberdeen-p038-uk,Aberdeen,8-neighbour,2.0,50,9,0.08782201405152225,93.0,96.6,97,2.619192767279798,2.720580874400306,2.7318462196359183
aberdeen-p038-uk,Aberdeen,8-neighbour,2.0,77,9,0.08782201405152225,50.55555555555556,52.6,53,1.4238144672787432,1.4813928984829825,1.4926582437185945
aberdeen-p038-uk,Aberdeen,8-neighbour,2.0,12,8,0.078064012490242,124.375,126.65,127,3.502818284198117,3.5668899352256607,3.576747112306821
aberdeen-p038-uk,Aberdeen,8-neighbour,2.0,72,8,0.078064012490242,43.25,45.0,45,1.2180654536005513,1.2673513390063538,1.2673513390063538
aberdeen-p038-uk,Aberdeen,8-neighbour,2.0,23,7,0.06830601092896176,110.28571428571429,112.7,113,3.1060166149616038,3.174011020133691,3.1824600290603997
aberdeen-p038-uk,Aberdeen,8-neighbour,2.0,58,7,0.06830601092896176,82.0,84.7,85,2.309395773300467,2.385436853640848,2.3938858625675574
aberdeen-p038-uk,Aberdeen,8-neighbour,2.0,49,6,0.0585480093676815,83.5,85.75,86,2.3516408179340123,2.41500838488433,2.4220492256565875
aberdeen-p038-uk,Aberdeen,8-neighbour,2.0,54,6,0.0585480093676815,97.66666666666667,99.0,99,2.7506217950286054,2.7881729458139786,2.7881729458139786
aberdeen-p038-uk,Aberdeen,8-neighbour,2.0,1,4,0.039032006245121,59.5,60.85,61,1.6757201037972902,1.7137406439674807,1.7179651484308351
aberdeen-p038-uk,Aberdeen,8-neighbour,2.0,2,4,0.039032006245121,31.5,32.85,33,0.8871459373044477,0.9251664774746383,0.9293909819379929
aberdeen-p038-uk,Aberdeen,8-neighbour,2.0,4,4,0.039032006245121,49.5,50.85,51,1.3940864729069893,1.4321070130771798,1.4363315175405345
aberdeen-p038-uk,Aberdeen,8-neighbour,2.0,47,4,0.039032006245121,99.75,100.85,101,2.809295468130751,2.840275167528684,2.844499671992039
aberdeen-p038-uk,Aberdeen,8-neighbour,2.0,55,4,0.039032006245121,103.5,104.85,105,2.914908079714614,2.9529286198848044,2.957153124348159
aberdeen-p038-uk,Aberdeen,8-neighbour,2.0,6,3,0.02927400468384075,28.333333333333332,28.9,29,0.7979619541891857,0.8139211932729694,0.8167375295818725
aberdeen-p038-uk,Aberdeen,8-neighbour,2.0,9,3,0.02927400468384075,139.33333333333334,139.9,140,3.9240952570715257,3.9400544961553092,3.942870832464212
aberdeen-p038-uk,Aberdeen,8-neighbour,2.0,13,3,0.02927400468384075,119.66666666666667,120.0,120,3.370215782987267,3.37960357068361,3.37960357068361
aberdeen-p038-uk,Aberdeen,8-neighbour,2.0,17,3,0.02927400468384075,106.66666666666667,107.0,107,3.004092062829876,3.013479850526219,3.013479850526219
aberdeen-p038-uk,Aberdeen,8-neighbour,2.0,36,3,0.02927400468384075,112.33333333333333,112.9,113,3.1636844536677127,3.179643692751497,3.1824600290603997
aberdeen-p038-uk,Aberdeen,8-neighbour,2.0,48,3,0.02927400468384075,101.33333333333333,101.9,102,2.853887459688382,2.869846698772166,2.872663035081069
aberdeen-p038-uk,Aberdeen,8-neighbour,2.0,56,3,0.02927400468384075,94.0,94.9,95,2.647356130368828,2.6727031571489555,2.675519493457858
aberdeen-p038-uk,Aberdeen,8-neighbour,2.0,62,3,0.02927400468384075,72.0,72.9,73,2.0277621424101664,2.0531091691902934,2.055925505499196
aberdeen-p038-uk,Aberdeen,8-neighbour,2.0,68,3,0.02927400468384075,44.0,44.0,44,1.2391879759173237,1.2391879759173237,1.2391879759173237
aberdeen-p038-uk,Aberdeen,8-neighbour,2.0,71,3,0.02927400468384075,26.0,26.9,27,0.7322474403147823,0.7575944670949093,0.7604108034038123
aberdeen-p038-uk,Aberdeen,8-neighbour,2.0,3,2,0.0195160031225605,60.5,60.95,61,1.70388346688632,1.7165569802763838,1.7179651484308351
aberdeen-p038-uk,Aberdeen,8-neighbour,2.0,15,2,0.0195160031225605,128.5,128.95,129,3.618992156940366,3.6316656703304293,3.633073838484881
aberdeen-p038-uk,Aberdeen,8-neighbour,2.0,19,2,0.0195160031225605,147.5,147.95,148,4.154096055631937,4.166769569022001,4.168177737176452
aberdeen-p038-uk,Aberdeen,8-neighbour,2.0,29,2,0.0195160031225605,99.0,99.0,99,2.7881729458139786,2.7881729458139786,2.7881729458139786
aberdeen-p038-uk,Aberdeen,8-neighbour,2.0,33,2,0.0195160031225605,93.5,93.95,94,2.633274448824313,2.6459479622143767,2.647356130368828
aberdeen-p038-uk,Aberdeen,8-neighbour,2.0,35,2,0.0195160031225605,134.5,134.95,135,3.7879723354745467,3.8006458488646095,3.8020540170190618
aberdeen-p038-uk,Aberdeen,8-neighbour,2.0,39,2,0.0195160031225605,122.5,122.95,123,3.4500119784061853,3.462685491796249,3.4640936599507004
aberdeen-p038-uk,Aberdeen,8-neighbour,2.0,44,2,0.0195160031225605,112.5,112.95,113,3.1683783475158847,3.1810518609059484,3.1824600290603997
aberdeen-p038-uk,Aberdeen,8-neighbour,2.0,76,2,0.0195160031225605,48.5,48.95,49,1.3659231098179592,1.3785966232080227,1.3800047913624742
aberdeen-p038-uk,Aberdeen,8-neighbour,2.0,84,2,0.0195160031225605,5.5,5.95,6,0.15489849698966546,0.16757201037972902,0.16898017853418051
aberdeen-p038-uk,Aberdeen,8-neighbour,2.0,7,1,0.00975800156128025,34.0,34.0,34,0.957554345027023,0.957554345027023,0.957554345027023
aberdeen-p038-uk,Aberdeen,8-neighbour,2.0,8,1,0.00975800156128025,96.0,96.0,96,2.7036828565468882,2.7036828565468882,2.7036828565468882
aberdeen-p038-uk,Aberdeen,8-neighbour,2.0,10,1,0.00975800156128025,135.0,135.0,135,3.8020540170190618,3.8020540170190618,3.8020540170190618
aberdeen-p038-uk,Aberdeen,8-neighbour,2.0,11,1,0.00975800156128025,132.0,132.0,132,3.7175639277519714,3.7175639277519714,3.7175639277519714
aberdeen-p038-uk,Aberdeen,8-neighbour,2.0,16,1,0.00975800156128025,117.0,117.0,117,3.29511348141652,3.29511348141652,3.29511348141652
aberdeen-p038-uk,Aberdeen,8-neighbour,2.0,20,1,0.00975800156128025,116.0,116.0,116,3.26695011832749,3.26695011832749,3.26695011832749
aberdeen-p038-uk,Aberdeen,8-neighbour,2.0,22,1,0.00975800156128025,122.0,122.0,122,3.4359302968616703,3.4359302968616703,3.4359302968616703
aberdeen-p038-uk,Aberdeen,8-neighbour,2.0,24,1,0.00975800156128025,87.0,87.0,87,2.4502125887456176,2.4502125887456176,2.4502125887456176
aberdeen-p038-uk,Aberdeen,8-neighbour,2.0,25,1,0.00975800156128025,133.0,133.0,133,3.7457272908410015,3.7457272908410015,3.7457272908410015
aberdeen-p038-uk,Aberdeen,8-neighbour,2.0,28,1,0.00975800156128025,136.0,136.0,136,3.830217380108092,3.830217380108092,3.830217380108092
aberdeen-p038-uk,Aberdeen,8-neighbour,2.0,30,1,0.00975800156128025,84.0,84.0,84,2.3657224994785273,2.3657224994785273,2.3657224994785273
aberdeen-p038-uk,Aberdeen,8-neighbour,2.0,31,1,0.00975800156128025,107.0,107.0,107,3.013479850526219,3.013479850526219,3.013479850526219
aberdeen-p038-uk,Aberdeen,8-neighbour,2.0,32,1,0.00975800156128025,96.0,96.0,96,2.7036828565468882,2.7036828565468882,2.7036828565468882
aberdeen-p038-uk,Aberdeen,8-neighbour,2.0,37,1,0.00975800156128025,129.0,129.0,129,3.633073838484881,3.633073838484881,3.633073838484881
aberdeen-p038-uk,Aberdeen,8-neighbour,2.0,38,1,0.00975800156128025,125.0,125.0,125,3.5204203861287606,3.5204203861287606,3.5204203861287606
aberdeen-p038-uk,Aberdeen,8-neighbour,2.0,40,1,0.00975800156128025,84.0,84.0,84,2.3657224994785273,2.3657224994785273,2.3657224994785273
aberdeen-p038-uk,Aberdeen,8-neighbour,2.0,41,1,0.00975800156128025,119.0,119.0,119,3.3514402075945804,3.3514402075945804,3.3514402075945804
aberdeen-p038-uk,Aberdeen,8-neighbour,2.0,42,1,0.00975800156128025,90.0,90.0,90,2.5347026780127075,2.5347026780127075,2.5347026780127075
aberdeen-p038-uk,Aberdeen,8-neighbour,2.0,43,1,0.00975800156128025,115.0,115.0,115,3.23878675523846,3.23878675523846,3.23878675523846
aberdeen-p038-uk,Aberdeen,8-neighbour,2.0,45,1,0.00975800156128025,109.0,109.0,109,3.0698065767042793,3.0698065767042793,3.0698065767042793
aberdeen-p038-uk,Aberdeen,8-neighbour,2.0,51,1,0.00975800156128025,103.0,103.0,103,2.900826398170099,2.900826398170099,2.900826398170099
aberdeen-p038-uk,Aberdeen,8-neighbour,2.0,53,1,0.00975800156128025,76.0,76.0,76,2.1404155947662864,2.1404155947662864,2.1404155947662864
aberdeen-p038-uk,Aberdeen,8-neighbour,2.0,57,1,0.00975800156128025,75.0,75.0,75,2.1122522316772563,2.1122522316772563,2.1122522316772563
aberdeen-p038-uk,Aberdeen,8-neighbour,2.0,59,1,0.00975800156128025,90.0,90.0,90,2.5347026780127075,2.5347026780127075,2.5347026780127075
aberdeen-p038-uk,Aberdeen,8-neighbour,2.0,61,1,0.00975800156128025,102.0,102.0,102,2.872663035081069,2.872663035081069,2.872663035081069
aberdeen-p038-uk,Aberdeen,8-neighbour,2.0,63,1,0.00975800156128025,101.0,101.0,101,2.844499671992039,2.844499671992039,2.844499671992039
aberdeen-p038-uk,Aberdeen,8-neighbour,2.0,64,1,0.00975800156128025,62.0,62.0,62,1.7461285115198653,1.7461285115198653,1.7461285115198653
aberdeen-p038-uk,Aberdeen,8-neighbour,2.0,65,1,0.00975800156128025,50.0,50.0,50,1.4081681544515043,1.4081681544515043,1.4081681544515043
aberdeen-p038-uk,Aberdeen,8-neighbour,2.0,66,1,0.00975800156128025,49.0,49.0,49,1.3800047913624742,1.3800047913624742,1.3800047913624742
aberdeen-p038-uk,Aberdeen,8-neighbour,2.0,69,1,0.00975800156128025,41.0,41.0,41,1.1546978866502335,1.1546978866502335,1.1546978866502335
aberdeen-p038-uk,Aberdeen,8-neighbour,2.0,73,1,0.00975800156128025,45.0,45.0,45,1.2673513390063538,1.2673513390063538,1.2673513390063538
aberdeen-p038-uk,Aberdeen,8-neighbour,2.0,74,1,0.00975800156128025,46.0,46.0,46,1.2955147020953839,1.2955147020953839,1.2955147020953839
aberdeen-p038-uk,Aberdeen,8-neighbour,2.0,78,1,0.00975800156128025,51.0,51.0,51,1.4363315175405345,1.4363315175405345,1.4363315175405345
aberdeen-p038-uk,Aberdeen,8-neighbour,2.0,79,1,0.00975800156128025,49.0,49.0,49,1.3800047913624742,1.3800047913624742,1.3800047913624742
aberdeen-p038-uk,Aberdeen,8-neighbour,2.0,83,1,0.00975800156128025,8.0,8.0,8,0.22530690471224069,0.22530690471224069,0.22530690471224069
aberdeen-p038-uk,Aberdeen,8-neighbour,2.0,85,1,0.00975800156128025,1.0,1.0,1,0.028163363089030086,0.028163363089030086,0.028163363089030086
aberdeen-p038-uk,Aberdeen,4-neighbour,2.0,71,56,0.546448087431694,30.946428571428573,39.25,41,0.8715555041658776,1.1054120012444308,1.1546978866502335
aberdeen-p038-uk,Aberdeen,4-neighbour,2.0,51,54,0.5269320843091335,41.5,47.0,48,1.1687795681947486,1.323678065184414,1.3518414282734441
aberdeen-p038-uk,Aberdeen,4-neighbour,2.0,92,49,0.4781420765027322,52.224489795918366,57.0,57,1.4708172682617957,1.605311696074715,1.605311696074715
aberdeen-p038-uk,Aberdeen,4-neighbour,2.0,102,38,0.3708040593286495,36.473684210526315,40.0,40,1.0272216116156763,1.1265345235612034,1.1265345235612034
aberdeen-p038-uk,Aberdeen,4-neighbour,2.0,45,27,0.26346604215456676,61.51851851851852,70.7,72,1.7325683737362583,1.9911497703944272,2.0277621424101664
aberdeen-p038-uk,Aberdeen,4-neighbour,2.0,97,21,0.20491803278688525,48.42857142857143,54.0,55,1.3639114410258857,1.5208216068076246,1.5489849698966547
aberdeen-p038-uk,Aberdeen,4-neighbour,2.0,8,16,0.156128024980484,51.5625,56.25,57,1.4521734092781138,1.5841891737579423,1.605311696074715
aberdeen-p038-uk,Aberdeen,4-neighbour,2.0,121,14,0.1366120218579235,23.357142857142858,27.35,28,0.6578156950080599,0.7702679804849729,0.7885741664928424
aberdeen-p038-uk,Aberdeen,4-neighbour,2.0,38,13,0.12685402029664325,127.6923076923077,131.4,132,3.596244825214611,3.7006659098985533,3.7175639277519714
aberdeen-p038-uk,Aberdeen,4-neighbour,2.0,109,13,0.12685402029664325,48.15384615384615,50.0,50,1.3561742533640642,1.4081681544515043,1.4081681544515043
aberdeen-p038-uk,Aberdeen,4-neighbour,2.0,64,12,0.117096018735363,88.5,93.45,94,2.4924576333791624,2.6318662806698616,2.647356130368828
aberdeen-p038-uk,Aberdeen,4-neighbour,2.0,117,12,0.117096018735363,34.833333333333336,36.45,37,0.9810238142678814,1.0265545845951467,1.042044434294113
aberdeen-p038-uk,Aberdeen,4-neighbour,2.0,6,9,0.08782201405152225,42.55555555555556,45.0,45,1.1985075625665025,1.2673513390063538,1.2673513390063538
aberdeen-p038-uk,Aberdeen,4-neighbour,2.0,34,9,0.08782201405152225,137.77777777777777,140.6,141,3.880285581155256,3.95976885031763,3.971034195553242
aberdeen-p038-uk,Aberdeen,4-neighbour,2.0,68,9,0.08782201405152225,120.0,123.6,124,3.37960357068361,3.4809916778041186,3.4922570230397305
aberdeen-p038-uk,Aberdeen,4-neighbour,2.0,100,9,0.08782201405152225,38.22222222222222,39.6,40,1.0764663225140387,1.1152691783255915,1.1265345235612034
aberdeen-p038-uk,Aberdeen,4-neighbour,2.0,111,9,0.08782201405152225,50.55555555555556,52.6,53,1.4238144672787432,1.4813928984829825,1.4926582437185945
aberdeen-p038-uk,Aberdeen,4-neighbour,2.0,115,8,0.078064012490242,42.5,44.0,44,1.1969429312837787,1.2391879759173237,1.2391879759173237
aberdeen-p038-uk,Aberdeen,4-neighbour,2.0,119,8,0.078064012490242,27.375,29.65,30,0.7709720645621986,0.835043715589742,0.8449008926709025
aberdeen-p038-uk,Aberdeen,4-neighbour,2.0,17,7,0.06830601092896176,159.0,161.7,162,4.477974731155784,4.554015811496164,4.562464820422874
aberdeen-p038-uk,Aberdeen,4-neighbour,2.0,25,7,0.06830601092896176,113.85714285714286,115.7,116,3.206600054565283,3.258501109400781,3.26695011832749
aberdeen-p038-uk,Aberdeen,4-neighbour,2.0,78,7,0.06830601092896176,106.0,108.7,109,2.985316487437189,3.0613575677775704,3.0698065767042793
aberdeen-p038-uk,Aberdeen,4-neighbour,2.0,67,6,0.0585480093676815,110.5,112.75,113,3.1120516213378244,3.175419188288142,3.1824600290603997
aberdeen-p038-uk,Aberdeen,4-neighbour,2.0,73,6,0.0585480093676815,123.0,124.0,124,3.4640936599507004,3.4922570230397305,3.4922570230397305
aberdeen-p038-uk,Aberdeen,4-neighbour,2.0,14,5,0.04879000780640125,144.0,145.8,146,4.055524284820333,4.106218338380587,4.111851010998392
aberdeen-p038-uk,Aberdeen,4-neighbour,2.0,26,5,0.04879000780640125,71.6,72.8,73,2.016496797174554,2.0502928328813903,2.055925505499196
aberdeen-p038-uk,Aberdeen,4-neighbour,2.0,30,5,0.04879000780640125,120.6,121.8,122,3.396501588537028,3.4302976242438645,3.4359302968616703
aberdeen-p038-uk,Aberdeen,4-neighbour,2.0,56,5,0.04879000780640125,75.2,76.8,77,2.1178849042950625,2.1629462852375103,2.1685789578553165
aberdeen-p038-uk,Aberdeen,4-neighbour,2.0,106,5,0.04879000780640125,44.2,45.0,45,1.2448206485351299,1.2673513390063538,1.2673513390063538
aberdeen-p038-uk,Aberdeen,4-neighbour,2.0,122,5,0.04879000780640125,17.6,18.8,19,0.49567519036692953,0.5294712260737656,0.5351038986915716
aberdeen-p038-uk,Aberdeen,4-neighbour,2.0,126,5,0.04879000780640125,9.8,10.8,11,0.2760009582724949,0.30416432136152494,0.3097969939793309
aberdeen-p038-uk,Aberdeen,4-neighbour,2.0,2,4,0.039032006245121,40.5,41.85,42,1.1406162051057185,1.1786367452759092,1.1828612497392637
aberdeen-p038-uk,Aberdeen,4-neighbour,2.0,5,4,0.039032006245121,60.5,61.85,62,1.70388346688632,1.7419040070565108,1.7461285115198653
aberdeen-p038-uk,Aberdeen,4-neighbour,2.0,31,4,0.039032006245121,75.0,75.85,76,2.1122522316772563,2.136191090302932,2.1404155947662864
aberdeen-p038-uk,Aberdeen,4-neighbour,2.0,74,4,0.039032006245121,114.5,115.85,116,3.224705073693945,3.262725613864135,3.26695011832749
aberdeen-p038-uk,Aberdeen,4-neighbour,2.0,114,4,0.039032006245121,46.0,46.85,47,1.2955147020953839,1.3194535607210596,1.323678065184414
aberdeen-p038-uk,Aberdeen,4-neighbour,2.0,116,4,0.039032006245121,37.5,38.85,39,1.0561261158386281,1.0941466560088189,1.0983711604721733
aberdeen-p038-uk,Aberdeen,4-neighbour,2.0,124,4,0.039032006245121,13.25,13.85,14,0.3731645609296486,0.39006257878306666,0.3942870832464212
aberdeen-p038-uk,Aberdeen,4-neighbour,2.0,1,3,0.02927400468384075,69.0,69.9,70,1.9432720531430758,1.968619079923203,1.971435416232106
aberdeen-p038-uk,Aberdeen,4-neighbour,2.0,7,3,0.02927400468384075,35.666666666666664,36.0,36,1.0044932835087397,1.0138810712050832,1.0138810712050832
aberdeen-p038-uk,Aberdeen,4-neighbour,2.0,11,3,0.02927400468384075,157.66666666666666,158.0,158,4.4404235803704095,4.4498113680667535,4.4498113680667535
aberdeen-p038-uk,Aberdeen,4-neighbour,2.0,15,3,0.02927400468384075,139.66666666666666,140.0,140,3.9334830447678684,3.942870832464212,3.942870832464212
aberdeen-p038-uk,Aberdeen,4-neighbour,2.0,16,3,0.02927400468384075,136.0,136.9,137,3.830217380108092,3.855564406888219,3.8583807431971215
aberdeen-p038-uk,Aberdeen,4-neighbour,2.0,20,3,0.02927400468384075,120.66666666666667,121.0,121,3.398379146076297,3.40776693377264,3.40776693377264
aberdeen-p038-uk,Aberdeen,4-neighbour,2.0,28,3,0.02927400468384075,115.0,115.9,116,3.23878675523846,3.264133782018587,3.26695011832749
aberdeen-p038-uk,Aberdeen,4-neighbour,2.0,50,3,0.02927400468384075,118.0,118.9,119,3.3232768445055503,3.3486238712856773,3.3514402075945804
aberdeen-p038-uk,Aberdeen,4-neighbour,2.0,66,3,0.02927400468384075,110.66666666666667,111.0,111,3.1167455151859964,3.1261333028823395,3.1261333028823395
aberdeen-p038-uk,Aberdeen,4-neighbour,2.0,75,3,0.02927400468384075,105.0,105.9,106,2.957153124348159,2.9825001511282863,2.985316487437189
aberdeen-p038-uk,Aberdeen,4-neighbour,2.0,76,3,0.02927400468384075,99.0,99.9,100,2.7881729458139786,2.8135199725941056,2.8163363089030087
aberdeen-p038-uk,Aberdeen,4-neighbour,2.0,98,3,0.02927400468384075,53.0,53.9,54,1.4926582437185945,1.5180052704987215,1.5208216068076246
aberdeen-p038-uk,Aberdeen,4-neighbour,2.0,105,3,0.02927400468384075,41.666666666666664,42.0,42,1.1734734620429201,1.1828612497392637,1.1828612497392637
aberdeen-p038-uk,Aberdeen,4-neighbour,2.0,4,2,0.0195160031225605,69.5,69.95,70,1.9573537346875909,1.9700272480776546,1.971435416232106
aberdeen-p038-uk,Aberdeen,4-neighbour,2.0,18,2,0.0195160031225605,144.5,144.95,145,4.069605966364847,4.08227947975491,4.083687647909362
aberdeen-p038-uk,Aberdeen,4-neighbour,2.0,29,2,0.0195160031225605,124.5,124.95,125,3.5063387045842456,3.5190122179743093,3.5204203861287606
aberdeen-p038-uk,Aberdeen,4-neighbour,2.0,36,2,0.0195160031225605,51.0,51.0,51,1.4363315175405345,1.4363315175405345,1.4363315175405345
aberdeen-p038-uk,Aberdeen,4-neighbour,2.0,39,2,0.0195160031225605,107.5,107.95,108,3.027561532070734,3.040235045460798,3.041643213615249
aberdeen-p038-uk,Aberdeen,4-neighbour,2.0,49,2,0.0195160031225605,140.5,140.95,141,3.956952514008727,3.9696260273987902,3.971034195553242
aberdeen-p038-uk,Aberdeen,4-neighbour,2.0,54,2,0.0195160031225605,127.5,127.95,128,3.590828793851336,3.6035023072413996,3.604910475395851
aberdeen-p038-uk,Aberdeen,4-neighbour,2.0,60,2,0.0195160031225605,117.5,117.95,118,3.309195162961035,3.3218686763510985,3.3232768445055503
aberdeen-p038-uk,Aberdeen,4-neighbour,2.0,62,2,0.0195160031225605,80.5,80.95,81,2.267150728666922,2.2798242420569856,2.281232410211437
aberdeen-p038-uk,Aberdeen,4-neighbour,2.0,63,2,0.0195160031225605,106.5,106.95,107,2.999398168981704,3.0120716823717677,3.013479850526219
aberdeen-p038-uk,Aberdeen,4-neighbour,2.0,65,2,0.0195160031225605,106.5,106.95,107,2.999398168981704,3.0120716823717677,3.013479850526219
aberdeen-p038-uk,Aberdeen,4-neighbour,2.0,80,2,0.0195160031225605,98.5,98.95,99,2.7740912642694635,2.7867647776595272,2.7881729458139786
aberdeen-p038-uk,Aberdeen,4-neighbour,2.0,83,2,0.0195160031225605,95.5,95.95,96,2.689601175002373,2.702274688392437,2.7036828565468882
aberdeen-p038-uk,Aberdeen,4-neighbour,2.0,90,2,0.0195160031225605,84.5,84.95,85,2.3798041810230424,2.3924776944131056,2.3938858625675574
aberdeen-p038-uk,Aberdeen,4-neighbour,2.0,91,2,0.0195160031225605,81.5,81.95,82,2.295314091755952,2.3079876051460158,2.309395773300467
aberdeen-p038-uk,Aberdeen,4-neighbour,2.0,101,2,0.0195160031225605,34.5,34.95,35,0.9716360265715379,0.9843095399616015,0.985717708116053
aberdeen-p038-uk,Aberdeen,4-neighbour,2.0,104,2,0.0195160031225605,30.5,30.95,31,0.8589825742154176,0.8716560876054811,0.8730642557599326
aberdeen-p038-uk,Aberdeen,4-neighbour,2.0,110,2,0.0195160031225605,48.5,48.95,49,1.3659231098179592,1.3785966232080227,1.3800047913624742
aberdeen-p038-uk,Aberdeen,4-neighbour,2.0,3,1,0.00975800156128025,68.0,68.0,68,1.915108690054046,1.915108690054046,1.915108690054046
aberdeen-p038-uk,Aberdeen,4-neighbour,2.0,9,1,0.00975800156128025,41.0,41.0,41,1.1546978866502335,1.1546978866502335,1.1546978866502335
aberdeen-p038-uk,Aberdeen,4-neighbour,2.0,10,1,0.00975800156128025,96.0,96.0,96,2.7036828565468882,2.7036828565468882,2.7036828565468882
aberdeen-p038-uk,Aberdeen,4-neighbour,2.0,12,1,0.00975800156128025,154.0,154.0,154,4.337157915710633,4.337157915710633,4.337157915710633
aberdeen-p038-uk,Aberdeen,4-neighbour,2.0,13,1,0.00975800156128025,151.0,151.0,151,4.252667826443543,4.252667826443543,4.252667826443543
aberdeen-p038-uk,Aberdeen,4-neighbour,2.0,19,1,0.00975800156128025,131.0,131.0,131,3.6894005646629413,3.6894005646629413,3.6894005646629413
aberdeen-p038-uk,Aberdeen,4-neighbour,2.0,21,1,0.00975800156128025,69.0,69.0,69,1.9432720531430758,1.9432720531430758,1.9432720531430758
aberdeen-p038-uk,Aberdeen,4-neighbour,2.0,22,1,0.00975800156128025,164.0,164.0,164,4.618791546600934,4.618791546600934,4.618791546600934
aberdeen-p038-uk,Aberdeen,4-neighbour,2.0,23,1,0.00975800156128025,130.0,130.0,130,3.661237201573911,3.661237201573911,3.661237201573911
aberdeen-p038-uk,Aberdeen,4-neighbour,2.0,24,1,0.00975800156128025,118.0,118.0,118,3.3232768445055503,3.3232768445055503,3.3232768445055503
aberdeen-p038-uk,Aberdeen,4-neighbour,2.0,27,1,0.00975800156128025,135.0,135.0,135,3.8020540170190618,3.8020540170190618,3.8020540170190618
aberdeen-p038-uk,Aberdeen,4-neighbour,2.0,32,1,0.00975800156128025,87.0,87.0,87,2.4502125887456176,2.4502125887456176,2.4502125887456176
aberdeen-p038-uk,Aberdeen,4-neighbour,2.0,33,1,0.00975800156128025,143.0,143.0,143,4.027360921731303,4.027360921731303,4.027360921731303
aberdeen-p038-uk,Aberdeen,4-neighbour,2.0,35,1,0.00975800156128025,77.0,77.0,77,2.1685789578553165,2.1685789578553165,2.1685789578553165
aberdeen-p038-uk,Aberdeen,4-neighbour,2.0,37,1,0.00975800156128025,145.0,145.0,145,4.083687647909362,4.083687647909362,4.083687647909362
aberdeen-p038-uk,Aberdeen,4-neighbour,2.0,40,1,0.00975800156128025,84.0,84.0,84,2.3657224994785273,2.3657224994785273,2.3657224994785273
aberdeen-p038-uk,Aberdeen,4-neighbour,2.0,41,1,0.00975800156128025,78.0,78.0,78,2.1967423209443466,2.1967423209443466,2.1967423209443466
aberdeen-p038-uk,Aberdeen,4-neighbour,2.0,42,1,0.00975800156128025,115.0,115.0,115,3.23878675523846,3.23878675523846,3.23878675523846
aberdeen-p038-uk,Aberdeen,4-neighbour,2.0,43,1,0.00975800156128025,104.0,104.0,104,2.928989761259129,2.928989761259129,2.928989761259129
aberdeen-p038-uk,Aberdeen,4-neighbour,2.0,44,1,0.00975800156128025,102.0,102.0,102,2.872663035081069,2.872663035081069,2.872663035081069
aberdeen-p038-uk,Aberdeen,4-neighbour,2.0,46,1,0.00975800156128025,50.0,50.0,50,1.4081681544515043,1.4081681544515043,1.4081681544515043
aberdeen-p038-uk,Aberdeen,4-neighbour,2.0,47,1,0.00975800156128025,100.0,100.0,100,2.8163363089030087,2.8163363089030087,2.8163363089030087
aberdeen-p038-uk,Aberdeen,4-neighbour,2.0,48,1,0.00975800156128025,49.0,49.0,49,1.3800047913624742,1.3800047913624742,1.3800047913624742
aberdeen-p038-uk,Aberdeen,4-neighbour,2.0,52,1,0.00975800156128025,136.0,136.0,136,3.830217380108092,3.830217380108092,3.830217380108092
aberdeen-p038-uk,Aberdeen,4-neighbour,2.0,53,1,0.00975800156128025,130.0,130.0,130,3.661237201573911,3.661237201573911,3.661237201573911
aberdeen-p038-uk,Aberdeen,4-neighbour,2.0,55,1,0.00975800156128025,87.0,87.0,87,2.4502125887456176,2.4502125887456176,2.4502125887456176
aberdeen-p038-uk,Aberdeen,4-neighbour,2.0,57,1,0.00975800156128025,125.0,125.0,125,3.5204203861287606,3.5204203861287606,3.5204203861287606
aberdeen-p038-uk,Aberdeen,4-neighbour,2.0,58,1,0.00975800156128025,94.0,94.0,94,2.647356130368828,2.647356130368828,2.647356130368828
aberdeen-p038-uk,Aberdeen,4-neighbour,2.0,59,1,0.00975800156128025,120.0,120.0,120,3.37960357068361,3.37960357068361,3.37960357068361
aberdeen-p038-uk,Aberdeen,4-neighbour,2.0,61,1,0.00975800156128025,114.0,114.0,114,3.21062339214943,3.21062339214943,3.21062339214943
aberdeen-p038-uk,Aberdeen,4-neighbour,2.0,69,1,0.00975800156128025,118.0,118.0,118,3.3232768445055503,3.3232768445055503,3.3232768445055503
aberdeen-p038-uk,Aberdeen,4-neighbour,2.0,70,1,0.00975800156128025,96.0,96.0,96,2.7036828565468882,2.7036828565468882,2.7036828565468882
aberdeen-p038-uk,Aberdeen,4-neighbour,2.0,72,1,0.00975800156128025,98.0,98.0,98,2.7600095827249485,2.7600095827249485,2.7600095827249485
aberdeen-p038-uk,Aberdeen,4-neighbour,2.0,77,1,0.00975800156128025,95.0,95.0,95,2.675519493457858,2.675519493457858,2.675519493457858
aberdeen-p038-uk,Aberdeen,4-neighbour,2.0,79,1,0.00975800156128025,116.0,116.0,116,3.26695011832749,3.26695011832749,3.26695011832749
aberdeen-p038-uk,Aberdeen,4-neighbour,2.0,81,1,0.00975800156128025,121.0,121.0,121,3.40776693377264,3.40776693377264,3.40776693377264
aberdeen-p038-uk,Aberdeen,4-neighbour,2.0,82,1,0.00975800156128025,90.0,90.0,90,2.5347026780127075,2.5347026780127075,2.5347026780127075
aberdeen-p038-uk,Aberdeen,4-neighbour,2.0,84,1,0.00975800156128025,88.0,88.0,88,2.4783759518346473,2.4783759518346473,2.4783759518346473
aberdeen-p038-uk,Aberdeen,4-neighbour,2.0,85,1,0.00975800156128025,93.0,93.0,93,2.619192767279798,2.619192767279798,2.619192767279798
aberdeen-p038-uk,Aberdeen,4-neighbour,2.0,86,1,0.00975800156128025,86.0,86.0,86,2.4220492256565875,2.4220492256565875,2.4220492256565875
aberdeen-p038-uk,Aberdeen,4-neighbour,2.0,87,1,0.00975800156128025,91.0,91.0,91,2.5628660411017377,2.5628660411017377,2.5628660411017377
aberdeen-p038-uk,Aberdeen,4-neighbour,2.0,88,1,0.00975800156128025,89.0,89.0,89,2.5065393149236774,2.5065393149236774,2.5065393149236774
aberdeen-p038-uk,Aberdeen,4-neighbour,2.0,89,1,0.00975800156128025,87.0,87.0,87,2.4502125887456176,2.4502125887456176,2.4502125887456176
aberdeen-p038-uk,Aberdeen,4-neighbour,2.0,93,1,0.00975800156128025,75.0,75.0,75,2.1122522316772563,2.1122522316772563,2.1122522316772563
aberdeen-p038-uk,Aberdeen,4-neighbour,2.0,94,1,0.00975800156128025,61.0,61.0,61,1.7179651484308351,1.7179651484308351,1.7179651484308351
aberdeen-p038-uk,Aberdeen,4-neighbour,2.0,95,1,0.00975800156128025,61.0,61.0,61,1.7179651484308351,1.7179651484308351,1.7179651484308351
aberdeen-p038-uk,Aberdeen,4-neighbour,2.0,96,1,0.00975800156128025,56.0,56.0,56,1.5771483329856848,1.5771483329856848,1.5771483329856848
aberdeen-p038-uk,Aberdeen,4-neighbour,2.0,99,1,0.00975800156128025,49.0,49.0,49,1.3800047913624742,1.3800047913624742,1.3800047913624742
aberdeen-p038-uk,Aberdeen,4-neighbour,2.0,103,1,0.00975800156128025,31.0,31.0,31,0.8730642557599326,0.8730642557599326,0.8730642557599326
aberdeen-p038-uk,Aberdeen,4-neighbour,2.0,107,1,0.00975800156128025,45.0,45.0,45,1.2673513390063538,1.2673513390063538,1.2673513390063538
aberdeen-p038-uk,Aberdeen,4-neighbour,2.0,108,1,0.00975800156128025,46.0,46.0,46,1.2955147020953839,1.2955147020953839,1.2955147020953839
aberdeen-p038-uk,Aberdeen,4-neighbour,2.0,112,1,0.00975800156128025,51.0,51.0,51,1.4363315175405345,1.4363315175405345,1.4363315175405345
aberdeen-p038-uk,Aberdeen,4-neighbour,2.0,113,1,0.00975800156128025,50.0,50.0,50,1.4081681544515043,1.4081681544515043,1.4081681544515043
aberdeen-p038-uk,Aberdeen,4-neighbour,2.0,118,1,0.00975800156128025,30.0,30.0,30,0.8449008926709025,0.8449008926709025,0.8449008926709025
aberdeen-p038-uk,Aberdeen,4-neighbour,2.0,120,1,0.00975800156128025,25.0,25.0,25,0.7040840772257522,0.7040840772257522,0.7040840772257522
aberdeen-p038-uk,Aberdeen,4-neighbour,2.0,123,1,0.00975800156128025,15.0,15.0,15,0.42245044633545126,0.42245044633545126,0.42245044633545126
aberdeen-p038-uk,Aberdeen,4-neighbour,2.0,125,1,0.00975800156128025,12.0,12.0,12,0.33796035706836103,0.33796035706836103,0.33796035706836103
aberdeen-p038-uk,Aberdeen,4-neighbour,2.0,127,1,0.00975800156128025,11.0,11.0,11,0.3097969939793309,0.3097969939793309,0.3097969939793309
aberdeen-p038-uk,Aberdeen,4-neighbour,2.0,128,1,0.00975800156128025,8.0,8.0,8,0.22530690471224069,0.22530690471224069,0.22530690471224069
aberdeen-p038-uk,Aberdeen,4-neighbour,2.0,129,1,0.00975800156128025,6.0,6.0,6,0.16898017853418051,0.16898017853418051,0.16898017853418051
aberdeen-p038-uk,Aberdeen,4-neighbour,2.0,130,1,0.00975800156128025,5.0,5.0,5,0.14081681544515043,0.14081681544515043,0.14081681544515043
aberdeen-p038-uk,Aberdeen,4-neighbour,2.0,131,1,0.00975800156128025,1.0,1.0,1,0.028163363089030086,0.028163363089030086,0.028163363089030086
