station_id,station,lat,lon,coast_rp_rp10_m,match_dist_km,passes_primary_match_le6km,archive_available,passes_years_ge25,passes_corr_ge055,selected_base_30,window_width_km,bbox_west,bbox_south,bbox_east,bbox_north,terrain_source,terrain_tiles,mask_source,official_mask_classes_used,deltadtm_release,deltadtm_vertical_reference,deltadtm_release_cap_m,marine_seed_rule,marine_seed_resolved,marine_seed_status,marine_context_width_km,marine_context_source,marine_context_ocean_cells,marine_context_river_cells,mask_lowland_area_km2,mask_reference_land_area_km2,mask_lowland_cells,mask_tidal_water_cells,mask_tidal_river_cells,mask_ocean_cells,mask_river_cells,mask_lake_cells,mask_clipped_255_cells,mask_outside_support_cells,mask_land_cells,mask_ocean_area_km2,mask_river_area_km2,mask_lake_area_km2,mask_clipped_255_area_km2,mask_outside_support_area_km2,mask_land_area_km2,mask_all_below_0m_lowland_pct,mask_all_below_0m_area_km2,mask_below_0m_reference_land_pct,mask_connected_0m_lowland_pct,mask_unconnected_0m_lowland_pct,mask_connected_0m_area_km2,mask_unconnected_0m_area_km2,mask_connected_0m_window_pct,mask_connected_0m_conditional_pct,mask_connected_0m_reference_land_pct,mask_all_below_0.5m_lowland_pct,mask_all_below_0.5m_area_km2,mask_below_0.5m_reference_land_pct,mask_connected_0.5m_lowland_pct,mask_unconnected_0.5m_lowland_pct,mask_connected_0.5m_area_km2,mask_unconnected_0.5m_area_km2,mask_connected_0.5m_window_pct,mask_connected_0.5m_conditional_pct,mask_connected_0.5m_reference_land_pct,mask_all_below_1m_lowland_pct,mask_all_below_1m_area_km2,mask_below_1m_reference_land_pct,mask_connected_1m_lowland_pct,mask_unconnected_1m_lowland_pct,mask_connected_1m_area_km2,mask_unconnected_1m_area_km2,mask_connected_1m_window_pct,mask_connected_1m_conditional_pct,mask_connected_1m_reference_land_pct,mask_all_below_1.5m_lowland_pct,mask_all_below_1.5m_area_km2,mask_below_1.5m_reference_land_pct,mask_connected_1.5m_lowland_pct,mask_unconnected_1.5m_lowland_pct,mask_connected_1.5m_area_km2,mask_unconnected_1.5m_area_km2,mask_connected_1.5m_window_pct,mask_connected_1.5m_conditional_pct,mask_connected_1.5m_reference_land_pct,mask_all_below_2m_lowland_pct,mask_all_below_2m_area_km2,mask_below_2m_reference_land_pct,mask_connected_2m_lowland_pct,mask_unconnected_2m_lowland_pct,mask_connected_2m_area_km2,mask_unconnected_2m_area_km2,mask_connected_2m_window_pct,mask_connected_2m_conditional_pct,mask_connected_2m_reference_land_pct,mask_all_below_2.5m_lowland_pct,mask_all_below_2.5m_area_km2,mask_below_2.5m_reference_land_pct,mask_connected_2.5m_lowland_pct,mask_unconnected_2.5m_lowland_pct,mask_connected_2.5m_area_km2,mask_unconnected_2.5m_area_km2,mask_connected_2.5m_window_pct,mask_connected_2.5m_conditional_pct,mask_connected_2.5m_reference_land_pct,mask_all_below_3m_lowland_pct,mask_all_below_3m_area_km2,mask_below_3m_reference_land_pct,mask_connected_3m_lowland_pct,mask_unconnected_3m_lowland_pct,mask_connected_3m_area_km2,mask_unconnected_3m_area_km2,mask_connected_3m_window_pct,mask_connected_3m_conditional_pct,mask_connected_3m_reference_land_pct,connected_2m_lowland_pct,connected_2m_area_km2,all_below_2m_lowland_pct,all_below_2m_area_km2,unconnected_2m_lowland_pct,unconnected_2m_area_km2,proxy_minus_mask_connected_2m_lowland_pct,proxy_minus_mask_connected_2m_area_km2
esbjerg-130121-denmark,Esbjerg 130121 Denmark,55.467,8.4333,3.3989999294281006,1.0961426145407729,True,True,True,True,True,10.0,8.354067190723551,55.42178141335214,8.512532809276447,55.512218586647855,DeltaDTM:DeltaDTM_v1_1_N55E008.tif,DeltaDTM_v1_1_N55E008.tif,DeltaDTM_v1_1_N55E008.tif,True,v1.1.1,EGM2008,30.0,ocean class 1 plus river class 3 cells connected to ocean in an adaptive context; lake class 2 and 255 clipped cells excluded,True,resolved_local_ocean,10.0,DeltaDTM_v1_1_N55E008.tif,49596,0,42.0611325913602,60.13010731729512,51844,49596,0,49596,0,152,0,0,74132,40.242717889744796,0.0,0.12331646532897514,0.0,0.0,60.13010731729512,0.025084519776608413,0.010550833123145236,0.017546672696708322,0.015439487901916257,0.009645031874692159,0.006494023477852013,0.004056809645293223,0.006461962986622325,61.54986437617094,0.01079995324735459,0.47662672277683843,0.2004745978330208,0.333401363771321,0.2952536067529583,0.1813731160238801,0.12418701101713502,0.07628758681588578,0.12357390935664134,61.946507118359605,0.20653049954130936,3.950088750362432,1.6614520667663455,2.763095129697972,3.575795170186142,0.3742935801762897,1.5040199477274472,0.1574321190388983,1.4965947176666314,90.52442606151705,2.5012760076928195,8.675410140256455,3.6489757619375753,6.068467070385598,7.778494353778176,0.8969157864782789,3.2717228237541054,0.37725293818346994,3.2555705814262668,89.66140191670794,5.4410726501615025,13.188407822527305,5.54719370092253,9.225318144953652,11.984987208712084,1.2034206138152184,5.04102136091395,0.5061723400085798,5.0161342286635895,90.87516378012182,8.383522973463926,17.659398825323617,7.427743154756472,12.352785461635195,16.28077285617419,1.3786259691494291,6.847877457933606,0.5798656968228659,6.8140700169949,92.19324517903476,11.388433787085496,22.35005497307397,9.400686256466537,15.633908994808385,20.115093498746575,2.2349614743273984,8.460636147383871,0.9400501090826658,8.418866641633564,90.00019697034327,14.070548889491759,11.983763666727024,5.063427393005747,13.176623757515864,5.56743937352348,1.1928600907888405,0.504011980517733,-0.0012235419850608054,0.022406032091796924
denhelder-hel-nl,Denhelder Hel Nl,52.965,4.7464,2.635999917984009,0.6271861455373051,True,True,True,True,True,10.0,4.671826943020207,52.91978141335215,4.820973056979794,53.01021858664786,DeltaDTM:mosaic(2),DeltaDTM_v1_1_N52E004.tif;DeltaDTM_v1_1_N53E004.tif,mask:mosaic(2),True,v1.1.1,EGM2008,30.0,ocean class 1 plus river class 3 cells connected to ocean in an adaptive context; lake class 2 and 255 clipped cells excluded,True,resolved_local_ocean,10.0,mask:mosaic(2),121819,1141,29.023194797385322,29.073792795122053,50493,121819,0,121819,1141,1521,0,0,50581,69.99077852988663,0.6559511571973229,0.8737928102200276,0.0,0.0,29.073792795122053,17.409571791679944,5.052813934489916,17.379273389255452,1.392614186148734,16.01695760553121,0.4041811280219693,4.648632806467947,0.4017932095337807,7.9991294605779215,1.390190577714312,41.03675541155674,11.910177461622675,40.96533790947613,16.59243461861816,24.44432079293858,4.8156546209903475,7.094522840632328,4.787203538282774,40.43310552262963,16.563558304640285,59.73635240057573,17.33739792207166,59.63239142634495,59.211454883747365,0.5248975168283707,17.185055893275923,0.15234202879573644,17.08352588644721,99.12130972894269,59.10840740448285,68.50998804704867,19.883787286560334,68.39075805030983,67.89050022816379,0.6194878188848822,19.7039921301393,0.17979515642103294,19.587580145915922,99.09577006719158,67.77234834474434,73.07735219846748,21.209382281332566,72.95017348025895,71.9734038775979,1.103948320869591,20.88898120970412,0.3204010716284458,20.765568261964106,98.4893427475705,71.84814639391952,76.59080972931761,22.2290999046346,76.4575164350905,75.86273377608337,0.7280759532342457,22.017789002454506,0.21131090218009518,21.887707012517712,99.0493951483117,75.73070757437816,79.83713049430469,23.17128590400477,79.69818753022275,79.47677717526916,0.3603533190355189,23.066699858262247,0.10458604574252206,22.93042086047082,99.54863944031501,79.33846134492757,71.98711264601532,20.95317641835483,73.05773253294457,21.2648000763023,1.070619886929265,0.3116236579474716,0.013708768417416195,0.06419520865070893
lerwick-p041-uk,Lerwick P041 Uk,60.15,-1.1333,1.5080000162124634,0.0940864059903398,True,True,True,True,True,10.0,-1.223540622239346,60.10478141335214,-1.043059377760654,60.195218586647854,DeltaDTM:DeltaDTM_v1_1_N60W002.tif,DeltaDTM_v1_1_N60W002.tif,DeltaDTM_v1_1_N60W002.tif,True,v1.1.1,EGM2008,30.0,ocean class 1 plus river class 3 cells connected to ocean in an adaptive context; lake class 2 and 255 clipped cells excluded,True,resolved_local_ocean,10.0,DeltaDTM_v1_1_N60W002.tif,44524,0,10.453513693964652,56.92591873147791,11011,44524,0,44524,0,1481,0,0,59945,42.28876511276616,0.0,1.4066212468595927,0.0,0.0,56.92591873147791,0.12719151483734803,0.01329598242108326,0.02335664090693204,0.08178432930058833,0.045407185536759716,0.008549336062954146,0.004746646358129113,0.008496546586444572,64.30014565450674,0.015018354123157407,2.3159877269756675,0.24210209418994208,0.4252932575966818,2.2433161019089676,0.07267162506670002,0.23450535591196794,0.0075967382779741355,0.23305735867731406,96.86217572657009,0.41194830252655235,6.293852091916845,0.6579286903064081,1.1557629722409701,6.066758275729265,0.2270938161875794,0.6341894071330926,0.02373928317331553,0.6302734858774593,96.39181517342558,1.1140609080454058,9.999222911687042,1.045270136363256,1.836193705179958,9.50875776365365,0.49046514803339136,0.9939992949494614,0.051270841413794566,0.9878616601618149,95.0949673553118,1.7461278045211712,13.577387735090289,1.4193140861703404,2.4932651379160133,12.93256288365093,0.6448248514393581,1.3519072320230399,0.06740685414730052,1.3435596276544095,95.2507443698258,2.3748536029783662,17.391346273430667,1.8180067642578859,3.193636228926765,16.819027238962697,0.5723190344679702,1.7581793156166103,0.05982744864127554,1.747323108187411,96.70917348507791,3.088539201115085,20.81497929069016,2.1758967105482023,3.822330423531685,20.606085945760075,0.2088933449300829,2.1540600161301553,0.02183669441804703,2.140759369181154,98.99642780320461,3.78397057813147,12.965798213091045,1.364601713266696,13.609534673247367,1.4323525653148657,0.6437364601563222,0.0677508520481697,0.033235329440115535,0.012694481243656242
cuxhaven-germany,Cuxhaven Germany,53.867,8.7167,4.696000099182129,0.5308434347028981,True,True,True,True,True,10.0,8.64052824896714,53.82178141335214,8.792871751032859,53.91221858664785,DeltaDTM:DeltaDTM_v1_1_N53E008.tif,DeltaDTM_v1_1_N53E008.tif,DeltaDTM_v1_1_N53E008.tif,True,v1.1.1,EGM2008,30.0,ocean class 1 plus river class 3 cells connected to ocean in an adaptive context; lake class 2 and 255 clipped cells excluded,True,resolved_local_ocean,10.0,DeltaDTM_v1_1_N53E008.tif,62434,0,46.19897861625572,47.97352645201355,54725,62434,0,62434,0,56,0,0,56826,52.66262175195284,0.0,0.047291720113958685,0.0,0.0,47.97352645201355,2.0032841026778665,0.9254967942189978,1.929182327558813,0.0,2.0032841026778665,0.0,0.9254967942189978,0.0,0.0,0.0,9.465707758133947,4.373060303057561,9.115569828771706,0.02008989334656928,9.445617864787376,0.009281325531210123,4.3637789775263505,0.009218323825853232,0.21223868156404785,0.019346765221635205,26.287855891202142,12.144720921848597,25.315464215449307,0.13149502593157578,26.156360865270567,0.060749358911568616,12.083971562937029,0.06033699182047837,0.5002120617055867,0.12663100548243902,45.77423784775972,21.147230355040545,44.0810420226111,0.3835811310286829,45.39065671673103,0.17721056469993307,20.97001979034061,0.17600765809507252,0.8379847465826373,0.3693924082841635,63.688103643172475,29.423253383208035,61.332271273906066,62.72552619006553,0.9625774531069489,28.978552431482257,0.4447009517257783,28.781845806354386,98.48860713689952,60.40529970309482,74.16855345411122,34.26511415025104,71.42504769693214,73.82332804896392,0.3452254051473085,34.10562353914915,0.15949061110188723,33.87411431797152,99.53453938486086,71.09259223055858,78.49233207157242,36.26265570914617,75.58888910411578,78.3224184872136,0.16991358435882634,36.184157368642126,0.0784983405040478,35.93853904467959,99.78352842898859,75.42526064836203,62.944552463617626,29.10247894538526,63.90973491285408,29.54873204923559,0.9651824492364502,0.4462531038503279,0.21902627355209603,0.12392651390300458
delfzijl-del-nl,Delfzijl Del Nl,53.326,6.9331,4.093999862670898,0.2941116420316665,True,True,True,True,True,10.0,6.857897467341865,53.28078141335215,7.008302532658134,53.371218586647856,DeltaDTM:mosaic(2),DeltaDTM_v1_1_N53E006.tif;DeltaDTM_v1_1_N53E007.tif,mask:mosaic(2),True,v1.1.1,EGM2008,30.0,ocean class 1 plus river class 3 cells connected to ocean in an adaptive context; lake class 2 and 255 clipped cells excluded,True,resolved_local_ocean,10.0,mask:mosaic(2),62218,2405,63.392432558176964,63.392432558176964,111222,64240,2022,62218,2405,195,0,326,111222,35.43521829424075,1.370816540681151,0.11110994348105772,0.0,0.1857584765492221,63.392432558176964,72.81044810431996,46.15631420983746,72.81044810431996,71.25940694403918,1.5510411602807668,45.17307148835691,0.9832427214805506,44.95041597985814,97.86975468402763,71.25940694403918,86.28069937642594,54.69543416292423,86.28069937642594,86.01371806298441,0.2669813134415429,54.526188213857864,0.16924594906636514,54.25743172324852,99.69056658630367,86.01371806298441,91.63495816358706,58.0896290535656,91.63495816358706,91.45606798529116,0.17889017829589762,57.97622621793617,0.11340283562942943,57.690464685587834,99.80477954933254,91.45606798529116,94.82539842892135,60.112126747076566,94.82539842892135,94.67886755732091,0.14653087160044415,60.019237263120345,0.09288948395622043,59.72340584514886,99.84547297029258,94.67886755732091,97.00269000989225,61.492364844138415,97.00269000989225,96.98471755553156,0.017972454360698352,61.48097166812876,0.011393176009654837,61.1779354441409,99.98147221034915,96.98471755553156,97.80354818854941,62.00004832493029,97.80354818854941,97.79006804582855,0.013480142720852729,61.99150293454723,0.008545390383062568,61.68595033088928,99.98621712302823,97.79006804582855,98.21784355193371,62.26268023375534,98.21784355193371,98.21694379641156,0.0008997555221544381,62.26210985684277,0.0005703769125702252,61.955223447005565,99.99908391847183,98.21694379641156,96.9779090916734,61.72072207168247,96.9959001191143,61.73217230003718,0.017991027440872,0.0114502283547111,-0.006808463858163805,0.2397504035537068
portpatrick-p063-uk,Portpatrick P063 Uk,54.843,-5.12,2.88700008392334,0.7785273697399445,True,True,True,True,True,10.0,-5.198002926361625,54.79778141335215,-5.041997073638375,54.88821858664786,DeltaDTM:DeltaDTM_v1_1_N54W006.tif,DeltaDTM_v1_1_N54W006.tif,DeltaDTM_v1_1_N54W006.tif,True,v1.1.1,EGM2008,30.0,ocean class 1 plus river class 3 cells connected to ocean in an adaptive context; lake class 2 and 255 clipped cells excluded,True,resolved_local_ocean,10.0,DeltaDTM_v1_1_N54W006.tif,66733,0,0.9309922098746841,45.42104078330847,1130,66733,0,66733,0,52,0,0,55139,55.00542859674357,0.0,0.04282848840562081,0.0,0.0,45.42104078330847,0.8845286743279963,0.00823489305210146,0.018130128482497603,0.8845286743279963,0.0,0.00823489305210146,0.0,0.008196427393056168,100.0,0.018130128482497603,6.192166768923435,0.05764859024112612,0.12692045194682347,6.192166768923435,0.0,0.05764859024112612,0.0,0.0573793103606678,100.0,0.12692045194682347,14.952769991442288,0.1392091237808072,0.30648598398468313,14.952769991442288,0.0,0.1392091237808072,0.0,0.13855886995753744,100.0,0.30648598398468313,21.501718259644182,0.20017932198648986,0.4407193638329236,21.501718259644182,0.0,0.20017932198648986,0.0,0.19924427286092955,100.0,0.4407193638329236,26.72325914843609,0.24879146089656384,0.5477449582969285,26.72325914843609,0.0,0.24879146089656384,0.0,0.24762934167441011,100.0,0.5477449582969285,31.237178123565148,0.29081569491507053,0.6402664710006839,31.237178123565148,0.0,0.29081569491507053,0.0,0.28945727807895044,100.0,0.6402664710006839,35.573528083003126,0.3311867752303421,0.7291483627826691,35.573528083003126,0.0,0.3311867752303421,0.0,0.3296397827562785,100.00000000000001,0.7291483627826691,26.853430154662277,0.249479843169736,26.853430154662277,0.249479843169736,0.0,0.0,0.13017100622618827,0.0006883822731721667
newlyn-p001-uk,Newlyn,50.102,-5.5417,3.345999956130981,0.898627283055563,True,True,True,True,True,10.0,-5.611724880786686,50.05678141335214,-5.471675119213313,50.14721858664785,DeltaDTM:DeltaDTM_v1_1_N50W006.tif,DeltaDTM_v1_1_N50W006.tif,DeltaDTM_v1_1_N50W006.tif,True,v1.1.1,EGM2008,30.0,ocean class 1 plus river class 3 cells connected to ocean in an adaptive context; lake class 2 and 255 clipped cells excluded,True,resolved_local_ocean,10.0,DeltaDTM_v1_1_N50W006.tif,41743,0,4.416870773907014,61.93394318807579,4814,41743,0,41743,0,310,0,0,67483,38.325944740899985,0.0,0.2845169552817083,0.0,0.0,61.93394318807579,0.7688250681953621,0.03395800973959162,0.0548294004734541,0.7272446524309155,0.041580415764446585,0.032121456508022755,0.001836553231568866,0.03194753258025609,94.5916935484366,0.051864058470294745,1.9741503630134791,0.08719567041692158,0.1407881783856925,1.9741503630134791,0.0,0.08719567041692158,0.0,0.08672354321187499,100.0,0.1407881783856925,3.511978082625464,0.15511953351750404,0.2504596438280219,3.511978082625464,0.0,0.15511953351750404,0.0,0.15427962768895112,100.0,0.2504596438280219,4.8837367213773595,0.21570833992108124,0.3482877543676435,4.8837367213773595,0.0,0.21570833992108124,0.0,0.21454037165906512,100.0,0.3482877543676435,6.3592579232264885,0.28088020464835695,0.45351577856976355,6.255407876667987,0.10385004655850211,0.27629328229322564,0.0045869223551313065,0.2747972725198214,98.36694709017539,0.4461096259513163,8.353972731711416,0.36898418004712297,0.595770527522562,7.7723998371987575,0.5815728945126576,0.3432968568404283,0.025687323206694646,0.3414380514118287,93.03836733504018,0.5542951718703478,10.805255871063999,0.47725418861489755,0.7705858274930311,8.811323693565857,1.9939321774981416,0.3891847810154544,0.08806940759944315,0.387077512133537,81.5466454354144,0.6283868925212961,6.2497829892873975,0.2777029054249355,6.353660411651803,0.2823185956093938,0.1038774223644054,0.0046156901844583,-0.005624887380589527,0.0014096231317098362
fishguard-p055-uk,Fishguard P055 Uk,52.014,-4.9833,2.997999906539917,0.6424302156659428,True,True,True,True,True,10.0,-5.056277786609723,51.96878141335215,-4.910322213390277,52.05921858664786,DeltaDTM:mosaic(3),DeltaDTM_v1_1_N51W005.tif;DeltaDTM_v1_1_N51W006.tif;DeltaDTM_v1_1_N52W005.tif,mask:mosaic(4),True,v1.1.1,EGM2008,30.0,ocean class 1 plus river class 3 cells connected to ocean in an adaptive context; lake class 2 and 255 clipped cells excluded,True,resolved_local_ocean,10.0,mask:mosaic(4),83188,0,1.2738871961471474,40.6286118200529,2169,83188,0,83188,0,0,0,850,87112,48.82271809423619,0.0,0.0,0.0,0.49941511703131064,51.17407962102951,0.0,0.0,0.0,0.0,0.0,0.0,0.0,0.0,,0.0,0.32273895629652366,0.004111330241240352,0.010119297847166758,0.27662676934374214,0.04611218695278152,0.003523912995785433,0.0005874172454549192,0.0035065132271859447,85.71223397326261,0.008673476247214899,0.9681521983484682,0.012333166893978271,0.030355865833178772,0.9681521983484682,0.0,0.012333166893978271,0.0,0.01227227031386669,100.0,0.030355865833178772,2.304978419123718,0.02936282495517198,0.07227129759003846,2.304978419123718,0.0,0.02936282495517198,0.0,0.029217842272495555,100.0,0.07227129759003846,7.237835027461528,0.09220185369308577,0.22693823284303813,7.145608364769211,0.09222666269231679,0.09102699004561453,0.0011748636474712415,0.09057753270515354,98.72577003561986,0.22404651787951735,14.153772366351937,0.18030309394677044,0.4437835453136968,13.554366580481272,0.5994057858706632,0.17266734038759887,0.007635753559171565,0.17181477343403714,95.76504573935607,0.42498951515339767,20.792838284438066,0.2648773046210387,0.6519477106286566,20.654498290399587,0.13833999403847627,0.2631150091498318,0.0017622954712068761,0.2618158453283258,99.33467479453243,0.6476101381833754,7.146693586404861,0.0914105221114902,7.238883659922446,0.0925896887641322,0.092190073517586,0.001179166652642,0.0010852216356500577,0.0003835320658756719
hoekvanholla-hvh-nl,Hoek van Holland,51.977,4.12,3.372999906539917,0.4316300697656207,True,True,True,True,True,10.0,4.047082498525106,51.93178141335214,4.192917501474894,52.02221858664785,DeltaDTM:mosaic(2),DeltaDTM_v1_1_N51E004.tif;DeltaDTM_v1_1_N52E004.tif,mask:mosaic(2),True,v1.1.1,EGM2008,30.0,ocean class 1 plus river class 3 cells connected to ocean in an adaptive context; lake class 2 and 255 clipped cells excluded,True,resolved_local_ocean,10.0,mask:mosaic(2),42278,37456,53.45068958104698,53.45304071050628,90944,79512,37234,42278,37456,468,0,0,90948,24.830158419374023,22.021010060629177,0.2750895225724953,0.0,0.0,53.45304071050628,3.9986591739961916,2.1373109024967616,3.99848329316216,0.13310882090853574,3.8655503530876563,0.07114758266881319,2.0661633198279485,0.0707377995066089,3.3288363703053254,0.13310296612336409,15.423760513237742,8.244106353654804,15.423082099863427,0.6202513261254599,14.803509187112283,0.3315286109496469,7.912577742705157,0.3296191315624338,4.021401431856499,0.6202240444003112,30.80331158222731,16.46458245449901,30.801956700028985,1.3307936793317254,29.472517902895582,0.7113183985037943,15.753264055995215,0.7072214736085407,4.320294185835389,1.3307351444348865,41.41104870186621,22.13449109389069,41.409227238854015,2.006195953134126,39.404852748732075,1.0723255712972484,21.062165522593443,1.0661493816498195,4.844591035540995,2.0061077107003213,48.137600496574564,25.729879413188602,48.135483166500855,46.698639451541524,1.43896104503305,24.960744811815797,0.7691346013728051,24.816980363941678,97.010733750355,46.6965854141011,51.773474084694314,27.673278918333764,51.77119683089336,50.375234949981,1.3982391347133236,26.92591045883743,0.7473684594963359,26.770827400226523,97.29931367474782,50.37301919766203,54.58740142433492,29.177342485681276,54.58500040007345,53.245494926231274,1.3419064981036477,28.460084208911997,0.7172582767692788,28.296164889853525,97.54172856173838,53.24315292566345,47.55977655513188,25.5091769546484,48.17005146765521,25.83650420179167,0.6102749125233355,0.3273272471432698,0.8611371035903588,0.5484321428326027
milfordhaven-p056-uk,Milfordhaven P056 Uk,51.702,-5.0143,4.375999927520752,0.1860794166112794,True,True,True,True,True,10.0,-5.086773481355837,51.65678141335214,-4.941826518644164,51.747218586647854,DeltaDTM:mosaic(2),DeltaDTM_v1_1_N51W005.tif;DeltaDTM_v1_1_N51W006.tif,mask:mosaic(2),True,v1.1.1,EGM2008,30.0,ocean class 1 plus river class 3 cells connected to ocean in an adaptive context; lake class 2 and 255 clipped cells excluded,True,resolved_local_ocean,10.0,mask:mosaic(2),15662,22569,6.896577831244065,77.70270760413167,11660,38231,22569,15662,22569,190,0,326,131425,9.263506787449765,13.345964884066326,0.11231950185037755,0.0,0.19275335657869125,77.70270760413167,0.9177180760037779,0.0632911413829961,0.08145294203316891,0.0,0.9177180760037779,0.0,0.0632911413829961,0.0,0.0,0.0,1.1064236412920723,0.07630536756499241,0.09820168423697895,0.12866664273617542,0.9777569985558967,0.008873595159149076,0.06743177240584333,0.008819158713780641,11.629057617199827,0.01141993044097892,2.984850226716611,0.205852519031576,0.26492322517295425,1.9299062813321568,1.054943945384454,0.13309748876214025,0.07275503026943575,0.1322809815803577,64.65672093219527,0.17129067038464832,4.897303942753108,0.33774637804455243,0.43466487649986796,3.8337904056560177,1.0635135370970907,0.26440033921283485,0.07334603883171759,0.26277833433625275,78.28369344584283,0.34027171943590795,6.458104509183917,0.4453882038989514,0.573195217556703,5.334558206480542,1.1235463027033756,0.36790195866294806,0.07748624523600334,0.36564500705376335,82.6025376160202,0.4734737951955045,8.010341633395006,0.5524394452956338,0.7109655021419858,6.8181779756341925,1.1921636577608148,0.4702209507623531,0.08221849453328073,0.4673363074314168,85.1171933442801,0.605153881069326,9.55402605953962,0.6589008432134903,0.8479766838632721,8.233190762846524,1.3208352966930943,0.5678084089545076,0.09109243425898272,0.5643251002302054,86.17509217096755,0.7307446889074887,5.334395607728381,0.3688557149492151,6.457847575207312,0.4465386820833323,1.1234519674789307,0.0776829671341172,-0.00016259875216118047,0.0009537562862670379
tregde-006-norway,Tregde 006 Norway,58.0,7.5666,0.9990000128746032,0.0353554993422451,True,True,True,True,True,10.0,7.48184075122171,57.954781413352144,7.651359248778291,58.045218586647856,DeltaDTM:mosaic(2),DeltaDTM_v1_1_N57E007.tif;DeltaDTM_v1_1_N58E007.tif,mask:mosaic(2),True,v1.1.1,EGM2008,30.0,ocean class 1 plus river class 3 cells connected to ocean in an adaptive context; lake class 2 and 255 clipped cells excluded,True,resolved_local_ocean,10.0,mask:mosaic(2),100052,541,18.913942799109417,48.07282594164379,37419,100052,0,100052,541,3136,0,0,95131,50.606660952085804,0.27321286244040466,1.5838459051420273,0.0,0.0,48.07282594164379,4.138311815796682,0.7827179296885706,1.6281920489523993,3.865840765949348,0.27247104984733317,0.7311829111763131,0.0515350185122575,0.7272807180381204,93.41588884609268,1.5209900746502922,7.340542311255731,1.3883859738953335,2.8880889498377162,6.910545131026589,0.42999718022914296,1.30705655318901,0.08132942070632354,1.3000810248566008,94.14216059255186,2.7189093372119673,10.630571501108166,2.010660212938026,4.182529679821178,9.639649457921616,0.9909220431865503,1.8232377845059555,0.18742242843207046,1.8135074887574585,90.67856283095172,3.79265780363985,13.773550393688275,2.60512144286871,5.419114420340298,12.189710569243184,1.583839824445091,2.3055548844436506,0.2995665584250595,2.293250548124673,88.50086013283195,4.795962873583494,16.788288986040445,3.175327375768876,6.60524384321289,14.659561999695342,2.1287269863451006,2.7727011712223577,0.4026262045465181,2.7579037582642294,87.32016712295608,5.767709962772263,20.21194092457327,3.822874945063575,7.952257580413956,17.786886303389046,2.4250546211842203,3.364201501165632,0.45867344389794296,3.3462473561593904,88.00187161522975,6.998135506428265,23.7612655172168,4.494192168270896,9.348716411484634,20.948873698957694,2.8123918182591066,3.962257988478535,0.5319341797923607,3.941112122378471,88.16396451518409,8.242199019646504,15.914210004789156,3.022792042011047,16.78288823131084,3.187791349510936,0.8686782265216817,0.1649993074998885,1.2546480050938147,0.2500908707886893
lowestoft-p024-uk,Lowestoft P024 Uk,52.473,1.7508,2.378999948501587,0.558679556824671,True,True,True,True,True,10.0,1.6770634021994415,52.42778141335214,1.8245365978005583,52.518218586647855,DeltaDTM:DeltaDTM_v1_1_N52E001.tif,DeltaDTM_v1_1_N52E001.tif,DeltaDTM_v1_1_N52E001.tif,True,v1.1.1,EGM2008,30.0,ocean class 1 plus river class 3 cells connected to ocean in an adaptive context; lake class 2 and 255 clipped cells excluded,True,resolved_local_ocean,10.0,DeltaDTM_v1_1_N52E001.tif,60073,622,33.03222418089376,47.27630776965928,37896,60538,465,60073,622,471,0,0,54238,52.369816328484504,0.5421521976245709,0.4105127929337629,0.0,0.0,47.27630776965928,11.304732644442868,3.7342046301630485,7.898680769143239,0.15039899124650752,11.154333653196362,0.04968013195434915,3.6845244982086993,0.04938442341541917,1.330407325647281,0.10508462758217464,12.529105402136635,4.138642184294244,8.754156954173816,0.46971355216547944,12.059391849971155,0.15515683355934054,3.9834853507349033,0.15423330137953484,3.748979173607858,0.32819152103692034,14.014809895645291,4.629403423255636,9.792227104136646,0.8787759332896558,13.136033962355635,0.2902792363319805,4.339124186923655,0.2885514219023345,6.270337877096076,0.6140057251219484,15.66943663917852,5.175963438536554,10.948324187571929,1.4066621593507656,14.262774479827755,0.4646517979445459,4.711311640592008,0.4618860745280375,8.977107420911787,0.9828428231079998,17.31349606351527,5.71903283325058,12.097037825193507,16.558792896429736,0.7547031670855316,5.469737591198582,0.24929524205199804,5.437180348538478,95.64095452289432,11.569722445010646,19.361250129998275,6.395451547164615,13.527815197254155,18.258208989599712,1.1030411403985627,6.031092524860675,0.36435902230394035,5.995193957596061,94.3028413300156,12.757114100884323,21.915688980260644,7.239239514747126,15.312616099417736,20.22948243194413,1.6862065483165145,6.682247987554304,0.5569915271928219,6.642473580534145,92.30593868239656,14.134454027399322,16.68044066125812,5.535552911955549,17.305763913412953,5.7430720069048125,0.6253232521548282,0.2075190949492631,0.12164776482838491,0.06581532075696739
wick-p035-uk,Wick P035 Uk,58.441,-3.0863,2.559999942779541,2.044426816988848,True,True,True,True,True,10.0,-3.1721188643738207,58.39578141335215,-3.00048113562618,58.48621858664786,DeltaDTM:DeltaDTM_v1_1_N58W004.tif,DeltaDTM_v1_1_N58W004.tif,DeltaDTM_v1_1_N58W004.tif,True,v1.1.1,EGM2008,30.0,ocean class 1 plus river class 3 cells connected to ocean in an adaptive context; lake class 2 and 255 clipped cells excluded,True,resolved_local_ocean,10.0,DeltaDTM_v1_1_N58W004.tif,58655,99,9.590267960419691,55.683459061785825,12808,58754,99,58655,99,1209,0,0,74349,43.9333703893201,0.07414397580184495,0.9063810391547316,0.0,0.0,55.683459061785825,0.8431634338775829,0.0808616326531363,0.14521661192673577,0.8197388738972757,0.02342455998030721,0.0786151545824756,0.0022464780706606957,0.07814833203093546,97.22182449580609,0.14118223958616685,3.114851728561804,0.29872262733884164,0.5364656441464635,3.0836169472266555,0.031234781335148606,0.29572712811194973,0.0029954992268919067,0.2939710787441395,98.99723055679537,0.5310861305936719,5.17601819846877,0.496394014913243,0.891456858602209,5.090126232969891,0.0858919654988791,0.48815674526542924,0.008237269647813739,0.48525803472308376,98.34057837114466,0.8766638306786495,7.026627909358976,0.6738724450891618,1.2101842386289967,6.8548547054048035,0.17177320395417162,0.6573989345457585,0.01647351054340329,0.6534952514755629,97.55539632708626,1.1806000302824489,9.173856679146729,0.8797974378350306,1.579997817410761,9.025525112857858,0.14833156628887167,0.8655720431580403,0.014225394676990355,0.8604322129068012,98.38310569396569,1.55445092266558,11.328793888315671,1.086461690573122,1.9511390076675994,10.79011210715796,0.5386817811577113,1.0348006643061358,0.0516610262669861,1.0286559420956103,95.24502090453512,1.8583627557295443,14.09272213797832,1.3515298159495077,2.4271656946632274,12.851320747144847,1.2414013908334731,1.2324760961042007,0.119053719845307,1.2251575626871865,91.19118805664922,2.21336123306682,9.0256927979559,0.8695691536915442,9.174050819937944,0.8838625229105246,0.1483580219820421,0.0142933692189803,0.00016768509804165888,0.003997110533503934
stornoway-p042-uk,Stornoway P042 Uk,58.208,-6.3882,2.9800000190734863,1.96547346956443,True,True,True,True,True,10.0,-6.473455113568483,58.16278141335214,-6.302944886431518,58.253218586647854,DeltaDTM:DeltaDTM_v1_1_N58W007.tif,DeltaDTM_v1_1_N58W007.tif,DeltaDTM_v1_1_N58W007.tif,True,v1.1.1,EGM2008,30.0,ocean class 1 plus river class 3 cells connected to ocean in an adaptive context; lake class 2 and 255 clipped cells excluded,True,resolved_local_ocean,10.0,DeltaDTM_v1_1_N58W007.tif,36302,0,14.56902527710297,70.28727708840731,19328,36302,0,36302,0,3793,0,0,93239,27.37666189701314,0.0,2.8614249266873704,0.0,0.0,70.28727708840731,0.07245137395127593,0.010555458984569787,0.015017595533389543,0.020692666704317644,0.05175870724695829,0.0030147198426587075,0.0075407391419110795,0.002998964366142024,28.56076507014706,0.004289140179476286,0.3621262000671494,0.05275825762279547,0.07506089267967538,0.19137898851386465,0.17074721155328476,0.02788205321164893,0.02487620441114654,0.02773633650908939,52.84869983955236,0.03966870586917017,1.867485476791096,0.2720744311599217,0.3870891609838671,1.2104271366114965,0.6570583401795996,0.1763474354938426,0.09572699566607909,0.175425811587241,64.81587951577411,0.25089524420192416,5.3901688214476575,0.7852950580752325,1.1172648743918316,4.919292077374865,0.47087674407279245,0.7166929062072679,0.06860215186796459,0.7129473381801361,91.26415591661696,1.0196623569665557,10.915244174535587,1.590244682845599,2.262492941425786,9.243855900843178,1.671388273692407,1.3467397027728172,0.24350498007278176,1.3397013951128889,84.68757778601393,1.916050469673037,16.678862387191643,2.4299476771231703,3.45716575998069,16.352851552051664,0.32601083513997936,2.382451076145532,0.04749660097763808,2.36999995168242,98.04536527988661,3.389590797704236,21.257642997254294,3.0970313815862873,4.406247488703884,20.828177974128543,0.42946502312575074,3.0344625138107806,0.06256886777550674,3.0186038584887864,97.97971476338547,4.317228721200901,9.252627158613096,1.355016845524888,10.918367135837205,1.598958991978051,1.6657399772241066,0.2439421464531628,0.008771257769918606,0.00827714275207092
le-conquet,Le Conquet France,48.359,-4.7807,4.026999950408936,0.3743241107784543,True,True,True,True,True,10.0,-4.848296966900777,48.31378141335215,-4.713103033099224,48.40421858664786,DeltaDTM:DeltaDTM_v1_1_N48W005.tif,DeltaDTM_v1_1_N48W005.tif,DeltaDTM_v1_1_N48W005.tif,True,v1.1.1,EGM2008,30.0,ocean class 1 plus river class 3 cells connected to ocean in an adaptive context; lake class 2 and 255 clipped cells excluded,True,resolved_local_ocean,10.0,DeltaDTM_v1_1_N48W005.tif,101061,1092,2.0538902168457875,35.84920407602422,3240,102153,1092,101061,1092,49,0,0,56560,64.07017353065535,0.6922090259010214,0.03105328599158518,0.0,0.0,35.84920407602422,0.030851386125384142,0.0006336536013905836,0.001767552774803076,0.030851386125384142,0.0,0.0006336536013905836,0.0,0.0006296074923146484,100.0,0.001767552774803076,0.15436076527725331,0.0031704006566777953,0.00884371281982839,0.15436076527725331,0.0,0.0031704006566777953,0.0,0.003150156493552732,100.0,0.00884371281982839,0.9878601448711865,0.02028956287162792,0.05659696887161153,0.9569926003347239,0.030867544536462357,0.019655577394213003,0.0006339854774149167,0.019530069372301753,96.87531229023442,0.05482849034118043,2.6547783247302417,0.054526232290576924,0.15209886438467352,2.4078388098567016,0.24693951487354018,0.049454365753062834,0.00507186653751409,0.04913858161220266,90.69830002101466,0.13795108434816739,5.8958786138352455,0.12109487404666514,0.3377895748811138,5.309437173462275,0.5864414403729706,0.10905001067531517,0.012044863371349968,0.10835368663177479,90.05336644827067,0.3041908836917451,9.630633140993966,0.19780263190318326,0.5517629665744036,8.550362823829152,1.0802703171648136,0.1756150655434462,0.022187566359737065,0.17449369937586356,88.78297717969848,0.4898715886997801,13.087770074650663,0.2688084291665206,0.749830954674663,11.945669075757642,1.1421009988930202,0.24535092848375883,0.023457500682761756,0.2437842734275125,91.2735248833174,0.684397142997795,5.3341838102301145,0.109368388954681,5.923491705946621,0.1214511475257635,0.5893078957165068,0.0120827585710825,0.024746636767839725,0.0003183782793658302
brest,Brest,48.383,-4.5,4.313000202178955,0.8326028065721115,True,True,True,True,True,10.0,-4.567628833814007,48.33778141335215,-4.432371166185993,48.42821858664786,DeltaDTM:DeltaDTM_v1_1_N48W005.tif,DeltaDTM_v1_1_N48W005.tif,DeltaDTM_v1_1_N48W005.tif,True,v1.1.1,EGM2008,30.0,ocean class 1 plus river class 3 cells connected to ocean in an adaptive context; lake class 2 and 255 clipped cells excluded,True,resolved_local_ocean,10.0,DeltaDTM_v1_1_N48W005.tif,58735,961,5.2456870661785935,62.636263318855555,8279,59394,659,58735,961,183,0,0,98883,37.23442020841672,0.6087956150986344,0.11595720268973739,0.0,0.0,62.636263318855555,1.8716189488588157,0.09817927312843464,0.15674509928640568,0.4830869593743598,1.3885319894844557,0.02534123014629623,0.0728380429821384,0.025191232392860446,25.811181259353727,0.04045776169196813,2.4152610146704596,0.12669703466102217,0.2022742544778884,1.1112936828120143,1.3039673318584453,0.0582949889865296,0.06840204567449257,0.057949934017451035,46.011328633300536,0.09306907196837988,3.430056326339471,0.17993002107343026,0.2872617419041749,1.896613532410769,1.5334427939287025,0.09949041076506465,0.0804396103083656,0.0989015151977615,55.29394715318916,0.15883835575982513,4.203193497434484,0.2204863776613804,0.35201074581824043,2.5731471471357157,1.6300463502987685,0.1349792470910417,0.08550713057033871,0.13418028888312422,61.21886010497245,0.2154969660369388,5.483775714676428,0.2876617134030241,0.45925746230846526,3.7087954795266502,1.7749802351497774,0.19455180478054585,0.09310990862247825,0.19340022952253794,67.63215113996486,0.3106057010300284,7.1628733407778675,0.3757419204039391,0.5998792081372909,5.44832219952867,1.714551141249197,0.28580193294441253,0.08993998745952658,0.28411023733130386,76.06336089333946,0.4562882870095746,9.05944204613314,0.4752299796819515,0.7587138097027761,7.4898427259838405,1.5695993201493008,0.3928937111540525,0.08233626852789899,0.3905681265761954,82.67443720974786,0.6272623722044075,3.7120104688863,0.1958437484586392,5.484548004673547,0.2893619101669399,1.7725375357872468,0.0935181617083006,0.0032149893596495893,0.001291943678093349
port-tudy,Port Tudy France,47.644,-3.4459,3.0,0.3071588803705932,True,True,True,True,True,10.0,-3.512566497008127,47.59878141335214,-3.3792335029918728,47.689218586647854,DeltaDTM:DeltaDTM_v1_1_N47W004.tif,DeltaDTM_v1_1_N47W004.tif,DeltaDTM_v1_1_N47W004.tif,True,v1.1.1,EGM2008,30.0,ocean class 1 plus river class 3 cells connected to ocean in an adaptive context; lake class 2 and 255 clipped cells excluded,True,resolved_local_ocean,10.0,DeltaDTM_v1_1_N47W004.tif,132470,0,1.5333623076136156,15.417579555925613,2385,132470,0,132470,0,27,0,0,23983,85.14558617698232,0.0,0.0173540875135252,0.0,0.0,15.417579555925613,0.0,0.0,0.0,0.0,0.0,0.0,0.0,0.0,,0.0,1.341754221419662,0.020573953492063632,0.1334447694427898,1.341754221419662,0.0,0.020573953492063632,0.0,0.020455206961344796,99.99999999999999,0.1334447694427898,6.289747766036677,0.09644462148837583,0.6255496924049156,6.289747766036677,0.0,0.09644462148837583,0.0,0.09588797280086646,100.0,0.6255496924049156,9.853807720351949,0.15109457344859725,0.9800148778251342,9.811891788924049,0.041915931427899254,0.15045185035519668,0.0006427230934005768,0.14958348855605094,99.57462198758631,0.9758461100164831,12.537370790596784,0.19224331806877024,1.2469098497038933,12.537370790596784,0.0,0.19224331806877024,0.0,0.1911337487736248,100.00000000000001,1.2469098497038933,15.51436232429227,0.2378913841473053,1.5429878813621805,15.472438814121757,0.04192351017051256,0.2372485448443221,0.0006428393029832002,0.2358792192244687,99.72977613069621,1.538818359806275,18.365290690215986,0.28160644512744437,1.826528243982444,18.28144322410205,0.08384746611394106,0.2803207596861641,0.001285685441280271,0.27870283449186245,99.54344601711853,1.818189156536087,12.536002655739718,0.1928732334077023,12.536002655739718,0.1928732334077023,0.0,0.0,-0.0013681348570653284,0.0006299153389320578
cherbourg,Cherbourg France,49.651,-1.6355,3.674000024795532,0.1799794683868606,True,True,True,True,True,10.0,-1.704873895468634,49.60578141335215,-1.566126104531366,49.69621858664786,DeltaDTM:DeltaDTM_v1_1_N49W002.tif,DeltaDTM_v1_1_N49W002.tif,DeltaDTM_v1_1_N49W002.tif,True,v1.1.1,EGM2008,30.0,ocean class 1 plus river class 3 cells connected to ocean in an adaptive context; lake class 2 and 255 clipped cells excluded,True,resolved_local_ocean,10.0,DeltaDTM_v1_1_N49W002.tif,69347,0,14.153103782379373,57.660649063556335,22912,69347,0,69347,0,13,0,0,93314,42.812617756540476,0.0,0.008026643255063937,0.0,0.0,57.660649063556335,0.9903494619014246,0.1401651871511443,0.24308638460980123,0.9728917803136169,0.01745768158780769,0.13769438335802453,0.002470803793119758,0.13703484361319973,98.23722006630975,0.23880130660036653,2.2032783357649577,0.3118322694754956,0.5408060341668701,2.1203523312723216,0.08292600449263648,0.30009566599707216,0.011736603478423424,0.298658243393856,96.23624472920507,0.5204514185511375,4.035901353212023,0.5712053070745512,0.9906328082518483,3.8962340739447288,0.13966727926729483,0.5514380520898253,0.01976725498472587,0.5487967293045934,96.53937826909127,0.9563507540159735,4.9871827639031325,0.7058411523921464,1.2241297381410576,4.755859420057937,0.2313233438451952,0.6731017194648656,0.032739432927280765,0.6698776421606906,95.36164293958711,1.1673502300033782,5.990892493055461,0.8478972320329144,1.470495469272851,5.641721331786283,0.3491711612691788,0.7984786752003483,0.04941855683256613,0.7946540571669434,94.17163366436752,1.3847896063747511,7.287072337205289,1.0313469105817228,1.7886494989761956,6.606174669871638,0.6808976673336509,0.9349787570721909,0.09636815350953187,0.9305003198562545,90.6560874405319,1.6215196537964955,9.779097039901142,1.384045753036798,2.400329818540954,8.330005200909937,1.4490918389912046,1.178954281162383,0.205091471874415,1.1733072301585947,85.1817419023602,2.0446427508349463,5.644943492313789,0.8026629056447967,5.994096338436317,0.8523094678051537,0.3491528461225285,0.049646562160357,0.003222160527506013,0.004184230444448378
saint-nazaire,Saint Nazaire France,47.267,-2.2016,3.275000095367432,0.5134189518354477,True,True,True,True,True,10.0,-2.267790236841704,47.22178141335215,-2.135409763158296,47.31221858664786,DeltaDTM:DeltaDTM_v1_1_N47W003.tif,DeltaDTM_v1_1_N47W003.tif,DeltaDTM_v1_1_N47W003.tif,True,v1.1.1,EGM2008,30.0,ocean class 1 plus river class 3 cells connected to ocean in an adaptive context; lake class 2 and 255 clipped cells excluded,True,resolved_local_ocean,10.0,DeltaDTM_v1_1_N47W003.tif,47600,19377,44.27758851437855,56.652887518225974,68411,66952,19352,47600,19377,999,0,0,87526,30.83024078717142,12.541251693187295,0.6465928087474999,0.0,0.0,56.652887518225974,0.5858630721521041,0.25940604034520537,0.4578867057071911,0.0029226604420630018,0.5829404117100411,0.001294083564209173,0.2581119567809962,0.0012854584873097806,0.4988640829207629,0.0022842323152422717,2.292387196492024,1.015013770019037,1.7916364275210046,0.02923328947382382,2.2631539070182005,0.01294379562243685,1.0020699743966002,0.012857525125151181,1.2752334997577504,0.022847547917610837,5.166484389964929,2.287594698848272,4.037913686415936,0.22366618931287321,4.942818200652056,0.09903399494974494,2.1885607038985273,0.09837393261241235,4.329175749515649,0.17480838009869207,8.931972153996723,3.954861876565544,6.980865494796206,0.4780489654879717,8.453923188508751,0.21166855383600766,3.743193322729536,0.21025778129819678,5.352109895170941,0.37362359291556163,13.670508188705933,6.052971363619637,10.684312183862327,0.7587273773065711,12.91178081139936,0.33594618606973997,5.717025177549897,0.3337071021581227,5.550103674517408,0.5929904031134542,19.109041802947925,8.461022898549867,14.934848459097244,1.1124784506137628,17.996563352334164,0.4925786306738959,7.968444267875971,0.48929559031540404,5.821738536581893,0.8694678281233714,26.129058928085293,11.569317194857097,20.421407807563376,2.2336323066704478,23.89542662141485,0.9889985216717627,10.580318673185335,0.9824068389252029,8.54846059637298,1.7457159996541907,9.549485485771292,4.243475525051019,13.608563089587872,6.0471953685696045,4.059077603816582,1.8037198435185855,8.790758108464722,3.907529338981279
saint-gildas,Saint Gildas France,47.14,-2.2464,3.243000030517578,0.6955371206450615,True,True,True,True,True,10.0,-2.3124319688338177,47.09478141335215,-2.180368031166182,47.185218586647856,DeltaDTM:DeltaDTM_v1_1_N47W003.tif,DeltaDTM_v1_1_N47W003.tif,DeltaDTM_v1_1_N47W003.tif,True,v1.1.1,EGM2008,30.0,ocean class 1 plus river class 3 cells connected to ocean in an adaptive context; lake class 2 and 255 clipped cells excluded,True,resolved_local_ocean,10.0,DeltaDTM_v1_1_N47W003.tif,132349,0,6.260949548121516,14.601906545415694,9649,132349,0,132349,0,0,0,0,22501,85.88714186846494,0.0,0.0,0.0,0.0,14.601906545415694,0.5596016732400796,0.03503637843200521,0.23994386159802514,0.4974182335824753,0.06218343965760436,0.031143104647756013,0.003893273784249196,0.03099154100801913,88.88791034208961,0.21328108456860018,4.249098559563301,0.2660339170642163,1.821912201922278,4.2283706561533,0.020727903410000352,0.2647361534893328,0.0012977635748834815,0.26344776636651346,99.51218115749872,1.813024570907471,8.083806967897011,0.5061230758275636,3.466143782343698,8.083806967897011,0.0,0.5061230758275636,0.0,0.5036599349045606,100.0,3.466143782343698,9.534839256803945,0.5969714753629796,4.088311848225055,9.534839256803945,0.0,0.5969714753629796,0.0,0.5940662040148441,100.0,4.088311848225055,10.488387299534988,0.6566726372354704,4.497170524910902,10.415846406748516,0.07254089278647394,0.6521308885363524,0.004541748699118053,0.6489571737712595,99.30836943073518,4.466066718808651,11.307164980956408,0.7079358947805445,4.848242882384444,11.120631287599252,0.18653369335715525,0.6962571143492053,0.011678780431339186,0.6928686512002346,98.35030537122863,4.768261679963956,12.219192993458638,0.7650375085080445,5.239298759573488,11.825397594767013,0.39379539869162467,0.7403821772731379,0.024655331234906597,0.7367789713997017,96.77723889865364,5.070448677166632,10.367973366425735,0.6573309040055522,10.439980576314673,0.6618961707841577,0.0720072098889345,0.0045652667786055,-0.047873040322780724,0.005200015469199792
le-havre,Le Havre France,49.482,0.106,4.64300012588501,1.1125158833977298,True,True,True,True,True,10.0,0.0368658395085699,49.43678141335214,0.1751341604914301,49.527218586647855,DeltaDTM:DeltaDTM_v1_1_N49E000.tif,DeltaDTM_v1_1_N49E000.tif,DeltaDTM_v1_1_N49E000.tif,True,v1.1.1,EGM2008,30.0,ocean class 1 plus river class 3 cells connected to ocean in an adaptive context; lake class 2 and 255 clipped cells excluded,True,resolved_local_ocean,10.0,DeltaDTM_v1_1_N49E000.tif,69595,24070,19.60603479723085,42.29796397447385,31632,93663,24068,69595,24070,417,0,0,68266,43.14407089929399,14.926999716370961,0.2584033330455495,0.0,0.0,42.29796397447385,1.2836491752792387,0.2516727039796144,0.5949995705029558,1.223586919626405,0.06006225565283371,0.23989687723631806,0.01177582674329633,0.2384010585854798,95.32097579233297,0.5671593965636077,3.4812416200466156,0.6825334434020225,1.613631908651491,3.357957347310611,0.12328427273600516,0.6583622859898883,0.02417115741213416,0.654257228026078,96.45861200710469,1.5564869419889797,5.264621871603213,1.032183596089152,2.440267802753008,5.008559121654742,0.25606274994847,0.9819798442315086,0.05020375185764325,0.975856947665824,95.13616065515276,2.321577097243068,6.605248878285184,1.2950273935202934,3.061677848848285,6.254355292426116,0.35089358585906677,1.2262310749755136,0.06879631854477974,1.2185852092463862,94.68765534312215,2.89903096923418,7.759265125142472,1.5212842204448311,3.5965897114170833,7.193422074824842,0.5658430503176309,1.410344835101844,0.1109393853429872,1.4015509727858264,92.7075175136867,3.3343090366074466,9.305211505938955,1.8243830058103203,4.313169794440475,8.22097107154296,1.0842404343959942,1.6118064489569948,0.21257655685332555,1.60175642173002,88.34803020109764,3.8106005526168927,11.891157272343266,2.3313844326090676,5.511812422025848,9.457217138212602,2.4339401341306637,1.8541852829676424,0.4771991496414252,1.8426239614518118,79.53151170751413,4.383627741719705,7.199543038618038,1.416394956166887,7.755929281988883,1.525855051698502,0.556386243370844,0.1094600955316151,0.0061209637931956,0.00605012106504299
dunkerque,Dunkerque France,51.048,2.3667,4.547999858856201,1.0018618201129972,True,True,True,True,True,10.0,2.295254532050986,51.00278141335215,2.4381454679490138,51.09321858664786,DeltaDTM:DeltaDTM_v1_1_N51E002.tif,DeltaDTM_v1_1_N51E002.tif,DeltaDTM_v1_1_N51E002.tif,True,v1.1.1,EGM2008,30.0,ocean class 1 plus river class 3 cells connected to ocean in an adaptive context; lake class 2 and 255 clipped cells excluded,True,resolved_local_ocean,10.0,DeltaDTM_v1_1_N51E002.tif,49812,575,52.5633253498833,52.60741409663865,58399,50387,575,49812,575,2983,0,0,58448,44.789884294893106,0.5175324571695239,2.6837792618010634,0.0,0.0,52.60741409663865,0.6011125343711442,0.3159647371604336,0.6006087594041657,0.0154088223836223,0.5857037119875219,0.008099389442089032,0.30786534771834456,0.008051194179713094,2.56338397597087,0.015395908696843822,1.8993246326839415,0.998348186128136,1.8977328638396722,0.059915954110419174,1.8394086785735224,0.03149381789554641,0.9668543682325896,0.0313064145329166,3.1545925893538147,0.059865740288418214,7.071879718944899,3.71721514502142,7.065952981823015,0.38190454771625537,6.689975171228644,0.2007417299420956,3.5164734150793246,0.19954722010730694,5.400325838308152,0.3815844846000937,19.12978728343586,10.055252328532994,19.113755163980723,3.3057633697498496,15.824023913686014,1.737619155338879,8.317633173194116,1.727279485700841,17.28071159793946,3.3029929054237703,34.60928913084284,18.19179324712672,34.58028409020219,31.290566122521202,3.3187230083216384,16.447362074801184,1.7444311723255375,16.34949236051533,90.41088941244944,31.264342407303552,49.762207788844336,26.15667118133522,49.72050352690972,48.44724962085448,1.3149581679898652,25.465485441279842,0.6911857400553778,25.313953555926204,97.35751642376958,48.406647387192066,59.06429968158569,31.046160007261967,59.014799606441144,57.14682247798373,1.9174772036019478,30.03827022622283,1.007889781039136,29.859528072234152,96.753576671629,57.09892938482625,31.498862142718004,16.617013051912473,34.6081449377374,18.257294296130965,3.1092827950193995,1.6402812442184924,0.20829602019680138,0.16965097711128863
roscoff,Roscoff France,48.718,-3.9657,4.85699987411499,0.6185832324786201,True,True,True,True,True,10.0,-4.033778052977031,48.67278141335215,-3.8976219470229694,48.76321858664786,DeltaDTM:mosaic(2),DeltaDTM_v1_1_N48W004.tif;DeltaDTM_v1_1_N48W005.tif,mask:mosaic(2),True,v1.1.1,EGM2008,30.0,ocean class 1 plus river class 3 cells connected to ocean in an adaptive context; lake class 2 and 255 clipped cells excluded,True,resolved_local_ocean,10.0,mask:mosaic(2),115194,0,10.120854373303642,28.039641234832324,16077,115194,0,115194,0,14,0,0,44532,72.4987492766629,0.0,0.008806853501610118,0.0,0.0,28.039641234832324,0.018666194509078488,0.0018891783633014343,0.006737526873042146,0.018666194509078488,0.0,0.0018891783633014343,0.0,0.001878897087945196,100.0,0.006737526873042146,0.1803906384202577,0.01825707381758701,0.06511165269442573,0.1803906384202577,0.0,0.01825707381758701,0.0,0.018157715278041938,100.0,0.06511165269442573,0.5721947116122539,0.05791099349402096,0.20653257653696674,0.5721947116122539,0.0,0.05791099349402096,0.0,0.057595830626484795,100.0,0.20653257653696674,1.3433500398692346,0.13595850125888165,0.4848796035592168,1.3433500398692346,0.0,0.13595850125888165,0.0,0.13521858870450468,100.0,0.4848796035592168,2.525039115629093,0.25555553176177465,0.9114079942089632,2.431741517329989,0.0932975982991034,0.24611301770413258,0.00944251405764207,0.24477362288947407,96.30510285081824,0.8777324062135216,4.7454896064844245,0.4802840923725486,1.7128753123128921,4.658408132506942,0.08708147397748216,0.4714707032051613,0.008813389167387276,0.4689048681224534,98.1649633399578,1.6814434223911379,7.637620251941977,0.7729924232849942,2.7567842855447884,7.500775066624321,0.13684518531765524,0.7591425213621168,0.013849901922877383,0.755011120405823,98.2082745566872,2.7073902800834335,2.432350616713291,0.2471313729728659,2.525655019587173,0.2566112748538676,0.0933044028738821,0.0094799018810016,0.0006090993833018921,0.001018355268733312
boulogne-sur-mer,Boulogne Sur Mer,50.727,1.5777,5.7129998207092285,0.8011007337990727,True,True,True,True,True,10.0,1.5067451601419124,50.68178141335214,1.6486548398580878,50.77221858664785,DeltaDTM:DeltaDTM_v1_1_N50E001.tif,DeltaDTM_v1_1_N50E001.tif,DeltaDTM_v1_1_N50E001.tif,True,v1.1.1,EGM2008,30.0,ocean class 1 plus river class 3 cells connected to ocean in an adaptive context; lake class 2 and 255 clipped cells excluded,True,resolved_local_ocean,10.0,DeltaDTM_v1_1_N50E001.tif,58758,724,9.50508940109998,46.825788907994536,10491,59458,700,58758,724,0,0,0,51684,53.22145830282474,0.6559702514866548,0.0,0.0,0.0,46.825788907994536,1.544437577618098,0.14680017249678312,0.3135028280788239,1.544437577618098,0.0,0.14680017249678312,0.0,0.14577505684138806,100.0,0.3135028280788239,2.802537991884825,0.2663837416284447,0.568882549212033,2.802537991884825,0.0,0.2663837416284447,0.0,0.2645235657223707,100.0,0.568882549212033,3.5364732976878215,0.3361449485912561,0.7178628623892043,3.5364732976878215,0.0,0.3361449485912561,0.0,0.3337976254006759,99.99999999999999,0.7178628623892043,4.117840202398008,0.39140439263236704,0.8358735683053122,4.108305560319116,0.009534642078891827,0.39049811637869347,0.0009062762536735658,0.3877712412960988,99.7684552675614,0.8339381470880547,4.651530063438832,0.4421320910489036,0.9442063900250033,4.6419954213599395,0.009534642078892411,0.44122581479523,0.0009062762536736213,0.4381447047214599,99.79502138116155,0.9422709688077456,5.1470825940500005,0.48923480211290854,1.0447977781520768,5.118488672653945,0.028593921396055745,0.4865169243209332,0.002717877791975354,0.48311954332843493,99.44446352135266,1.038993545366345,5.842850576367892,0.5553681708564536,1.1860305694959385,5.757088476021682,0.08576210034621064,0.5472164065462852,0.008151764310168397,0.5433951569135445,98.53218734202983,1.1686218626694815,4.626529832312554,0.4435484044781418,4.636007627837614,0.4444570468592522,0.0094777955250611,0.0009086423811104,-0.01546558904738582,0.002322589682911824
dieppe,Dieppe France,49.929,1.0845,6.14300012588501,0.5368500847947633,True,True,True,True,True,10.0,1.0147267826657234,49.88378141335215,1.154273217334277,49.97421858664786,DeltaDTM:DeltaDTM_v1_1_N49E001.tif,DeltaDTM_v1_1_N49E001.tif,DeltaDTM_v1_1_N49E001.tif,True,v1.1.1,EGM2008,30.0,ocean class 1 plus river class 3 cells connected to ocean in an adaptive context; lake class 2 and 255 clipped cells excluded,True,resolved_local_ocean,10.0,DeltaDTM_v1_1_N49E001.tif,75239,0,11.291466427467304,54.07552862006931,18377,75239,0,75239,0,399,0,0,88014,46.18603584009766,0.0,0.2451838748816152,0.0,0.0,54.07552862006931,0.032635061021002484,0.003684976958769964,0.006814500112722597,0.021753343604811598,0.010881717416190886,0.0024562714899889074,0.0012287054687810566,0.002443887132633819,66.65635952331178,0.004542297694852861,0.3100100780512161,0.03500468388491825,0.06473294811569681,0.29368935081082254,0.016320727240393556,0.0331618344478507,0.0018428494370675494,0.032994634685924416,94.73542042794581,0.061325030552809405,0.7179509242449353,0.0810671875768081,0.14991473896886,0.6907508924899617,0.027200031754973767,0.07799590512293479,0.0030712824538733086,0.07760265496096659,96.21143579088223,0.14423512282409348,1.0279852024002962,0.11607460400836127,0.2146527402882973,0.9626992194439108,0.06528598295638548,0.10870285916099898,0.007371744847362291,0.10815478658072579,93.64913202992165,0.20102042815843238,1.3815682301942895,0.1559993128849424,0.2884841200184692,1.202017940356148,0.17955028983814147,0.13572545218744841,0.020273860697493984,0.13504113349184774,87.00387820781812,0.25099237242976474,1.9582750226126482,0.22111796673578493,0.40890578858570853,1.3978179678695442,0.5604570547431041,0.15783414655909528,0.06328382017668965,0.1570383572980995,71.38006417528801,0.29187721430894625,4.869754026074743,0.5498666409544669,1.0168493124085562,1.7187322742442517,3.151021751830491,0.19407007772433493,0.355796563230132,0.19309158931038573,35.29402645475368,0.3588870653264567,1.2018604442340832,0.1363397737270633,1.3812595661709774,0.1566909183287956,0.1793991219368944,0.0203511446017322,-0.0001574961220647264,0.0006143215396148816
immingham-p026-uk,Immingham P026 Uk,53.631,-0.18603,4.527999877929688,0.4874162774435815,True,True,True,True,True,10.0,-0.2617750639307482,53.585781413352144,-0.1102849360692517,53.676218586647856,DeltaDTM:DeltaDTM_v1_1_N53W001.tif,DeltaDTM_v1_1_N53W001.tif,mask:mosaic(2),True,v1.1.1,EGM2008,30.0,ocean class 1 plus river class 3 cells connected to ocean in an adaptive context; lake class 2 and 255 clipped cells excluded,True,resolved_context_ocean_connected_river,50.0,mask:mosaic(2),697327,461845,58.176047401264036,61.511323704805164,68546,45739,45739,0,45739,452,0,0,72473,0.0,38.802807840430255,0.38346321654411225,0.0,0.0,61.511323704805164,0.07146313394075879,0.041574426675804646,0.06758824907641667,0.0,0.07146313394075879,0.0,0.041574426675804646,0.0,0.0,0.0,0.11233146292894042,0.06535000512007372,0.10624060934485902,0.0,0.11233146292894042,0.0,0.06535000512007372,0.0,0.0,0.0,0.9151630568727497,0.5324056937651478,0.8655409470948471,0.0014581044692718783,0.9137049524034778,0.0008482675472035574,0.5315574262179442,0.0008423910712170488,0.1593272869049633,0.0013790429080577436,7.109300737323304,4.135910166843619,6.723819156765323,0.06997037638584447,7.03933036093746,0.040705999333071737,4.0952041675105475,0.040424003601446476,0.984208981602159,0.06617643204757086,21.296236321145066,12.389308536874562,20.141508572196,14.884465359585842,6.411770961559224,8.659193623017385,3.730114913857177,8.599206012320805,69.89246895615557,14.077397626123501,39.23735439798442,22.826741893573377,37.10982062931965,36.676587147005094,2.5607672509793353,21.336988723807593,1.489753169765784,21.189174154839094,93.47364956106502,34.68790368779006,48.655255595892186,28.30570455867241,46.01706296309344,46.76538160375018,1.8898739921420062,27.206250569179716,1.0994539894926945,27.01777597919949,96.11578652912972,44.2296620045821,14.869260013411637,8.676893401059742,21.288295169424316,12.422694048579494,6.419035156012676,3.745800647519753,-0.015205346174205658,0.01769977804235623
aberdeen-p038-uk,Aberdeen,57.143,-2.0745,2.822000026702881,1.2635678555080092,True,True,True,True,True,10.0,-2.157286916314784,57.09778141335215,-1.991713083685216,57.18821858664786,DeltaDTM:mosaic(2),DeltaDTM_v1_1_N57W002.tif;DeltaDTM_v1_1_N57W003.tif,mask:mosaic(2),True,v1.1.1,EGM2008,30.0,ocean class 1 plus river class 3 cells connected to ocean in an adaptive context; lake class 2 and 255 clipped cells excluded,True,resolved_local_ocean,10.0,mask:mosaic(2),88625,2500,9.805486464062405,53.28492089218125,18946,90974,2349,88625,2500,232,0,0,102939,45.87032732529978,1.2939325314943066,0.12019477032358658,0.0,0.0,53.28492089218125,0.8713092529894594,0.08543611086200469,0.1603382522325207,0.8131977513939144,0.058111501595544984,0.07973799543899011,0.005698115423014571,0.07928655719224255,93.33055383078229,0.1496445788112082,2.1438520888079706,0.21021512637758466,0.3945114731481764,2.096322175602201,0.047529913205769755,0.2055545871718123,0.004660539205772363,0.20439083578913853,97.78296677024032,0.3857650226932669,3.326544352147798,0.32618385617088475,0.612150399605355,3.2473483137424783,0.07919603840531977,0.31841829934497745,0.007765556825907294,0.31661556781156913,97.61927002854519,0.5975767515715699,4.582928897157397,0.449378472668373,0.8433501732650831,4.361337083342612,0.22159181381478568,0.4276503173592938,0.021728155309079178,0.42522916658384663,95.16484285950345,0.8025728671430664,6.356301824742334,0.6232663150400612,1.1696861036937676,5.380310293466049,0.9759915312762854,0.5275655975503697,0.09570071748969156,0.5245787744293308,84.64529284186644,0.9900842278022072,8.266931662960948,0.8106128652049248,1.5212800387658454,6.599839139183789,1.6670925237771594,0.6471463334425591,0.1634665317623657,0.6434825016074341,79.83420461491924,1.2145018189142476,10.699854629778148,1.049172797397251,1.9689863095043105,7.877337190877038,2.822517438901111,0.7724112319800016,0.2767615654172493,0.7680382104309463,73.62097396121696,1.4495868982200952,5.3765749259569215,0.5291979968930338,6.353502887049228,0.6253536958721251,0.9769279610923052,0.0961556989790912,-0.0037353675091278404,0.001632399342664126
millport-p049-uk,Millport P049 Uk,55.75,-4.9058,2.7170000076293945,0.6640781018002286,True,True,True,True,True,10.0,-4.98560661955733,55.704781413352144,-4.825993380442671,55.795218586647856,DeltaDTM:DeltaDTM_v1_1_N55W005.tif,DeltaDTM_v1_1_N55W005.tif,DeltaDTM_v1_1_N55W005.tif,True,v1.1.1,EGM2008,30.0,ocean class 1 plus river class 3 cells connected to ocean in an adaptive context; lake class 2 and 255 clipped cells excluded,True,resolved_local_ocean,10.0,DeltaDTM_v1_1_N55W005.tif,68867,0,10.527298657943682,44.73923972070818,13069,68867,0,68867,0,446,0,0,55545,55.46263579052565,0.0,0.3592386723463271,0.0,0.0,44.73923972070818,0.7959449947336201,0.08379150674856231,0.187288624642806,0.007645801195389302,0.788299193538231,0.00080489632663126,0.08298661042193105,0.0008004051398653708,0.9605941674334079,0.0017990836045850428,1.1325852900674231,0.11923063604133538,0.2665012565829272,0.29836558157274656,0.8342197084946764,0.03140983586467361,0.08782080017666177,0.031234574238440845,26.343762733752683,0.0702064587166758,2.9992136699360588,0.31573618042404217,0.7057254043543778,2.12672208149312,0.8724915884429392,0.22388638514321713,0.09184979528082504,0.22263713659188336,70.90932209369598,0.5004251000706841,5.324853377895719,0.5605632181886848,1.252956513539546,4.429396820656725,0.8954565572389934,0.46629583205599556,0.09426738613268926,0.463693979369347,83.18345137997282,1.0422524722523707,7.719507065321622,0.8126555636874708,1.8164268520444302,7.390376218737524,0.3291308465840975,0.7780069764921445,0.034648587195326375,0.7736658277988523,95.73637482550338,1.7389812195043473,10.435547002289763,1.0985811995211323,2.455520492478639,10.213603150569199,0.22194385172056458,1.0752165073975648,0.02336469212356751,1.0692169792736135,97.8731938855542,2.4032963325031336,13.480573886385814,1.4191402738246004,3.1720259054105733,13.10566105375882,0.3749128326269966,1.379672080227,0.039468193597600454,1.3719737409714141,97.21886593414524,3.083807612377462,7.426124379141868,0.7864527212926051,7.754486278443808,0.8212274026863284,0.3283618993019408,0.0347746813937233,0.03574816040434392,0.008445744800460675
holyhead-p054-uk,Holyhead P054 Uk,53.308,-4.6312,3.315000057220459,0.6409171148649937,True,True,True,True,True,10.0,-4.706370823572644,53.262781413352144,-4.556029176427356,53.353218586647856,DeltaDTM:DeltaDTM_v1_1_N53W005.tif,DeltaDTM_v1_1_N53W005.tif,DeltaDTM_v1_1_N53W005.tif,True,v1.1.1,EGM2008,30.0,ocean class 1 plus river class 3 cells connected to ocean in an adaptive context; lake class 2 and 255 clipped cells excluded,True,resolved_local_ocean,10.0,DeltaDTM_v1_1_N53W005.tif,72688,69,22.380143478694983,38.39536631948196,26165,72757,69,72688,69,37,0,0,44892,62.144667279109825,0.059011523984907985,0.0316575683913506,0.0,0.0,38.39536631948196,0.05730647234783059,0.012825270734023151,0.0334031732561321,0.03819247474272899,0.01911399760510159,0.008547530645487092,0.004277740088536059,0.008493959017394661,66.64600555224165,0.022261880702906696,0.9210372167719905,0.2061294506057504,0.5368602265455129,0.6954684571195012,0.22556875965248924,0.15564683855241065,0.05048261205333973,0.15467132236012948,75.50926764468298,0.4053792253401027,5.897394529319819,1.3198453571664843,3.4375120846204545,5.155668920729153,0.7417256085906665,1.1538461017456696,0.16599925542081473,1.1466143740336132,87.422825369694,3.005170186799868,9.540150756945986,2.135099427488317,5.560825777054663,7.892388864282766,1.6477618926632192,1.7663279517230286,0.36877147576528846,1.755257495465708,82.72813570096345,4.600367494935937,13.648597719046709,3.054575752352544,7.955584345610581,10.480247386177158,3.168350332869551,2.3454944019486286,0.7090813504039155,2.3307940213351457,76.78625747428912,6.10879547920478,18.570738398962455,4.156157898740901,10.824634056511266,13.725079192811355,4.8456592061511,3.071692415915692,1.0844654828252085,3.052440590968255,73.90701919304497,8.000164369722665,23.14154693179697,5.179111406525699,13.488896976346329,16.91286411035999,6.2286828214369825,3.7851232542552755,1.3939881522704236,3.7614000032169144,73.0844146253739,9.858281394582473,10.646966622474734,2.3901196334451877,13.69030594131405,3.073313759539181,3.0433393188393154,0.6831941260939942,0.1667192362975758,0.04462523149655917
sheerness-p015-uk,Sheerness,51.442,0.74306,5.25600004196167,0.4927874549512442,True,True,True,True,True,10.0,0.6709998569925721,51.396781413352144,0.815120143007428,51.487218586647856,DeltaDTM:DeltaDTM_v1_1_N51E000.tif,DeltaDTM_v1_1_N51E000.tif,DeltaDTM_v1_1_N51E000.tif,True,v1.1.1,EGM2008,30.0,ocean class 1 plus river class 3 cells connected to ocean in an adaptive context; lake class 2 and 255 clipped cells excluded,True,resolved_local_ocean,10.0,DeltaDTM_v1_1_N51E000.tif,58873,0,44.428717649400106,47.6914455547565,49793,58873,0,58873,0,474,0,0,53449,52.498209406210265,0.0,0.42284745274569513,0.0,0.0,47.6914455547565,0.8816307396244739,0.3916972320180754,0.8213154947638392,0.40156810724156855,0.48006263238290536,0.17841156053639673,0.21328567148167865,0.17732543794883393,45.54833324126316,0.37409551851716283,2.6432912674961844,1.174380413887129,2.462455059238611,1.0241574181517223,1.619133849344462,0.45502000759601474,0.7193604062911143,0.45224996564045317,38.745537835557535,0.9540914566608967,10.172359002374442,4.519448659448274,9.47643462444289,3.0268720803891416,7.1454869219853,1.3448004502046147,3.1746482092436596,1.336613659279517,29.75585190890929,2.8197938530938305,30.477315389546156,13.540680401538626,28.392262478167115,21.01523456241126,9.462080827134896,9.336799227092841,4.203881174445785,9.279959252678651,68.95369324300647,19.57751357394458,49.06881044786639,21.8006432478019,45.71185250145477,46.470495203151664,2.5983152447147253,20.646245104086276,1.1543981437156248,20.520556202041547,94.70475191674896,43.29129650805295,59.75953821138573,26.550396500521934,55.671192583245016,57.99624454337569,1.7632936680100468,25.766987735432,0.7834087650899342,25.61012510103339,97.04935191806068,54.02853160709475,67.75523957471609,30.102784083325208,63.11988184288307,67.26915636887159,0.48608320584448933,29.886823548259407,0.21596053506580049,29.704880438582688,99.28258949581534,62.66705318031328,46.63230979616247,20.73446697835709,48.882448780469,21.734962829211497,2.250138984306528,1.0004958508544028,0.1618145930108028,0.08822187427081474
heysham-p050-uk,Heysham P050 Uk,54.032,-2.9204,6.624000072479248,0.1527296764442459,True,True,True,True,False,10.0,-2.996873711257368,53.98678141335214,-2.843926288742632,54.07721858664785,DeltaDTM:mosaic(2),DeltaDTM_v1_1_N53W003.tif;DeltaDTM_v1_1_N54W003.tif,mask:mosaic(2),True,v1.1.1,EGM2008,30.0,ocean class 1 plus river class 3 cells connected to ocean in an adaptive context; lake class 2 and 255 clipped cells excluded,True,resolved_local_ocean,10.0,mask:mosaic(2),119775,178,29.88035626780576,33.354197698754895,53326,119853,78,119775,178,147,0,0,59526,67.11519330653562,0.09975081433966301,0.08242857265611277,0.0,0.0,33.354197698754895,0.0,0.0,0.0,0.0,0.0,0.0,0.0,0.0,,0.0,0.043124630807956005,0.012885793324593175,0.038633198258803264,0.03937679428128627,0.003747836526669725,0.011765926418089304,0.0011198669065038708,0.01168975940686467,91.30929017488934,0.035275699101970974,0.2362469857204472,0.07059144100522181,0.2116418498288657,0.23249914919377745,0.003747836526669719,0.06947157409871794,0.001119866906503869,0.06902184817182155,98.41359392787996,0.2082843506720334,0.6956490498451707,0.2078624144673427,0.6231971650006205,0.6956490498451707,0.0,0.2078624144673427,0.0,0.2065168120648347,100.0,0.6231971650006205,1.2545205311312806,0.3748552041547957,1.123862152345487,1.2470138207678627,0.007506710363417856,0.3726121723542141,0.002243031800581552,0.37020005838157316,99.40162714143477,1.1171372662581647,2.0104867186122357,0.6007405942382535,1.801094421949412,1.8397347577354717,0.17075196087676403,0.5497192999940121,0.0510212942442414,0.5461606787171811,91.5069341520133,1.648126286708833,3.385700033812455,1.0116592322623816,3.0330791986045784,2.7853059450239486,0.6003940887885065,0.8322593395215299,0.17939989274085177,0.826871688417603,82.26676661273991,2.49521618549559,1.2470791169442643,0.3737115025708043,1.2545744582010985,0.3759576272996313,0.0074953412568337,0.002246124728827,6.529617640160801e-05,0.0010993302165901997
northshields-p032-uk,Northshields P032 Uk,55.007,-1.4398,3.302000045776367,0.9356076661653266,True,True,True,True,False,10.0,-1.5181215531980796,54.96178141335214,-1.3614784468019203,55.052218586647854,DeltaDTM:mosaic(2),DeltaDTM_v1_1_N54W002.tif;DeltaDTM_v1_1_N55W002.tif,mask:mosaic(2),True,v1.1.1,EGM2008,30.0,ocean class 1 plus river class 3 cells connected to ocean in an adaptive context; lake class 2 and 255 clipped cells excluded,True,resolved_local_ocean,10.0,mask:mosaic(2),55564,4470,10.150581960926237,67.75144468081132,18544,60034,4470,55564,4470,15,0,0,123815,30.38941173617387,2.4465293333753224,0.008208061925866721,0.0,0.0,67.75144468081132,0.11863188032949351,0.01204182624463317,0.01777353427866266,0.016172728139144714,0.1024591521903488,0.0016416260250816648,0.010400200219551506,0.001631906490998975,13.632699822531558,0.0024230125760648304,0.31816308171261687,0.03229540437864789,0.0476674771007424,0.12942362641440772,0.18873945529820912,0.013137251275997434,0.019158153102650455,0.013059469881466019,40.67839226278006,0.019390363316810853,0.4853336741199254,0.04926419237551768,0.07271312458001411,0.25345022317552024,0.23188345094440516,0.025726672633581648,0.02353751974193603,0.0255743533673932,52.22184997468216,0.0379721388300787,0.7711005758213638,0.0782711959499217,0.11552697705365654,0.5877521793914874,0.18334839642987646,0.059660266696263134,0.018610929253658565,0.05930703764977075,76.22250557463575,0.08805755652493152,1.3264743404945116,0.13464486512255117,0.19873357056353003,1.0837988077942189,0.2426755327002926,0.11001188627669362,0.02463297884585755,0.10936054165749867,81.7052222352207,0.16237570548492136,2.2969915318707477,0.23315800807807532,0.3441373230881241,1.9140999176243323,0.3828916142464153,0.1942922809524794,0.03886572712559591,0.19314193951181713,83.33073461813873,0.2867721594245314,3.4184802571766704,0.34699564032279995,0.512159765681095,2.8953500961342633,0.5231301610424073,0.293894884563865,0.05310075575893497,0.29215482848312363,84.69699627651319,0.4337839376687157,1.0840186612357388,0.1103030669195676,1.3266752948419176,0.134994312423245,0.2426566336061791,0.0246912455036774,0.0002198534415198683,0.00029118064287397827
whitby-p174-uk,Whitby P174 Uk,54.49,-0.61417,3.430999994277954,0.6840003931342477,True,True,True,True,False,10.0,-0.6914979547928968,54.44478141335215,-0.5368420452071032,54.53521858664786,DeltaDTM:DeltaDTM_v1_1_N54W001.tif,DeltaDTM_v1_1_N54W001.tif,DeltaDTM_v1_1_N54W001.tif,True,v1.1.1,EGM2008,30.0,ocean class 1 plus river class 3 cells connected to ocean in an adaptive context; lake class 2 and 255 clipped cells excluded,True,resolved_local_ocean,10.0,DeltaDTM_v1_1_N54W001.tif,61181,327,2.7117925946439922,49.430425824667125,3261,61508,327,61181,327,0,0,0,59438,50.83048606334997,0.2718640300608635,0.0,0.0,0.0,49.430425824667125,0.21454310047741815,0.005817963911066245,0.011770005647337399,0.21454310047741815,0.0,0.005817963911066245,0.0,0.0057871314682558656,100.0,0.011770005647337399,0.950024341176026,0.025762689731326848,0.05211909325383672,0.8886975125931332,0.06132682858289276,0.024099633335285947,0.001663056396040901,0.023971916735815817,93.54470975901766,0.048754654513333315,2.5134225657360885,0.06815880700974228,0.1378883670788229,1.9308216504345295,0.5826009153015591,0.05235987853226648,0.0157989284774758,0.05208239606845576,76.82041518828582,0.10592641608629938,5.456690263208707,0.1479741224703535,0.29935838100045337,3.4022433798693057,2.054446883339401,0.09226178402706131,0.05571233844329218,0.0917728404338934,62.34994503552193,0.18664978601301097,8.1853832012686,0.22197061549523522,0.4490566524402989,5.333676094292143,2.851707106976457,0.14463823334731124,0.07733238214792398,0.1438717194730342,65.16098224290234,0.29260972555719483,11.006165304813992,0.2984643756902222,0.6038070089642651,10.914165067561745,0.09200023725224653,0.2959695200693609,0.002494855620861325,0.2944010223198653,99.16410271239515,0.5987598025539648,13.36699411481987,0.3624851565321835,0.7333239608696503,13.305678530775303,0.061315584044567405,0.3608224050647002,0.0016627514674832922,0.3589102178564399,99.54129115702544,0.72996013901349,5.328103141830496,0.1453424200480425,8.1749258366821,0.2229993438919137,2.8468226948516038,0.0776569238438712,-0.005572952461646352,0.0007041867007312463
dover-p012-uk,Dover P012 Uk,51.117,1.3181,4.618000030517578,0.50788422881673,True,True,True,True,False,10.0,1.2465478884000498,51.07178141335214,1.3896521115999505,51.16221858664785,DeltaDTM:DeltaDTM_v1_1_N51E001.tif,DeltaDTM_v1_1_N51E001.tif,DeltaDTM_v1_1_N51E001.tif,True,v1.1.1,EGM2008,30.0,ocean class 1 plus river class 3 cells connected to ocean in an adaptive context; lake class 2 and 255 clipped cells excluded,True,resolved_local_ocean,10.0,DeltaDTM_v1_1_N51E001.tif,60230,0,2.2221272190472785,46.32071332044531,2474,60230,0,60230,0,0,0,0,51588,54.12759937739845,0.0,0.0,0.0,0.0,46.32071332044531,0.36379995039414914,0.008084097720588886,0.017452446521415463,0.2829654555069759,0.0808344948871733,0.006287852407321627,0.0017962453132672586,0.006259788978472908,77.78050964559084,0.013574601849981136,0.7679867559595202,0.017065642742854693,0.03684235738080087,0.6467352566765093,0.12125149928301074,0.014371280173783996,0.0026943625690706973,0.014307139450927275,84.2117720986582,0.031025602033293204,2.4252683925571863,0.05389254908596364,0.1163465439600133,2.263601833537726,0.16166655901945998,0.050300112473895084,0.003592436612068553,0.050075617123805434,93.33407553920249,0.10859097122689024,4.042332322783389,0.08982576682891577,0.19392138071688106,3.880665763763928,0.1616665590194606,0.0862333302168472,0.003592436612068567,0.08584846066677465,96.00066134819555,0.18616580798375795,5.942257195243556,0.13204451456130245,0.28506580554539923,5.6189218894557,0.3233353057878568,0.12485959272260073,0.007184921838701716,0.12430232959530936,94.55871236864893,0.2695545551270461,7.437914082145443,0.16527991334870443,0.3568164250954059,6.952899334794776,0.48501474735066524,0.1545022686314319,0.010777644717272522,0.15381270673623618,93.47915636031702,0.33354898393422794,9.903809003208012,0.2200752355827402,0.47511193115759315,9.176291743380173,0.7275172598278388,0.20390887652883888,0.01616635905390132,0.2029988071001376,92.65416710285726,0.4402110026203685,5.645325931469805,0.1256244396861768,5.970293018065985,0.1328558748000508,0.3249670865961797,0.007231435113874,0.0264040420141054,0.0007648469635760519
ullapool-p043-uk,Ullapool P043 Uk,57.895,-5.1579,3.25600004196167,0.4910556156495481,True,True,True,True,False,10.0,-5.24241153824619,57.84978141335215,-5.073388461753809,57.94021858664786,DeltaDTM:DeltaDTM_v1_1_N57W006.tif,DeltaDTM_v1_1_N57W006.tif,DeltaDTM_v1_1_N57W006.tif,True,v1.1.1,EGM2008,30.0,ocean class 1 plus river class 3 cells connected to ocean in an adaptive context; lake class 2 and 255 clipped cells excluded,True,resolved_local_ocean,10.0,DeltaDTM_v1_1_N57W006.tif,25687,0,2.7044543619122168,79.3821572460733,3556,25687,0,25687,0,2300,0,0,104369,19.53475483838181,0.0,1.7484623249622198,0.0,0.0,79.3821572460733,0.0,0.0,0.0,0.0,0.0,0.0,0.0,0.0,,0.0,0.16864548932494594,0.0045609402922167025,0.005745548433608879,0.16864548932494594,0.0,0.0045609402922167025,0.0,0.004530793551382275,100.0,0.005745548433608879,1.6874203349453012,0.045635512852221935,0.057488375770336386,1.6874203349453012,0.0,0.045635512852221935,0.0,0.04533387286339115,100.0,0.057488375770336386,4.89343260921899,0.13234065164725778,0.16671334748061925,4.89343260921899,0.0,0.13234065164725778,0.0,0.1314659111175741,100.0,0.16671334748061925,8.18367157870151,0.22132366297476336,0.2788078211186573,8.127484665422019,0.05618691327949165,0.2198041135477523,0.0015195494270110466,0.21835126014013959,99.3134265868425,0.2768936007450529,11.220834049316581,0.30346233588967353,0.38228028365238775,10.996060530513672,0.2247735188029099,0.29738343865598466,0.006078897233688874,0.295417804186068,97.99681986370167,0.3746225209452782,14.426580340580148,0.3901602812955902,0.49149619364229324,14.061363882498041,0.3652164580821113,0.38028316886456726,0.00987711243102296,0.37776958670805033,97.46844748055226,0.47905370936915204,8.178875138851483,0.2228373297911956,8.234953763856982,0.2243652185096853,0.0560786250054991,0.0015278887184897,0.05139047342946412,0.0030332162434432985
newhaven-p011-uk,Newhaven P011 Uk,50.782,0.05703,4.261000156402588,0.5395065039179817,True,True,True,True,False,10.0,-0.0140082668722643,50.73678141335214,0.1280682668722643,50.82721858664785,DeltaDTM:mosaic(2),DeltaDTM_v1_1_N50E000.tif;DeltaDTM_v1_1_N50W001.tif,mask:mosaic(2),True,v1.1.1,EGM2008,30.0,ocean class 1 plus river class 3 cells connected to ocean in an adaptive context; lake class 2 and 255 clipped cells excluded,True,resolved_local_ocean,10.0,mask:mosaic(2),76415,646,10.870553098208035,53.67397835793349,18027,76984,569,76415,646,181,0,326,89018,46.11763939271314,0.3895320784698863,0.10913704272091243,0.0,0.1966476213173283,53.67397835793349,0.02219373746921016,0.0024125820160673826,0.004494882045036226,0.005546736693444605,0.016647000775765555,0.0006029609574786844,0.001809621058588698,0.0006000391598370019,24.99235066261241,0.0011233766825662576,0.3162433169758124,0.03437739769139003,0.06404853663378345,0.14980913655586894,0.16643418041994348,0.016285081735272718,0.018092315956117315,0.016206168311744117,47.37147902079681,0.030340739094600087,1.5309673005005726,0.1664246133171169,0.31006573093443496,0.4660175027382062,1.064949797762366,0.05065868008209978,0.1157659332350171,0.05041320081821253,30.439415824611988,0.0943821971687552,11.158312235540802,1.212970256428307,2.2598851315611843,4.491877050858149,6.666435184682652,0.4882918799197563,0.7246783765085506,0.48592573988115745,40.25588239546556,0.9097367008338826,28.879266470613622,3.1393359960610434,5.848897533038971,19.830258458906076,9.04900801170755,2.155658775287275,0.9836772207737683,2.1452129932713992,68.66607390836795,4.01620830286125,36.78390069696678,3.9986134568558898,7.449817545087672,23.98427105690233,12.799629640064454,2.6072229204587094,1.3913905363971804,2.5945889717994284,65.20317476520395,4.857517553612342,42.780567663445616,4.650484323569672,8.664318289501805,26.724288050537297,16.05627961290832,2.9050779226517216,1.7454064009179504,2.8910006433220605,62.46828761314496,5.412451268804309,20.07549160676389,2.1940586104512576,28.88803685334687,3.157185250485428,8.812545246582978,0.96312664003417,0.2452331478578138,0.03839983516398249
calais,Calais France,50.969,1.8677,4.699999809265137,1.6681851084393278,True,True,True,True,False,10.0,1.7963761148269972,50.92378141335215,1.9390238851730024,51.01421858664786,DeltaDTM:mosaic(2),DeltaDTM_v1_1_N50E001.tif;DeltaDTM_v1_1_N51E001.tif,mask:mosaic(2),True,v1.1.1,EGM2008,30.0,ocean class 1 plus river class 3 cells connected to ocean in an adaptive context; lake class 2 and 255 clipped cells excluded,True,resolved_local_ocean,10.0,mask:mosaic(2),76620,2160,51.432774029188124,52.12370643769533,85571,78740,2120,76620,2160,1550,0,514,86720,46.00978961684132,1.2978598872140044,0.9316471559031639,0.0,0.30911020208397155,52.12370643769533,1.9604567995074336,1.0083173156305119,1.9344697154945742,0.0,1.9604567995074336,0.0,1.0083173156305119,0.0,0.0,0.0,4.559132256478719,2.3448881911665254,4.498698100008341,0.028039638004624334,4.531092618474095,0.014421563653520788,2.3304666275130046,0.014325281531125214,0.6150213774732861,0.027667955023035852,15.190101491023709,7.812690574682561,14.988747172116875,8.279020582501925,6.911080908521785,4.25812994802819,3.5545606266543714,4.229701561295506,54.5027338190877,8.169276974034895,27.223049076637142,14.001569315441765,26.862190493260805,24.085152758750784,3.1378963178863573,12.38766219299306,1.6139071224487047,12.304958927513965,88.47338404653831,23.76588895841534,37.900089930109495,19.4930676106123,37.397700476102585,32.01219637499126,5.887893555118231,16.46476062332921,3.0283069872830914,16.354837584771445,84.46469766700835,31.587854641553392,48.79631354512121,25.097297680236306,48.149487815559866,47.63612498524012,1.160188559881081,24.500580519920177,0.5967171603161283,24.33700825070888,97.6223848164098,47.004678282436196,59.17044282615487,30.433000150846187,58.3861015087702,56.70700642431301,2.4634364018418586,29.1659864729341,1.267013677912086,28.971266736098276,95.83671122915281,55.95531950092013,32.29680431450367,16.643514613966587,37.88256573482735,19.52202546983907,5.585761420323683,2.878510855872481,0.28460793951240504,0.17875399063737873
ilfracombe-p061-uk,Ilfracombe P061 Uk,51.21100000000001,-4.1109,5.764999866485596,0.7893686301624632,True,True,True,True,False,10.0,-4.182598075215429,51.16578141335216,-4.039201924784571,51.25621858664787,DeltaDTM:DeltaDTM_v1_1_N51W005.tif,DeltaDTM_v1_1_N51W005.tif,DeltaDTM_v1_1_N51W005.tif,True,v1.1.1,EGM2008,30.0,ocean class 1 plus river class 3 cells connected to ocean in an adaptive context; lake class 2 and 255 clipped cells excluded,True,resolved_local_ocean,10.0,DeltaDTM_v1_1_N51W005.tif,58334,0,0.6499731012066585,48.26462464357762,725,58334,0,58334,0,0,0,0,53810,52.27169244073545,0.0,0.0,0.0,0.0,48.26462464357762,0.0,0.0,0.0,0.0,0.0,0.0,0.0,0.0,,0.0,4.689368932108281,0.03047963667504576,0.06315109026565602,4.689368932108281,0.0,0.03047963667504576,0.0,0.030317041203612546,100.0,0.06315109026565602,8.137718173429636,0.05289297917929846,0.10958953803101153,8.137718173429636,0.0,0.05289297917929846,0.0,0.05261081837217157,99.99999999999999,0.10958953803101153,10.06877544778214,0.0654443320314842,0.1355948223254081,10.06877544778214,0.0,0.0654443320314842,0.0,0.0650952152709159,100.0,0.1355948223254081,12.689465133755476,0.08247811005640812,0.170887292018717,12.689465133755476,0.0,0.08247811005640812,0.0,0.08203812557330825,100.0,0.170887292018717,14.896453580398136,0.09682294130632409,0.20060850368429817,14.896453580398136,0.0,0.09682294130632409,0.0,0.09630643345043678,100.0,0.20060850368429817,16.68956690275327,0.1084776955757855,0.22475611563721173,16.68956690275327,0.0,0.1084776955757855,0.0,0.10789901472600445,100.0,0.22475611563721173,12.68984553933438,0.0828993953916259,12.68984553933438,0.0828993953916259,0.0,0.0,0.0003804055789036198,0.00042128533521777756
felixstowe-p204-uk,Felixstowe P204 Uk,51.957,1.3484,3.75,0.8060091662253237,True,True,True,True,False,10.0,1.275515030985345,51.91178141335215,1.4212849690146552,52.00221858664786,DeltaDTM:mosaic(2),DeltaDTM_v1_1_N51E001.tif;DeltaDTM_v1_1_N52E001.tif,mask:mosaic(2),True,v1.1.1,EGM2008,30.0,ocean class 1 plus river class 3 cells connected to ocean in an adaptive context; lake class 2 and 255 clipped cells excluded,True,resolved_local_ocean,10.0,mask:mosaic(2),94448,8794,22.747525137101718,39.66926590199232,38707,103205,8757,94448,8794,403,0,0,67505,55.54918176543481,5.168946713761018,0.23679815723627295,0.0,0.0,39.66926590199232,13.296179899612783,3.0245518649386836,7.62442106292363,7.438581040574547,5.857598859038234,1.6920930920483779,1.3324587728903057,1.6815966909769082,55.94524966371114,4.265501399065203,27.179580230538697,6.182681845100519,15.58557161197683,25.29548197136039,1.884098259178308,5.7540961199862375,0.4285857251142815,5.718402279639635,93.06796409952882,14.505174192540952,35.64309552823505,8.107922114926446,20.43880049345516,32.28041802562012,3.362677502614928,7.342996204739451,0.764925910186995,7.297446090745474,90.5656973593914,18.510542198792397,42.578455751385505,9.685544925036151,24.415740258378996,41.340466179408374,1.2379895719771368,9.403932935955954,0.28161198908019713,9.34559840802197,97.09245074737862,23.70584058497452,48.545530493205874,11.042906751881384,27.83743661696239,47.390410258999,1.1551202342068683,10.780145486241429,0.2627612656399556,10.713274029130636,97.62054256597622,27.175056661938417,53.72426079835076,12.220939729826924,30.807073062607767,52.75796024918685,0.9663005491639128,12.00113026950591,0.219809460321013,11.926684792946938,98.20137022863686,30.25296787481811,59.169133107865235,13.45951342711682,33.92932317015939,58.41204138567995,0.7570917221852871,13.287293797301805,0.17221962981501449,13.204869984152083,98.72046169612607,33.49518448395203,47.41156935459214,10.828920974087614,48.55318655661083,11.08966919718186,1.141617202018694,0.2607482230942448,0.02115909559314133,0.04877548784618568
cordemais,Cordemais France,47.277,-1.8898,3.276000022888184,22.647351215355688,False,True,True,True,False,10.0,-1.9560027449439472,47.23178141335215,-1.8235972550560529,47.32221858664786,DeltaDTM:DeltaDTM_v1_1_N47W002.tif,DeltaDTM_v1_1_N47W002.tif,mask:mosaic(2),True,v1.1.1,EGM2008,30.0,ocean class 1 plus river class 3 cells connected to ocean in an adaptive context; lake class 2 and 255 clipped cells excluded,True,resolved_context_ocean_connected_river,50.0,mask:mosaic(2),223134,91508,75.46703068311385,91.34924849517382,116598,13840,13840,0,13897,473,0,0,141132,0.0,8.99652010627787,0.3061837484055846,0.0,0.0,91.34924849517382,0.004288794154846573,0.0032366256007736564,0.003543133254067935,0.0,0.004288794154846573,0.0,0.0032366256007736564,0.0,0.0,0.0,0.17146038377851333,0.1293960604355154,0.14164983573165538,0.00514583577691945,0.16631454800159387,0.0038834094646704514,0.12551265097084496,0.003858255477421902,3.001180601325765,0.004251167391788253,2.707439077121539,2.0432238790579262,2.2367166809980645,0.09350962017010718,2.6139294569514315,0.070568933745438,1.9726549453124882,0.07011183797026274,3.4538032992241345,0.0772517945226077,9.436194488596268,7.121215790027243,7.7955931847687525,0.5962580720688058,8.839936416527461,0.44997826219870873,6.671237527828534,0.44706362042002334,6.31884042650233,0.49259109364482845,31.964325528241393,24.122527354048323,26.406924798426523,11.488458170470361,20.47586735777103,8.669998252525568,15.452529101522755,8.613840119453839,35.941500346440854,9.491044967910844,57.3296196340616,43.26496163974973,47.36214293217257,48.42860182125773,8.90101781280387,36.547627795851604,6.717333843898125,36.31089804280724,84.47396325037633,40.00867921511417,66.05818562387775,49.85215121348012,54.573137748488335,59.51654943816462,6.541636185713132,44.91537262603031,4.936778587449808,44.62444252438189,90.09716036864846,49.168847435458964,11.469765109581845,8.689961745332628,31.91792378121371,24.182320561863857,20.448158671631862,15.49235881653123,-0.0186930608885163,0.01996349280705978
le-pellerin,Le Pellerin France,47.205,-1.7651,3.440000057220459,28.38796447313961,False,True,True,False,False,10.0,-1.83121283689178,47.15978141335214,-1.6989871631082196,47.250218586647854,DeltaDTM:DeltaDTM_v1_1_N47W002.tif,DeltaDTM_v1_1_N47W002.tif,mask:mosaic(4),True,v1.1.1,EGM2008,30.0,ocean class 1 plus river class 3 cells connected to ocean in an adaptive context; lake class 2 and 255 clipped cells excluded,True,resolved_context_ocean_connected_river,100.0,mask:mosaic(4),2022619,149489,59.84608280104734,95.95590337781698,92342,6476,6476,0,6801,330,0,0,148045,0.0,4.40757382570688,0.21395129719101663,0.0,0.0,95.95590337781698,0.9439067372061087,0.5648912075130321,0.5886987539357826,0.0,0.9439067372061087,0.0,0.5648912075130321,0.0,0.0,0.0,5.287446866901225,3.16432983002709,3.2976916673566725,0.0,5.287446866901225,0.0,3.16432983002709,0.0,0.0,0.0,13.67367605498119,8.183159493811026,8.52804174183076,0.02165674463262338,13.652019310348566,0.012960713324851162,8.170198780486174,0.012886304132103597,0.1583827534420346,0.013506947325397606,19.91918269476696,11.920850568802127,12.42325917339858,0.11478174156725457,19.804400953199703,0.06869237609882334,11.852158192703303,0.06829800395854731,0.5762372047393757,0.07158744139832005,32.687224994697,19.562023735691007,20.386472376449266,0.5739131606681585,32.113311834028835,0.34346454533957393,19.21855919035143,0.3414926693389587,1.7557720508891992,0.3579399841479433,49.20082935616206,29.44476907529075,30.685729630781395,37.55146106401847,11.649368292143588,22.473078481375545,6.971690593915206,22.344057525010008,76.32282129267688,23.42021458845528,56.34231636628279,33.71866930459364,35.139754947467566,45.18221034318553,11.160106023097253,27.039783013326186,6.678886291267453,26.8845439940175,80.19231948053906,28.179384552151717,8.991068649274096,5.405250123289448,32.5661758536546,19.57813168985693,23.575107204380497,14.172881566567485,8.417155488605937,5.061785577949873
nantes-usine-brulee,Nantes Usine Brulee,47.20399999999999,-1.5742,3.440000057220459,39.422969022008,False,True,True,False,False,10.0,-1.6403115906229315,47.15878141335214,-1.5080884093770683,47.24921858664785,DeltaDTM:DeltaDTM_v1_1_N47W002.tif,DeltaDTM_v1_1_N47W002.tif,mask:mosaic(6),True,v1.1.1,EGM2008,30.0,ocean class 1 plus river class 3 cells connected to ocean in an adaptive context; lake class 2 and 255 clipped cells excluded,True,resolved_context_ocean_connected_river,100.0,mask:mosaic(6),821274,147611,28.845703901671648,96.35611622429269,44501,5679,5679,0,6396,120,0,0,148660,0.0,4.145643423962564,0.07777550966699123,0.0,0.0,96.35611622429269,0.7262595958406121,0.20949469257366019,0.21741711972492694,0.0,0.7262595958406121,0.0,0.20949469257366019,0.0,0.0,0.0,0.7577297062520705,0.2185724674404786,0.22683818734629893,0.013483616206241488,0.744246090045829,0.0038894440060902313,0.21468302343438836,0.0038670331891903506,1.7794757279525155,0.004036530485554844,0.8139240267654374,0.23478211474532076,0.24366083228054494,0.04270016511849408,0.7712238616469433,0.012317163195605682,0.22246495154971507,0.012246192206263648,5.2462101761740625,0.012782959378452365,0.9285428690274169,0.26784472659973546,0.27797376761871617,0.11685821906979499,0.8116846499576219,0.03370857585763985,0.2341361507420956,0.03351434842556514,12.5851183577766,0.03498332765838632,1.3825705672663013,0.3988122120652993,0.4138940294531644,0.23596354286495555,1.146607024401346,0.06806534489071914,0.3307468671745802,0.06767315516406808,17.067016212526234,0.07063936110944967,3.052652694390135,0.8805591573701799,0.9138591216363066,0.4876536168769819,2.5649990775131535,0.14066711839012647,0.7398920389800534,0.13985660022117,15.974749363828508,0.14598670421988466,5.361051696477734,1.5464330983815116,1.604914310557937,1.1192115136591343,4.241840182818599,0.3228444392635312,1.2235886591179803,0.3209842228407853,20.8767155592711,0.33505339558521735,0.2359359581773171,0.0683133387914003,1.38141096814929,0.3999763164816787,1.145475009971973,0.3316629776902784,-2.758468763844335e-05,0.00024799390068115656
leith-p034-uk,Leith P034 Uk,55.99,-3.1817,3.58899998664856,0.5189396857548381,True,True,True,True,False,10.0,-3.262001341458756,55.94478141335215,-3.1013986585412443,56.03521858664786,DeltaDTM:mosaic(2),DeltaDTM_v1_1_N55W004.tif;DeltaDTM_v1_1_N56W004.tif,mask:mosaic(2),True,v1.1.1,EGM2008,30.0,ocean class 1 plus river class 3 cells connected to ocean in an adaptive context; lake class 2 and 255 clipped cells excluded,True,resolved_local_ocean,10.0,mask:mosaic(2),120509,0,7.795322628364543,36.077806348558674,14602,120509,0,120509,0,358,0,0,67561,64.28202778469591,0.0,0.19112279481277333,0.0,0.0,36.077806348558674,0.08216026009579003,0.006404657346770284,0.0177523469273407,0.07531131778565697,0.006848942310133038,0.00587076019706485,0.000533897149705434,0.005838592069556038,91.66392328584656,0.01627249766891492,0.13693620951478108,0.01067461932673041,0.029587772669989028,0.10269769414361565,0.03423851537116542,0.00800561659038588,0.0026690027363445307,0.007961750772907089,74.99674082371203,0.02218986518482077,0.3628477236737612,0.028285150710046357,0.078400417244815,0.30121776649959525,0.061629957174165986,0.02348089671259722,0.0048042539974491386,0.02335223595076782,83.01492522808883,0.06508404775429283,0.7392785633867788,0.05762914913833788,0.15973573498777924,0.6571178145210387,0.08216074886574014,0.051224453690373074,0.006404695447964806,0.05094377543022118,88.88636125341633,0.1419832824520372,1.3553948050778053,0.10565739794390766,0.29285981781464027,1.2047439899720893,0.15065081510571604,0.09391368086415615,0.011743717079751512,0.09339909209550393,88.88509720257721,0.26030873373183355,2.2248328937543698,0.1734329020101321,0.4807190890004342,1.930378091246217,0.29445480250815315,0.1504792001599079,0.02295370185022419,0.14965466740168215,86.7650822974275,0.41709631319067053,3.183203670857728,0.24814099606130324,0.6877940240155888,2.7175809395332875,0.46562273132444004,0.21184420192356013,0.036296794137743116,0.21068342698628936,85.37251211453346,0.5871870364757457,1.205886168128239,0.0942807493237114,1.3565639841563313,0.1060613118486463,0.1506778160280924,0.0117805625249349,0.001142178156149587,0.00036706845955525313
tobermory-p223-uk,Tobermory P223 Uk,56.62300000000001,-6.0642,3.0910000801086426,0.4542674993488369,True,True,True,True,False,10.0,-6.1458430441295695,56.57778141335216,-5.98255695587043,56.66821858664787,DeltaDTM:mosaic(2),DeltaDTM_v1_1_N56W006.tif;DeltaDTM_v1_1_N56W007.tif,mask:mosaic(2),True,v1.1.1,EGM2008,30.0,ocean class 1 plus river class 3 cells connected to ocean in an adaptive context; lake class 2 and 255 clipped cells excluded,True,resolved_local_ocean,10.0,mask:mosaic(2),86543,0,2.288892222023347,53.852406684140846,4361,86543,0,86543,0,2576,0,0,102569,45.403962840374774,0.0,1.3532074160260845,0.0,0.0,53.852406684140846,0.0,0.0,0.0,0.0,0.0,0.0,0.0,0.0,,0.0,0.5732481363702843,0.013121032006273224,0.024364801527314614,0.527414732378412,0.04583340399187229,0.012071954787214722,0.001049077219058503,0.011998812791300188,92.00461352005746,0.022416741480134866,3.2331302722328616,0.07400286732902024,0.13741793892902016,3.2331302722328616,0.0,0.07400286732902024,0.0,0.07355449608217167,100.0,0.13741793892902016,7.360134182940553,0.16846553884380794,0.3128282452294186,7.314289301674969,0.0458448812655839,0.16741619892232415,0.0010493399214837884,0.16640185160629772,99.37711894748,0.31087969736295373,12.473214088471334,0.2854984271073407,0.5301498014413123,12.473214088471334,0.0,0.2854984271073407,0.0,0.2837686389199954,100.0,0.5301498014413123,16.92129242651498,0.3873101462163271,0.7192067542830676,16.92129242651498,0.0,0.3873101462163271,0.0,0.38496349750602754,100.0,0.7192067542830676,21.209011904880573,0.4854514238588171,0.9014479644449747,21.209011904880573,0.0,0.4854514238588171,0.0,0.48251015322896096,100.0,0.9014479644449747,12.475193620424704,0.2864586858766743,12.475193620424704,0.2864586858766743,0.0,0.0,0.001979531953370639,0.0009602587693335884
donges,Donges France,47.306,-2.0883,3.276000022888184,8.277975956437524,False,True,True,True,False,10.0,-2.154539056603653,47.26078141335214,-2.0220609433963466,47.35121858664785,DeltaDTM:DeltaDTM_v1_1_N47W003.tif,DeltaDTM_v1_1_N47W003.tif,mask:mosaic(2),True,v1.1.1,EGM2008,30.0,ocean class 1 plus river class 3 cells connected to ocean in an adaptive context; lake class 2 and 255 clipped cells excluded,True,resolved_context_ocean_connected_river,25.0,mask:mosaic(2),77828,66946,73.23381163470495,74.36184426161036,113214,40407,40407,0,40407,136,0,0,114959,0.0,26.147177379581134,0.08796549967212634,0.0,0.0,74.36184426161036,1.4123923385174615,1.034348744732882,1.3909670409652135,0.0,1.4123923385174615,0.0,1.034348744732882,0.0,0.0,0.0,6.588021897897077,4.824659547159059,6.488084843869064,0.0035344398238270724,6.584487458073249,0.002588405002923516,4.822071142156135,0.0025730442595651823,0.053649485059472556,0.003480824108957437,10.844289313965506,7.941686409311936,10.679786775288289,0.0821834126358251,10.762105901329681,0.060186045604692456,7.881500363707244,0.05982887491492698,0.7578496871158497,0.08093673066116218,14.556717684005395,10.660439208900296,14.335899431697925,0.2730517843752508,14.283665899630144,0.1999662294345719,10.460472979465724,0.19877954113532634,1.8757785257817712,0.2689097230174607,22.022998213620774,16.128281028077474,21.688920155526283,0.8571513458295145,21.165846867791256,0.6277246020291251,15.500556426048348,0.6239994058173303,3.8920738108192006,0.8441487812227255,33.069705429951725,24.218205782722638,32.56805425309415,11.796353023776847,21.273352406174872,8.638918953197559,15.57928682952508,8.587651776390363,35.67117659624726,11.617408146582829,41.70706698924403,30.543674877263182,41.07439128299229,17.25286404872204,24.45420294052199,12.634929959032828,17.908744918230354,12.559948680511107,41.36676418212634,16.991146581279274,0.85641715043537,0.6296186665926305,22.031629526783497,16.197159524963386,21.175212376348128,15.567540858370757,-0.0007341953941444324,0.0018940645635054931
cromer-p183-uk,Cromer P183 Uk,52.934,1.3016,3.740000009536743,0.4363097932395557,True,True,True,True,False,10.0,1.2270803692827514,52.88878141335214,1.3761196307172487,52.97921858664785,DeltaDTM:DeltaDTM_v1_1_N52E001.tif,DeltaDTM_v1_1_N52E001.tif,DeltaDTM_v1_1_N52E001.tif,True,v1.1.1,EGM2008,30.0,ocean class 1 plus river class 3 cells connected to ocean in an adaptive context; lake class 2 and 255 clipped cells excluded,True,resolved_local_ocean,10.0,DeltaDTM_v1_1_N52E001.tif,64298,0,0.5736525909868904,45.20371344228606,665,64298,0,64298,0,31,0,0,52379,55.43576231140318,0.0,0.026757397946858247,0.0,0.0,45.20371344228606,3.006842974883852,0.01724883263232851,0.038157999241259226,3.006842974883852,0.0,0.01724883263232851,0.0,0.017134675742109227,100.0,0.038157999241259226,6.464703805750541,0.037084940881316086,0.08203958935511872,6.464703805750541,0.0,0.037084940881316086,0.0,0.03683950389347945,100.0,0.08203958935511872,11.877002015809557,0.06813272979525672,0.1507237450353395,11.877002015809557,0.0,0.06813272979525672,0.0,0.06768181113186848,100.0,0.1507237450353395,17.741090095889795,0.10177222300439039,0.2251412887446256,17.741090095889795,0.0,0.10177222300439039,0.0,0.10109867014800117,100.00000000000001,0.2251412887446256,24.80833573992416,0.1423136607528017,0.3148273668589218,24.80833573992416,0.0,0.1423136607528017,0.0,0.14137179498753172,100.0,0.3148273668589218,31.725874498693454,0.1819963010750041,0.4026136067501806,31.725874498693454,0.0,0.1819963010750041,0.0,0.1807918061271434,100.0,0.4026136067501806,38.34218719802516,0.2199509503025151,0.48657717154883295,38.34218719802516,0.0,0.2199509503025151,0.0,0.21849526242945574,100.0,0.48657717154883295,24.815732199640436,0.1428558105066017,24.815732199640436,0.1428558105066017,0.0,0.0,0.007396459716275672,0.0005421497538000142
avonmouth-p060-uk,Avonmouth P060 Uk,51.511,-2.715,8.786999702453613,0.138408160140448,True,True,True,True,False,10.0,-2.787169231627576,51.46578141335215,-2.6428307683724235,51.55621858664786,DeltaDTM:DeltaDTM_v1_1_N51W003.tif,DeltaDTM_v1_1_N51W003.tif,DeltaDTM_v1_1_N51W003.tif,True,v1.1.1,EGM2008,30.0,ocean class 1 plus river class 3 cells connected to ocean in an adaptive context; lake class 2 and 255 clipped cells excluded,True,resolved_context_ocean_connected_river,25.0,DeltaDTM_v1_1_N51W003.tif,6094,177372,37.11894278343243,54.45693920103256,41671,50608,50608,0,50608,1063,0,0,61125,0.0,45.05675028433162,0.9469749659085234,0.0,0.0,54.45693920103256,0.026405535561326698,0.00980145563666776,0.01799854303321167,0.014403836481037184,0.012001699080289512,0.00534655182201536,0.004454903814652401,0.005322035098233541,54.54854891158848,0.00981794404984477,0.05519800681237123,0.020488916566279214,0.03762406934154448,0.04079528320244905,0.014402723609922181,0.015142777830256285,0.005346138736022929,0.01507334030982954,73.90716723000553,0.027806883846988522,0.20156007193700787,0.0748169677765432,0.1373873906139855,0.18235976090621542,0.019200311030792467,0.06769001531078228,0.007126952465760922,0.06737962134783067,90.47414954446285,0.12430007323933256,0.4510941988970864,0.1674413975879924,0.30747486003550034,0.4391029889310507,0.01199120996603566,0.16299038722165837,0.004451010366334024,0.1622429914354339,97.34175034940509,0.29930141064293947,0.6670924653850341,0.24761767053885958,0.4547036138493889,0.647903418714371,0.019189046670663172,0.24049489928448997,0.007122771254369609,0.23939210495779598,97.12348022704955,0.44162397448869095,0.8879178758716004,0.32958572830864796,0.6052226459000081,0.8663287554792711,0.02158912039232944,0.32157207506277286,0.008013653245875108,0.3200974996723695,97.5685678845989,0.590507068117915,1.2047135806699243,0.44717694471310926,0.8211569568063979,1.1663312007012496,0.03838237996867453,0.43292981105361733,0.014247133659491928,0.43094460246538085,96.81398295955702,0.794994756233763,0.6446937041292288,0.2409654733277897,0.6638748518019796,0.2481347605386481,0.0191811476727507,0.0071692872108584,-0.003209714585142187,0.0004705740432997263
hinkleypoint-p003-uk,Hinkleypoint P003 Uk,51.215,-3.1343,7.734000205993652,0.6080124463089123,True,True,True,True,False,10.0,-3.2060043039283497,51.16978141335215,-3.0625956960716505,51.26021858664786,DeltaDTM:DeltaDTM_v1_1_N51W004.tif,DeltaDTM_v1_1_N51W004.tif,DeltaDTM_v1_1_N51W004.tif,True,v1.1.1,EGM2008,30.0,ocean class 1 plus river class 3 cells connected to ocean in an adaptive context; lake class 2 and 255 clipped cells excluded,True,resolved_local_ocean,10.0,DeltaDTM_v1_1_N51W004.tif,68069,0,13.398025887664096,39.51394690976025,14940,68069,0,68069,0,21,0,0,44054,60.99443035354576,0.0,0.01884268053878849,0.0,0.0,39.51394690976025,0.0,0.0,0.0,0.0,0.0,0.0,0.0,0.0,,0.0,0.006691132226866517,0.000896479627933411,0.0022687676075000586,0.006691132226866517,0.0,0.000896479627933411,0.0,0.000891777996481143,100.0,0.0022687676075000586,0.020074728589105216,0.002689617333246622,0.006806754433792758,0.020074728589105216,0.0,0.002689617333246622,0.0,0.0026755115030029294,100.0,0.006806754433792758,0.07360891227966797,0.00986214112285787,0.024958633328582634,0.07360891227966797,0.0,0.00986214112285787,0.0,0.00981041863921725,100.0,0.024958633328582634,0.32120599020238566,0.043035261720043426,0.10891157448362464,0.32120599020238566,0.0,0.043035261720043426,0.0,0.04280956117565295,100.00000000000001,0.10891157448362464,0.6625049922583506,0.08876259036984083,0.22463610272229165,0.65581260883983,0.006692383418520639,0.08786594310692569,0.0008966472629151345,0.08740512585149399,98.98983653003012,0.22236691087222707,1.003799756623686,0.13448935125275066,0.34035919408377485,0.9971073732051655,0.006692383418520639,0.13359270398983553,0.0008966472629151345,0.13289207049042176,99.33329497498279,0.3380900022337103,0.3213645329144466,0.0432447101767993,0.3213645329144466,0.0432447101767993,0.0,0.0,0.0001585427120609495,0.00020944845675587714
mumbles-p932-uk,Mumbles P932 Uk,51.57,-3.9754,5.824999809265137,0.1105824341088979,True,True,False,True,False,10.0,-4.047662855830946,51.524781413352144,-3.903137144169054,51.615218586647856,DeltaDTM:mosaic(2),DeltaDTM_v1_1_N51W004.tif;DeltaDTM_v1_1_N51W005.tif,mask:mosaic(2),True,v1.1.1,EGM2008,30.0,ocean class 1 plus river class 3 cells connected to ocean in an adaptive context; lake class 2 and 255 clipped cells excluded,True,resolved_local_ocean,10.0,mask:mosaic(2),129498,0,2.630546946383743,23.147627307820482,4439,129498,0,129498,0,641,0,326,39055,76.80320407556084,0.0,0.3797450665386927,0.0,0.19331517620408484,23.147627307820482,0.0,0.0,0.0,0.0,0.0,0.0,0.0,0.0,,0.0,0.6757087186283732,0.01777483506432739,0.07678901525393973,0.6757087186283732,0.0,0.01777483506432739,0.0,0.01768219950182278,100.0,0.07678901525393973,0.9912540266617466,0.02607540252925647,0.11264827354658,0.9912540266617466,0.0,0.02607540252925647,0.0,0.025939507620972368,100.0,0.11264827354658,1.2391273619927903,0.03259582698270678,0.14081714099351425,1.1715635452718685,0.06756381672092196,0.030818529065094257,0.0017772979176125213,0.030657914816625692,94.54746793644647,0.1331390412298635,1.8249915893650512,0.048007260525802495,0.20739603194485132,1.712387249578455,0.11260433978659624,0.04504515050405061,0.002962110021751882,0.04481039260953591,93.82987075432092,0.19459942872344413,2.65875285496288,0.06993974203811663,0.3021464839918488,2.456066366452369,0.2026864885105109,0.06460797880387095,0.005331763234245682,0.06427126701795999,92.37663297165163,0.27911274855390034,3.7402465158474114,0.09838894050984842,0.4250497867511781,3.2898359100648773,0.45041060578253433,0.08654067807324745,0.011848262436600976,0.08608966154545224,87.9577294203966,0.37386414133257395,1.777008074077609,0.0470698495959136,1.822017116121453,0.0482620607458599,0.0450090420438438,0.0011922111499462,0.06462082449915418,0.0020246990918629873
devonport-p002-uk,Devonport P002 Uk,50.368,-4.1852,3.0480000972747803,0.2527009309996056,True,True,False,True,False,10.0,-4.255616651505235,50.32278141335215,-4.114783348494765,50.41321858664786,DeltaDTM:DeltaDTM_v1_1_N50W005.tif,DeltaDTM_v1_1_N50W005.tif,DeltaDTM_v1_1_N50W005.tif,True,v1.1.1,EGM2008,30.0,ocean class 1 plus river class 3 cells connected to ocean in an adaptive context; lake class 2 and 255 clipped cells excluded,True,resolved_local_ocean,10.0,DeltaDTM_v1_1_N50W005.tif,37811,420,11.599958209975089,65.64415531351735,12709,38231,420,37811,420,30,0,0,71927,34.525954551327004,0.38303301213364455,0.027372749548667998,0.0,0.0,65.64415531351735,0.4881777304969811,0.05662841272805462,0.08626573448557084,0.4645687161073884,0.02360901438959267,0.053889776925074864,0.0027386358029797553,0.05357874394398333,95.16384855049454,0.08209379291682037,1.3148412677602412,0.15252103758769464,0.2323451903055987,1.2519123305126318,0.0629289372476093,0.14522130716499052,0.007299730422704126,0.14438314047247783,95.21395176812443,0.22122503743312966,2.6449000201160877,0.30680729702908893,0.4673794575675066,2.5741087669928078,0.07079125312327994,0.2985955412504708,0.008211755778618157,0.29687215201720485,97.32348094125037,0.4548699573090316,4.014071477595183,0.46563061391957083,0.7093253187518568,3.9039394336800823,0.11013204391510109,0.4528553428496277,0.01277527106994314,0.450241619889045,97.25635070202884,0.6898639196235897,5.548430541034809,0.6436156240695325,0.9804614302607991,5.343911264440085,0.20451927659472424,0.6198914734532012,0.023724150616331374,0.616313676254125,96.31392562126983,0.9443208926866244,7.4840149660852076,0.8681426084941655,1.3224979502712846,6.893973914746427,0.5900410513387819,0.7996980931171691,0.06844451537699636,0.7950825148745412,92.11598247715123,1.218231980132581,9.907473638258036,1.1492628017022306,1.750746576314885,8.892557721699525,1.0149159165585095,1.0315329795150578,0.11772982218717276,1.0255793312348118,89.7560573601793,1.5714011012685634,5.340587530756274,0.6226370052225665,5.545195035517802,0.6464913477040086,0.2046075047615276,0.0238543424814421,-0.0033237336838114473,0.002745531769365317
weymouth-p991-uk,Weymouth P991 Uk,50.608,-2.4479,1.9019999504089355,0.8387611058243979,True,True,False,True,False,10.0,-2.518675225820206,50.56278141335214,-2.3771247741797943,50.65321858664785,DeltaDTM:DeltaDTM_v1_1_N50W003.tif,DeltaDTM_v1_1_N50W003.tif,DeltaDTM_v1_1_N50W003.tif,True,v1.1.1,EGM2008,30.0,ocean class 1 plus river class 3 cells connected to ocean in an adaptive context; lake class 2 and 255 clipped cells excluded,True,resolved_local_ocean,10.0,DeltaDTM_v1_1_N50W003.tif,61491,138,14.638562700445926,44.385038867447484,16121,61629,138,61491,138,320,0,0,48891,55.86218888173488,0.1253270108480506,0.2905188072072793,0.0,0.0,44.385038867447484,2.6363017239847477,0.38591668083844416,0.8694746939187206,0.5151806398308182,2.121121084153929,0.07541504098219282,0.31050163985625134,0.07491827768582836,19.54179353386482,0.16991094951479946,5.929650734418754,0.8680156406753416,1.955649162024176,1.0116048773960098,4.9180458570227445,0.148084414258384,0.7199312264169576,0.14710897353980687,17.060108979507557,0.3336358782981508,9.25453440136476,1.3547308209781184,3.0522240276141654,2.4760749470126675,6.778459454352093,0.3624617836284826,0.9922690373496358,0.3600742266094001,26.755262227427913,0.8166305423567317,12.195272929268949,1.7852126742415435,4.0221045644973845,6.954360730398468,5.24091219887048,1.018018455934569,0.7671942183069744,1.0113127086811886,57.02505200771551,2.293607219709333,15.583113041213446,2.281143773219396,5.1394430002232445,14.119223724784334,1.4638893164291122,2.0668514177687913,0.21429235545060488,2.053236946305084,90.60592506415445,4.656639873497204,19.609733195007607,2.8705830891413466,6.467456517756181,18.3134231704485,1.2963100245591046,2.680821933404096,0.1897611557372505,2.6631632021581844,93.38945608454719,6.039922464437094,24.04566195114901,3.5199393014562173,7.930463487861859,23.00972943846655,1.035932512682462,3.36829367105289,0.15164563040332713,3.346106523166159,95.69181120990949,7.588804148875573,14.184598232501504,2.085281568826602,15.598837108256788,2.293189203092424,1.4142388757552848,0.2079076342658221,0.0653745077171699,0.01843015105781065
barmouth-p923-uk,Barmouth P923 Uk,52.719,-4.0452,3.525000095367432,1.5441251059325087,True,True,False,True,False,10.0,-4.1193517851251045,52.67378141335215,-3.9710482148748967,52.76421858664786,DeltaDTM:mosaic(2),DeltaDTM_v1_1_N52W004.tif;DeltaDTM_v1_1_N52W005.tif,mask:mosaic(2),True,v1.1.1,EGM2008,30.0,ocean class 1 plus river class 3 cells connected to ocean in an adaptive context; lake class 2 and 255 clipped cells excluded,True,resolved_local_ocean,10.0,mask:mosaic(2),69865,0,8.6894184268925,60.04539814294937,15037,69865,0,69865,0,309,0,0,103910,40.37662464774489,0.0,0.17861655907769058,0.0,0.0,60.04539814294937,1.5098483518881183,0.13119704090709886,0.2184964126555704,1.2837040730906408,0.22614427879747737,0.11154641827390771,0.019650622633191145,0.11088042679935571,85.02205347214665,0.18577013680274126,2.820107935510869,0.24505097860653907,0.40810950744826296,1.523096229023806,1.2970117064870625,0.1323482043840994,0.11270277422243968,0.1315580151771664,54.00843740216254,0.22041356786246896,14.370819176706968,1.2487406096361764,2.079660803752711,12.847816289891766,1.5230028868152017,1.1164005161471515,0.13234009348902487,1.109735010992932,89.40211502150294,1.8592607438281115,30.05436492752961,2.6115495240982747,4.349291710716931,22.551084105374706,7.5032808221549026,1.9595580577164555,0.6519914663818192,1.9478584533676702,75.03430586456363,3.263460845161454,46.2516367216072,4.018998244026714,6.693266042567879,43.68994180453799,2.5616949170692145,3.7964018538621334,0.22259639016458088,3.7737353146063675,94.461396182608,6.322552554026013,55.18382136472315,4.795153142329694,7.98587950222918,53.18170026600455,2.0021210987186047,4.621180462648937,0.17397267968075703,4.593589556207341,96.37190566146896,7.696144260126892,60.98926300804708,5.2996122582471745,8.826009023423328,59.851577151704916,1.1376858563421681,5.200753973806028,0.09885828444114608,5.169702705093015,98.13461288064414,8.661369787947205,43.66790820270907,3.8077667232591015,46.2402092881937,4.032066967503547,2.572301085484637,0.2243002442444455,-0.022033601828916005,0.011364869396968125
portsmouth-p008-uk,Portsmouth P008 Uk,50.803,-1.1118,2.7669999599456787,0.68924288062033,True,True,False,True,False,10.0,-1.182870189887799,50.75778141335214,-1.040729810112201,50.84821858664785,DeltaDTM:DeltaDTM_v1_1_N50W002.tif,DeltaDTM_v1_1_N50W002.tif,DeltaDTM_v1_1_N50W002.tif,True,v1.1.1,EGM2008,30.0,ocean class 1 plus river class 3 cells connected to ocean in an adaptive context; lake class 2 and 255 clipped cells excluded,True,resolved_local_ocean,10.0,DeltaDTM_v1_1_N50W002.tif,39563,1230,62.71309365245595,63.36461154010801,69357,40793,1230,39563,1230,295,0,0,70078,35.797022178718656,1.1117567788502467,0.26673937728658326,0.0,0.0,63.36461154010801,6.8181999711573855,4.275904133323656,6.748094921432808,6.317902630461225,0.5002973406961606,3.962152193512126,0.3137519398115298,3.9408663967707698,92.66232520588224,6.252941661299692,9.475035975291462,5.942088184788428,9.377613214005509,8.72098276215525,0.7540532131362125,5.469198087044962,0.47289009774346624,5.439816015601648,92.04168495926986,8.631313211133811,11.183503587622738,7.013521078531619,11.06851428275901,9.96661983360733,1.2168837540154078,6.250375630234415,0.7631454482972044,6.2167968531646824,89.11893983418412,9.864142584190079,13.415317696515505,8.413160750790265,13.277380775016622,11.892725239293881,1.5225924572216243,7.4582959171476375,0.9548648336426275,7.41822785232437,88.65034364697078,11.77044368436907,17.07159922836094,10.706128012053945,16.896068249826275,15.560510425925113,1.5110888024358293,9.758477476210588,0.9476505358433567,9.706052188660086,91.14852227830262,15.40051653285012,22.46373020864345,14.087700163581605,22.232757088180822,21.14590966086816,1.317820547775289,13.26125412928398,0.826446034297625,13.190010939687772,94.13356314585621,20.928486432667516,28.73091051447734,18.01804281814749,28.435497954157864,27.137704094744443,1.5932064197328948,17.018893784063458,0.9991490340840308,16.92746349664454,94.45473049338241,26.85867295705108,15.63562884785696,9.846884378670728,17.1731800085351,10.815191355819506,1.5375511606781378,0.968306977148778,0.07511842193184748,0.08840690246013949
malin-head-834a-ireland,Malin Head 834a,55.367,-7.3333,2.555000066757202,0.3437271698171449,True,True,False,True,False,10.0,-7.412332476593652,55.32178141335214,-7.254267523406349,55.41221858664785,DeltaDTM:DeltaDTM_v1_1_N55W008.tif,DeltaDTM_v1_1_N55W008.tif,DeltaDTM_v1_1_N55W008.tif,True,v1.1.1,EGM2008,30.0,ocean class 1 plus river class 3 cells connected to ocean in an adaptive context; lake class 2 and 255 clipped cells excluded,True,resolved_local_ocean,10.0,DeltaDTM_v1_1_N55W008.tif,80058,0,3.677496429161704,35.37875233155562,4521,80058,0,80058,0,15,0,0,43481,65.09479149174331,0.0,0.012203840452033286,0.0,0.0,35.37875233155562,0.24325229559565276,0.008945594484384003,0.025285217524206177,0.19902282701357363,0.044229468582079115,0.007319057356640846,0.0016265371277431571,0.007283677065460208,81.81745069505952,0.020687720381005942,1.6808197518887058,0.06181208635635177,0.17471528045159265,1.6587037757443903,0.02211597614431529,0.06099877212337032,0.0008133142329814491,0.0607039043262997,98.68421488268066,0.17241640279372786,4.909901383777998,0.18056144806379698,0.5103669184589857,4.909901383777998,0.0,0.18056144806379698,0.0,0.17968861481530518,100.0,0.5103669184589857,8.382317568207217,0.3082594292518146,0.8713123243096015,8.382317568207217,0.0,0.3082594292518146,0.0,0.3067693045219939,100.0,0.8713123243096015,11.456610153762426,0.42131642930759045,1.1908741873064945,11.434500542467768,0.02210961129465764,0.4205033491417279,0.0008130801658625675,0.4184706377951542,99.80701436988849,1.1885759712522856,13.756650348068085,0.505900325322465,1.429955247096811,13.66819436113582,0.08845598693226522,0.5026473595616512,0.0032529657608137974,0.5002175644287665,99.35699472841011,1.4207605594766026,15.990401929577423,0.588046459968814,1.6621458395645954,15.680723471187171,0.3096784583902532,0.5766580457196294,0.011388414249184575,0.5738704832542655,98.06334787734484,1.6299558568810433,11.436547972496486,0.4226968577664241,11.4586763818113,0.4235147277309654,0.0221284093148143,0.0008178699645413,0.002047430028717656,0.0021935086246961943
kinlochbervi-p918-uk,Kinlochbervi P918 Uk,58.457,-5.0504,3.151000022888184,2.3143094507348865,True,True,False,True,False,10.0,-5.136257902794425,58.41178141335215,-4.964542097205575,58.50221858664786,DeltaDTM:mosaic(2),DeltaDTM_v1_1_N58W005.tif;DeltaDTM_v1_1_N58W006.tif,mask:mosaic(2),True,v1.1.1,EGM2008,30.0,ocean class 1 plus river class 3 cells connected to ocean in an adaptive context; lake class 2 and 255 clipped cells excluded,True,resolved_local_ocean,10.0,mask:mosaic(2),51667,0,4.015605839486442,71.0534849340186,8044,51667,0,51667,0,7102,0,326,142373,25.790533088922498,0.0,3.5449810322560347,0.0,0.16270502277989812,71.0534849340186,0.27338470476839893,0.010978052168942598,0.0154504063792747,0.14911554869707624,0.12426915607132272,0.005987892681062043,0.0049901594878805555,0.00595503849086285,54.544217762073124,0.00842730330063683,2.1876072886264737,0.0878456860271157,0.12363318436624271,2.0259588477623005,0.1616484408641732,0.08135452179633518,0.006491164230780527,0.0809081482430625,92.61071940541636,0.11449758146540213,5.929462653948677,0.23810384858213085,0.33510509555335377,5.680754422601589,0.2487082313470884,0.22811670632087372,0.009987142261257131,0.22686508240971334,95.80555193848024,0.32104928636886215,9.397771839144989,0.3773774747543186,0.5311174745401402,9.061995959735338,0.33577587940965253,0.36389403893315764,0.01348343582116096,0.36189743602053803,96.4270692547458,0.5121410149988779,12.91613260727162,0.5186609752134116,0.729958531513336,12.368944533196302,0.5471880740753182,0.4966880589578697,0.021972916255541874,0.4939628457939332,95.76353006961807,0.6990340578215161,16.869547470321383,0.6774145333131628,0.953386781721151,16.197978433476884,0.6715690368444994,0.6504469678534522,0.026967565459710574,0.6468781149139311,96.01904533582781,0.9154328861666218,20.015153563720162,0.8037296752869256,1.1311615130957782,19.244154873425554,0.7709986902946128,0.7727694068570912,0.03096026842983446,0.7685293988233305,96.14792518158772,1.0875883252942444,12.366919659946538,0.4983357275270866,12.913578431254876,0.5203638156848278,0.5466587713083394,0.0220280881577411,-0.002024873249764525,0.0016476685692168869
porterin-p919-uk,Porterin P919 Uk,54.085,-4.7681,3.640000104904175,0.4449054440314385,True,True,False,True,False,10.0,-4.844671348237874,54.03978141335215,-4.691528651762125,54.13021858664786,DeltaDTM:DeltaDTM_v1_1_N54W005.tif,DeltaDTM_v1_1_N54W005.tif,DeltaDTM_v1_1_N54W005.tif,True,v1.1.1,EGM2008,30.0,ocean class 1 plus river class 3 cells connected to ocean in an adaptive context; lake class 2 and 255 clipped cells excluded,True,resolved_local_ocean,10.0,DeltaDTM_v1_1_N54W005.tif,80278,0,2.759722705950673,33.31120903420126,3287,80278,0,80278,0,0,0,0,39690,67.39397680697255,0.0,0.0,0.0,0.0,33.31120903420126,7.210803058163039,0.1989981692775109,0.5973910135570151,7.1195232937077995,0.09127976445523926,0.19647910089190138,0.0025190683856095297,0.19510326032442507,98.73412484408507,0.5898287891327285,14.147589104953887,0.390434228874016,1.1720806304963283,14.147589104953887,0.0,0.390434228874016,0.0,0.3877002218036572,100.0,1.1720806304963283,19.806605576423774,0.5466073913706591,1.6409112944818265,19.806605576423774,0.0,0.5466073913706591,0.0,0.5427797851768384,100.0,1.6409112944818265,23.366336927280862,0.6448461057311068,1.9358231791257734,23.366336927280862,0.0,0.6448461057311068,0.0,0.6403305851082182,99.99999999999999,1.9358231791257734,26.1959684221906,0.7229360885908622,2.1702487227305673,26.1959684221906,0.0,0.7229360885908622,0.0,0.7178737445865337,100.0,2.1702487227305673,28.234494182926813,0.7791937468765532,2.3391337915010526,28.234494182926813,0.0,0.7791937468765532,0.0,0.7737374598617504,100.0,2.3391337915010526,29.75578852483005,0.8211772522543996,2.465167960164043,29.75578852483005,0.0,0.8211772522543996,0.0,0.8154269766698126,100.0,2.465167960164043,25.45469876190413,0.7274435023026697,25.45469876190413,0.7274435023026697,0.0,0.0,-0.7412696602864699,0.0045074137118075175
workington-p217-uk,Workington P217 Uk,54.651,-3.5676,5.426000118255615,1.112541052229465,True,True,False,True,False,10.0,-3.6452339829545,54.60578141335215,-3.4899660170455005,54.69621858664786,DeltaDTM:DeltaDTM_v1_1_N54W004.tif,DeltaDTM_v1_1_N54W004.tif,DeltaDTM_v1_1_N54W004.tif,True,v1.1.1,EGM2008,30.0,ocean class 1 plus river class 3 cells connected to ocean in an adaptive context; lake class 2 and 255 clipped cells excluded,True,resolved_local_ocean,10.0,DeltaDTM_v1_1_N54W004.tif,67635,473,9.360007797996479,44.18089024892522,11306,67869,234,67635,473,136,0,0,53354,55.99162540384974,0.3916101338361958,0.11258654010715072,0.0,0.0,44.18089024892522,0.05310280901653554,0.004970427064902904,0.011250174084085636,0.03541025389849889,0.01769255511803664,0.003314402526189849,0.001656024538713055,0.0032921243151384162,66.68244967506821,0.007501891671977971,0.2743400149536434,0.025678246792685728,0.058120709311217184,0.2743400149536434,0.0,0.025678246792685728,0.0,0.025505646935861506,100.0,0.058120709311217184,1.3889189616326516,0.13000292311666792,0.29425147928029916,1.3889189616326516,0.0,0.13000292311666792,0.0,0.12912909064290812,100.0,0.29425147928029916,2.6713024861162875,0.2500341210085583,0.5659327360761837,2.6713024861162875,0.0,0.2500341210085583,0.0,0.24835348237946234,100.0,0.5659327360761837,3.865171006963484,0.3617803076576811,0.8188615159616031,3.865171006963484,0.0,0.3617803076576811,0.0,0.3593485517123599,100.00000000000001,0.8188615159616031,4.846804655795136,0.4536612937360811,1.026826963377265,4.82911125433942,0.017693401455715504,0.4520051899800953,0.0016561037559857938,0.44896697511658706,99.6349470896344,1.0230785016630377,5.625144068671527,0.5265139234761913,1.1917232099889605,5.572071905272792,0.053072163398734065,0.5215463648435044,0.004967558632686941,0.5180407194376496,99.0565190375423,1.180479528377525,3.8652373800261217,0.3631108254641896,3.8652373800261217,0.3631108254641896,0.0,0.0,6.637306263757026e-05,0.0013305178065085022
sthelier-p074-uk,Sthelier P074 Uk,49.183,-2.1167,6.500999927520752,0.1134006952303961,True,True,False,True,False,10.0,-2.1854155051571222,49.137781413352144,-2.0479844948428774,49.228218586647856,DeltaDTM:DeltaDTM_v1_1_N49W003.tif,DeltaDTM_v1_1_N49W003.tif,DeltaDTM_v1_1_N49W003.tif,True,v1.1.1,EGM2008,30.0,ocean class 1 plus river class 3 cells connected to ocean in an adaptive context; lake class 2 and 255 clipped cells excluded,True,resolved_local_ocean,10.0,DeltaDTM_v1_1_N49W003.tif,72915,0,7.885208435288687,55.017106478497276,12644,72915,0,72915,0,197,0,0,88258,45.4910397373133,0.0,0.12283140421038731,0.0,0.0,55.017106478497276,0.0079092623372443,0.0006236618209854987,0.001133578010376189,0.0079092623372443,0.0,0.0006236618209854987,0.0,0.0006197513288009821,100.0,0.001133578010376189,0.16611932010438255,0.013098854641514987,0.023808694204291724,0.1503022603300306,0.015817059774351924,0.011851646509973135,0.0012472081315418517,0.01177733416714338,90.47849475641175,0.021541748137200195,0.474623646315865,0.03742506379517333,0.0680244131155833,0.474623646315865,0.0,0.03742506379517333,0.0,0.03719040069002317,100.0,0.0680244131155833,0.9176073978602561,0.07235525593890994,0.13151410637560348,0.9176073978602561,0.0,0.07235525593890994,0.0,0.07190157310417956,100.0,0.13151410637560348,1.5899945131413233,0.12537438147084692,0.2278825432592459,1.5899945131413233,0.0,0.12537438147084692,0.0,0.12458825744916859,100.0,0.2278825432592459,2.5155003422471904,0.19835244517659126,0.3605286753023167,2.5075909911315617,0.00790935111562902,0.19772877635524508,0.0006236688213461794,0.19648897489783118,99.68557543074857,0.3593950845679695,3.5358647292772516,0.27881030389336736,0.5067702061036903,3.4804935012593723,0.055371228017879685,0.2744441671509786,0.004366136742388782,0.2727233438864821,98.43401169848492,0.4988342439605426,1.5893784648372005,0.1257264419202473,1.5893784648372005,0.1257264419202473,0.0,0.0,-0.0006160483041228737,0.0003520604494003654
gladstone-p234-uk,Gladstone P234 Uk,53.45,-3.018,5.577000141143799,0.7239068768526228,True,True,False,True,False,10.0,-3.093421904749348,53.40478141335215,-2.942578095250652,53.49521858664786,DeltaDTM:mosaic(2),DeltaDTM_v1_1_N53W003.tif;DeltaDTM_v1_1_N53W004.tif,mask:mosaic(2),True,v1.1.1,EGM2008,30.0,ocean class 1 plus river class 3 cells connected to ocean in an adaptive context; lake class 2 and 255 clipped cells excluded,True,resolved_local_ocean,10.0,mask:mosaic(2),43044,10703,25.619988506705404,67.84176121368718,45093,53506,10462,43044,10703,3544,0,326,119401,24.44845482760867,6.084413240470434,2.0136246894432173,0.0,0.18521818075868912,67.84176121368718,0.1331126693844235,0.03410345059725807,0.050269111513540195,0.026636755608784875,0.10647591377563866,0.006824333725529892,0.02727911687172818,0.006785421224414138,20.010683980695404,0.010059193044877898,0.17748027812454212,0.04547042685717648,0.06702424294964021,0.051039586683682824,0.12644069144085932,0.01307633624222948,0.032394090614946996,0.013001774685148505,28.757891988352153,0.019274759393468267,0.3882497245066351,0.09946953479591529,0.14661991819847855,0.23962068310815937,0.1486290413984757,0.061390791471999405,0.038078743323915885,0.06104073982773201,61.718184967846476,0.09049115231344218,0.5857046928917871,0.15005747500211003,0.22118746966114392,0.4148935213048118,0.17081117158697526,0.10629567247335812,0.043761802528751906,0.10568957220920402,70.83663940890878,0.15668177030155403,0.8186591507244025,0.209740380324684,0.309161166473916,0.5590920565759562,0.2595670941484464,0.14323932063666284,0.06650105968802117,0.1424225668775021,68.29363063751688,0.2111373851063349,1.3534446969704148,0.3467523758084341,0.5111193601183753,0.7188183038296774,0.6346263931407377,0.18416116682525807,0.16259120898317603,0.18311107579838498,53.110282632064575,0.27145693674606913,2.1257379745358236,0.5446138247587502,0.802770763930099,0.8585689070693974,1.267169067466426,0.21996525531332578,0.3246485694454244,0.2187110085857975,40.389216232394524,0.32423281969417306,0.6583820968674948,0.1693030580701983,0.817921669204259,0.2103286837795527,0.1595395723367642,0.0410256257093544,0.09929004029153865,0.02606373743353546
llandudno-p007-uk,Llandudno P007 Uk,53.332,-3.8252,5.040999889373779,0.5884438931502196,True,True,False,True,False,10.0,-3.9004131099489063,53.28678141335215,-3.7499868900510935,53.37721858664786,DeltaDTM:DeltaDTM_v1_1_N53W004.tif,DeltaDTM_v1_1_N53W004.tif,DeltaDTM_v1_1_N53W004.tif,True,v1.1.1,EGM2008,30.0,ocean class 1 plus river class 3 cells connected to ocean in an adaptive context; lake class 2 and 255 clipped cells excluded,True,resolved_local_ocean,10.0,DeltaDTM_v1_1_N53W004.tif,81410,784,10.721062954364115,30.34735475753791,12538,82194,784,81410,784,0,0,0,35492,69.55572536405404,0.6706531110335968,0.0,0.0,0.0,30.34735475753791,0.06383078666366175,0.00684333882247703,0.022550034021588745,0.04787251932621686,0.015958267337444897,0.005132442934803837,0.0017108958876731932,0.005103164384812656,74.9991059619358,0.016912323910303916,0.10372515802432164,0.011120439491301185,0.036643851103823157,0.07180862334943186,0.03191653467488979,0.007698647715954798,0.0034217917753463865,0.007654729986156466,69.22970735083773,0.02536843088125349,0.29511809544760675,0.0316397968026583,0.10425882932943063,0.20737668208239513,0.08774141336521164,0.02223298463872511,0.00940681216393319,0.02210615428513581,70.26905001127298,0.07326168892266535,0.9410489270366499,0.10089044789896726,0.3324521979099589,0.5263532511014618,0.4146956759351881,0.056430663412929946,0.04445978448603731,0.05610874887422809,55.93261263884982,0.18594920006631965,2.3367254792630585,0.2505218097024591,0.8255144862015775,0.9888935694915736,1.347831909771485,0.10601990213685004,0.14450190756560904,0.1054151006720886,42.31962968125141,0.34935467352559285,6.755366893197175,0.7242471374179403,2.3865247669998197,1.6269229930925453,5.128443900104629,0.17442343830847673,0.5498236991094636,0.17342842181769064,24.08341425142871,0.5747566458495105,11.333376687489148,1.2150584495209378,4.003836443830849,2.24903944899103,9.084337238498117,0.24112093519481215,0.9739375143261256,0.2397454359550351,19.844389814323673,0.7945369114417481,0.987832908602645,0.1064080047629034,2.3340878323437373,0.2514247369349103,1.346254923741092,0.1450167321720069,-0.001060660888928533,0.00038810262605334933
portellen-p202-uk,Portellen P202 Uk,55.627,-6.1901,1.437000036239624,0.0690480110244961,True,True,False,True,False,10.0,-6.269655968510964,55.58178141335215,-6.110544031489036,55.67221858664786,DeltaDTM:DeltaDTM_v1_1_N55W007.tif,DeltaDTM_v1_1_N55W007.tif,DeltaDTM_v1_1_N55W007.tif,True,v1.1.1,EGM2008,30.0,ocean class 1 plus river class 3 cells connected to ocean in an adaptive context; lake class 2 and 255 clipped cells excluded,True,resolved_local_ocean,10.0,DeltaDTM_v1_1_N55W007.tif,51112,0,9.785344960808112,58.84918077137918,12117,51112,0,51112,0,554,0,0,72866,41.31817170715231,0.0,0.44734747878723724,0.0,0.0,58.84918077137918,0.27249372460114984,0.02666445094877695,0.04530980822377902,0.2229643026978387,0.04952942190331107,0.02181782615844391,0.004846624790333039,0.021684531353469365,81.82364677358808,0.037074137434815115,1.4285881338771464,0.13979227696905,0.2375432846076879,1.4120858183748928,0.016502315502253742,0.13817746847063356,0.0016148084984164424,0.1373332808518528,98.84485142281933,0.23479930673535399,3.269983697211848,0.3199791849343664,0.5437275094405148,3.261726364671089,0.008257332540759199,0.31917117646069204,0.0008080084736743487,0.3172212177704511,99.74748092634836,0.5423544937704865,4.483824058753923,0.43875765158477875,0.7455628877643866,4.450807721672634,0.033016337081288635,0.43552688910795145,0.003230762476827298,0.4328660616119754,99.26365672139099,0.7400729855525303,5.788519921960378,0.5664266424889235,0.9625055694307991,5.7472706026012,0.041249319359177215,0.5623902542956426,0.004036388193280893,0.5589543620705636,99.2873943613343,0.9556467004705637,6.969163037228812,0.6819566440739712,1.1588209642599396,6.812424151535601,0.1567388856932109,0.6666192034211638,0.0153374406528074,0.6625465301829127,97.7509654336407,1.1327586802115155,8.149746744291953,0.7974808323611958,1.3551264807904413,8.091978484987013,0.05776825930494107,0.7918280089103532,0.0056528234508426145,0.7869903793841762,99.291164975827,1.3455208696727556,5.73530300812801,0.5637317236008133,5.776602955625818,0.5677911587439203,0.0412999474978078,0.004059435143107,-0.011967594473190069,0.0013414693051706505
saint-malo,Saint Malo France,48.64100000000001,-2.0281,7.427999973297119,0.1294324044256098,True,True,False,True,False,10.0,-2.096074066293892,48.59578141335216,-1.960125933706108,48.68621858664787,DeltaDTM:mosaic(2),DeltaDTM_v1_1_N48W002.tif;DeltaDTM_v1_1_N48W003.tif,mask:mosaic(2),True,v1.1.1,EGM2008,30.0,ocean class 1 plus river class 3 cells connected to ocean in an adaptive context; lake class 2 and 255 clipped cells excluded,True,resolved_local_ocean,10.0,mask:mosaic(2),55487,15872,10.121659161410921,55.0454178051336,16057,71352,15865,55487,15872,760,0,0,87295,34.96187083715059,10.009123791664553,0.4790893749321421,0.0,0.0,55.0454178051336,0.006227410646813691,0.000630317280251897,0.0011450858316368578,0.0,0.006227410646813691,0.0,0.000630317280251897,0.0,0.0,0.0,0.09338985125451651,0.009452602435330804,0.01717236931290808,0.05602305483422985,0.03736679642028668,0.005670462662131089,0.0037821397731997147,0.0056425039529779085,59.988375697857705,0.010301425419650925,0.5416657985109694,0.054825565919215155,0.09960059911490408,0.33614172938234155,0.20552406912862786,0.03402312014735288,0.020802445771862278,0.03385536619545117,62.057034117049625,0.06180917777352185,1.5439727104105605,0.156275655292955,0.2839031140542647,1.045734272738524,0.49823843767203657,0.10584565882065268,0.05042999647230233,0.10532377759747551,67.73010077752288,0.19228786525947922,2.6459155103315872,0.2678105496546696,0.48652650907791506,1.811360297744655,0.8345552125869319,0.18333971552283201,0.08447083413183759,0.1824357431156487,68.4587353856078,0.33306989543048493,3.8539468658195095,0.39008336602012944,0.7086572898784498,2.4526333102592663,1.4013135555602432,0.24824718414367297,0.14183618187645647,0.24702317981931318,63.63952061746275,0.4509861020993488,4.918973684093535,0.49788175054344563,0.9044926360737198,2.932228645043758,1.9867450390497774,0.29679018928458684,0.2010915612588588,0.29532683945298654,59.610578005848936,0.539173288383884,1.8132281923495688,0.1844130017519917,2.647727003245465,0.2692850720876989,0.8344988108958956,0.0848720703357071,0.0018678946049137668,0.0010732862291596978
newport-p057-uk,Newport P057 Uk,51.55,-2.9874,8.60200023651123,0.7106021951361563,True,True,False,True,False,10.0,-3.059631083027109,51.50478141335214,-2.915168916972891,51.59521858664785,DeltaDTM:mosaic(2),DeltaDTM_v1_1_N51W003.tif;DeltaDTM_v1_1_N51W004.tif,mask:mosaic(2),True,v1.1.1,EGM2008,30.0,ocean class 1 plus river class 3 cells connected to ocean in an adaptive context; lake class 2 and 255 clipped cells excluded,True,resolved_local_ocean,10.0,mask:mosaic(2),47106,4829,49.37632285595635,68.87688619496161,83239,51927,4821,47106,4829,1453,0,0,116132,27.96488145444048,2.8644693985462393,0.8618726485435904,0.0,0.0,68.87688619496161,0.002402153578720634,0.00118609510652501,0.0017220509986001276,0.002402153578720634,0.0,0.00118609510652501,0.0,0.001179394850022108,100.0,0.0017220509986001276,0.007207539310730918,0.0035588178800364696,0.005166926202155752,0.006006557901581481,0.0012009814091494375,0.0029658174220148293,0.0005930004580216404,0.0029490635062799486,83.33715076154547,0.004305969078828335,0.028837617566668205,0.014238955153684077,0.020673052950418748,0.026435764823044956,0.00240185274362325,0.013053008588468015,0.0011859465652160617,0.012979272085217824,91.6711124347546,0.018951217613874728,0.08652247672750911,0.042721617451944596,0.062026058104626844,0.07931464459058472,0.007207832136924381,0.039162654985101436,0.00355896246684316,0.03894142497387274,91.66941075944406,0.05685892198182183,0.22832405576403253,0.11273802293186252,0.1636804872577259,0.2127061698708515,0.015617885893181032,0.1050264851699706,0.007711537761891929,0.10443319009070944,93.15977204376496,0.1524843688094212,0.5083435415181805,0.2510013482774193,0.3644202898007608,0.48311110644655353,0.025232435071626976,0.23854249967203323,0.012458848605386097,0.2371949720363037,95.03634195955954,0.3463317127850689,0.960210543232407,0.4741166579233656,0.6883537919837723,0.8424408627753526,0.11776968045705428,0.41596632027446234,0.05815033764890326,0.41361652469139765,87.7350148582414,0.6039273016742306,0.2125751441250839,0.1053855522092587,0.2281926154536953,0.1131280182762676,0.0156174713286114,0.0077424660670088,-0.0001310257457675934,0.00035906703928810513
portrush-p935-uk,Portrush P935 Uk,55.207,-6.6568,2.005000114440918,0.4513471141496154,True,True,False,True,False,10.0,-6.735514539923892,55.16178141335215,-6.578085460076108,55.25221858664786,DeltaDTM:DeltaDTM_v1_1_N55W007.tif,DeltaDTM_v1_1_N55W007.tif,DeltaDTM_v1_1_N55W007.tif,True,v1.1.1,EGM2008,30.0,ocean class 1 plus river class 3 cells connected to ocean in an adaptive context; lake class 2 and 255 clipped cells excluded,True,resolved_local_ocean,10.0,DeltaDTM_v1_1_N55W007.tif,71395,125,4.6143223714535075,42.1902055451467,5649,71395,0,71395,125,73,0,0,51635,58.27338440232682,0.10218624461573632,0.059640896507893365,0.0,0.0,42.1902055451467,0.12392320943878089,0.005718216376556852,0.013553421469914216,0.10620739059977673,0.017715818839004163,0.004900751384582507,0.0008174649919743442,0.0048702917477276815,85.70419623633462,0.011615850933312789,1.5756817011188728,0.07270703323762734,0.1723315454337508,1.185928626820842,0.38975307429803063,0.0547225699368655,0.017984463300761838,0.05438245278395636,75.2644792396033,0.1297044402362729,4.921608341091783,0.22709887471832002,0.5382739234946534,4.1421047843218854,0.779503556769898,0.19113006771201083,0.035968807006309195,0.1899421371279659,84.1616093206438,0.4530199965664714,7.7718231781711555,0.3586169755801606,0.850000541467885,6.584841719140893,1.1869814590302619,0.30384582457112197,0.05477115100903862,0.3019573318176623,84.72711702494524,0.720180953482163,10.197181162655422,0.47053081164605204,1.1152607709923303,8.425621877844433,1.7715592848109893,0.3887853552434568,0.08174545640259523,0.38636893788091825,82.62697056615141,0.9215061889836662,12.782104329722667,0.5898074996289204,1.3979725673480825,9.965471845866213,2.816632483856454,0.45983899680470547,0.12996850282421496,0.4569809597905402,77.96425055531083,1.0899188351017703,15.048082765522187,0.6943670495243299,1.6458015327308722,11.080478788013203,3.9676039775089857,0.5112890115794536,0.18307803794487632,0.5081111973223242,73.63382406030178,1.2118666049928006,9.66510805491359,0.4474661069806995,10.195806531038524,0.4720358872400613,0.5306984761249343,0.0245697802593617,1.239486177069157,0.05868075173724269
bangor-p662-uk,Bangor P662 Uk,54.665,-5.6695,2.615000009536743,2.8109575972725023,True,True,False,True,False,10.0,-5.747160737635251,54.61978141335214,-5.59183926236475,54.710218586647855,DeltaDTM:DeltaDTM_v1_1_N54W006.tif,DeltaDTM_v1_1_N54W006.tif,DeltaDTM_v1_1_N54W006.tif,True,v1.1.1,EGM2008,30.0,ocean class 1 plus river class 3 cells connected to ocean in an adaptive context; lake class 2 and 255 clipped cells excluded,True,resolved_local_ocean,10.0,DeltaDTM_v1_1_N54W006.tif,52043,0,4.852844089564865,57.31495510644673,5864,52043,0,52043,0,338,0,0,69217,43.04673585697845,0.0,0.2799246110796028,0.0,0.0,57.31495510644673,5.695141825370255,0.276376353464817,0.4822063507709708,5.5587402595490145,0.13640156582124044,0.269756998139787,0.006619355325029996,0.2680372295296536,97.60494874396964,0.47065726151017256,12.004100611516241,0.5825402870313857,1.016384442680759,12.004100611516241,0.0,0.5825402870313857,0.0,0.5788264464019185,100.0,1.016384442680759,15.192793655885877,0.7372825889694435,1.286370350635614,15.192793655885877,0.0,0.7372825889694435,0.0,0.7325822273030134,100.0,1.286370350635614,16.949127025359214,0.8225147090829859,1.43507869378139,16.949127025359214,0.0,0.8225147090829859,0.0,0.8172709712455678,100.0,1.43507869378139,18.807829394751007,0.9127146371586176,1.5924545966467245,18.807829394751007,0.0,0.9127146371586176,0.0,0.9068958521268339,100.0,1.5924545966467245,20.478904466447467,0.9938093050076311,1.7339441392947168,20.461848234746537,0.01705623170093236,0.9929815926756299,0.0008277123320011848,0.9866510856441167,99.9167131633976,1.7324999920726454,22.491123771729985,1.091459170633117,1.904318285875008,22.457015507148387,0.03410826458159868,1.0898039497313157,0.0016552209018012576,1.0828561758575268,99.8483478863583,1.9014303469440135,18.5776330246418,0.919111648313504,18.5776330246418,0.919111648313504,0.0,0.0,-0.23019637010920846,0.006397011154886445
stmarys-p231-uk,Stmarys P231 Uk,49.918,-6.3164,3.371000051498413,0.4687108841051639,True,True,False,True,False,10.0,-6.386157298238616,49.87278141335214,-6.246642701761384,49.963218586647855,DeltaDTM:DeltaDTM_v1_1_N49W007.tif,DeltaDTM_v1_1_N49W007.tif,DeltaDTM_v1_1_N49W007.tif,True,v1.1.1,EGM2008,30.0,ocean class 1 plus river class 3 cells connected to ocean in an adaptive context; lake class 2 and 255 clipped cells excluded,True,resolved_local_ocean,10.0,DeltaDTM_v1_1_N49W007.tif,137449,0,9.645633016974283,15.979316069220204,15706,137449,0,137449,0,184,0,0,26019,84.43764524116001,0.0,0.11295504053825974,0.0,0.0,15.979316069220204,4.558808784014059,0.4397259652515839,2.7518447181766192,4.526978034665475,0.03183074934858391,0.4366556879828666,0.0030702772687173363,0.4343539752471674,99.301774852672,2.7326306463388925,16.6120759439575,1.6023398820552068,10.027587383052506,16.548424902759926,0.06365104119757291,1.5962003362098058,0.0061395458454009955,1.5877863964772139,99.61683872977522,9.989165551862703,23.09377081151133,2.227540382259507,13.940148455729318,22.909173676210386,0.18459713530094826,2.20973482002853,0.017805562230976957,2.198086798674971,99.20066265138072,13.8287196426697,27.716328143547695,2.673415298506972,16.73047386337503,27.23887937906817,0.47744876447952367,2.627362342841199,0.04605295566577272,2.6135129105945927,98.27737367660416,16.442270316575666,31.42836554895322,3.031464804085203,18.971179936320887,30.193272106024185,1.2350934429290377,2.9123322231635553,0.11913258092164769,2.896980649021446,96.07013148359484,18.22563750881284,35.465092678337626,3.420832688882263,21.407879248796917,32.93129917793038,2.533793500407242,3.1764322664250337,0.24440042245722937,3.1596885601069262,92.85552832643546,19.87839937995572,39.145183925910075,3.7758007853128923,23.629301585603802,35.42107295033678,3.7241109755732964,3.4165867074642313,0.359214077848661,3.398577091756444,90.48641339220195,21.381307514439584,30.24779844845995,2.93282077844797,31.482548849757837,3.052541942264036,1.2347504012978876,0.1197211638160657,0.05452634243576426,0.020488555284414733
bournemouth-p988-uk,Bournemouth P988 Uk,50.714,-1.8749,1.3949999809265137,0.8253959847359706,True,True,False,True,False,10.0,-1.9458351589147225,50.66878141335214,-1.803964841085277,50.759218586647854,DeltaDTM:DeltaDTM_v1_1_N50W002.tif,DeltaDTM_v1_1_N50W002.tif,DeltaDTM_v1_1_N50W002.tif,True,v1.1.1,EGM2008,30.0,ocean class 1 plus river class 3 cells connected to ocean in an adaptive context; lake class 2 and 255 clipped cells excluded,True,resolved_local_ocean,10.0,DeltaDTM_v1_1_N50W002.tif,53038,0,9.870866458398114,52.337798643438674,10899,53038,0,53038,0,17,0,0,57785,48.082677680632905,0.0,0.015401057403553185,0.0,0.0,52.337798643438674,0.036716538389597035,0.0036242404725836007,0.006924709419428273,0.036716538389597035,0.0,0.0036242404725836007,0.0,0.003608511785900994,100.0,0.006924709419428273,0.3763552405496607,0.03714952320383999,0.07098029372027713,0.35800886141941646,0.018346379130244204,0.035338576619942164,0.0018109465838978267,0.03518521223817195,95.12524945754717,0.0675201814671133,1.5881734785066415,0.15676648319108666,0.29952823247131294,1.5055791048586884,0.0825943736479532,0.14861370286614684,0.008152780324939823,0.1479687405942429,94.79941109924486,0.2839510004587818,2.965332758131054,0.29270403660224986,0.5592593578426033,2.6716681631769723,0.2936645949540815,0.26371679659873676,0.028987240003513104,0.26257230331855286,90.09674060528815,0.5038744529462506,4.682172198761214,0.4621709650919621,0.8830538866194789,3.8103164895035215,0.8718557092576924,0.37611125232121556,0.08605971277074653,0.3744789831353505,81.37924723297526,0.7186226055924627,7.215834841060012,0.7122654210195976,1.3609006100391092,5.316451418568804,1.8993834224912083,0.5247798198525387,0.1874856011670588,0.5225023502899488,73.67756518368168,1.0026784340466863,10.382388111332109,1.0248316656621945,1.95810999359002,6.850152955195377,3.5322351561367324,0.6761694504033475,0.348662215258847,0.6732349714386658,65.97858683127643,1.2919333023726927,3.782687839423233,0.3773875987991416,4.641957365806896,0.4631143827815732,0.8592695263836635,0.0857267839824316,-0.027628650080288697,0.0012763464779260159
concarneau,Concarneau France,47.874,-3.9072,3.0350000858306885,1.3732495120914947,True,True,False,True,False,10.0,-3.974161866041084,47.82878141335215,-3.840238133958916,47.91921858664786,DeltaDTM:DeltaDTM_v1_1_N47W004.tif,DeltaDTM_v1_1_N47W004.tif,DeltaDTM_v1_1_N47W004.tif,True,v1.1.1,EGM2008,30.0,ocean class 1 plus river class 3 cells connected to ocean in an adaptive context; lake class 2 and 255 clipped cells excluded,True,resolved_local_ocean,10.0,DeltaDTM_v1_1_N47W004.tif,50072,399,11.787101409254323,68.20685544952401,18414,50195,123,50072,399,60,0,0,106601,32.05352183984987,0.2553363944529086,0.03838157896321061,0.0,0.0,68.20685544952401,0.5323011544787255,0.06274287688103888,0.09198910647254703,0.5323011544787255,0.0,0.06274287688103888,0.0,0.06239713729914774,100.0,0.09198910647254703,2.042141613340414,0.2407093028850169,0.35291071740310925,2.025854869312613,0.016286744027801163,0.2387895678501943,0.001919735034822595,0.23747373712242853,99.20246745272672,0.3500961395690039,3.513845312728449,0.41418051037563197,0.6072417613243337,3.497557288310614,0.01628802441783495,0.41226062441993766,0.0019198859556943115,0.40998889537271244,99.53646154089842,0.6044269622208697,4.6650643654849935,0.5498758675667029,0.8061885626344913,4.616195897942807,0.04886846754218718,0.5441156917403568,0.005760175826346137,0.5411173859387371,98.95245887915831,0.7977434059293727,5.528477505826858,0.6516472499996259,0.9553984650148146,5.485040689813836,0.04343681601302212,0.6465273084472197,0.005119941552406138,0.6429646716601376,99.2143078095689,0.9478919738876945,6.435340908669547,0.758540158936108,1.1121171822639737,6.3484475251535075,0.08689338351603867,0.7482979477031403,0.010242211232967757,0.7441745119853389,98.64974700254064,1.0971007866751938,7.4942584922361055,0.8833558483515237,1.29511299491771,7.239000733250693,0.2552577589854126,0.8532683574449231,0.030087490906600567,0.8485664907182301,96.59395576960877,1.2510008734772682,5.4675077231874605,0.6455804265600638,5.511039417016464,0.6507204667564088,0.0435316938290042,0.005140040196345,-0.01753296662637549,-0.0009468818871559703
le-crouesty,Le Crouesty France,47.543,-2.8952,3.13100004196167,0.1991009900528072,True,True,False,True,False,10.0,-2.961737951122846,47.49778141335214,-2.828662048877154,47.588218586647855,DeltaDTM:DeltaDTM_v1_1_N47W003.tif,DeltaDTM_v1_1_N47W003.tif,DeltaDTM_v1_1_N47W003.tif,True,v1.1.1,EGM2008,30.0,ocean class 1 plus river class 3 cells connected to ocean in an adaptive context; lake class 2 and 255 clipped cells excluded,True,resolved_local_ocean,10.0,DeltaDTM_v1_1_N47W003.tif,113619,0,21.90972020380216,27.099663445013594,34025,113619,0,113619,0,454,0,0,42081,73.17296764137876,0.0,0.29246784951323296,0.0,0.0,27.099663445013594,0.19401026303776922,0.042507105798235835,0.15685473690285717,0.0,0.19401026303776922,0.0,0.042507105798235835,0.0,0.0,0.0,0.7672337905823283,0.16809877682561353,0.6202983928811269,0.04408715227611456,0.7231466383062137,0.009659371709520895,0.15843940511609264,0.009605093428762222,5.746247469451592,0.03564388070398064,1.9754009840951954,0.43280482851841173,1.5970856221022511,0.3702825090210984,1.605118475074097,0.08112786169014115,0.3516769668282706,0.08067198516042567,18.744675739376582,0.2993685211432723,3.812502684377337,0.835308670909521,3.0823580986693764,1.1108530452610668,2.7016496391162703,0.24338479409211547,0.5919238768174055,0.2420171577091919,29.137108540619764,0.8981100248198798,5.628830696008455,1.233261056241182,4.5508353221563915,2.0423483582372897,3.5864823377711645,0.4474728108767371,0.7857882453644449,0.44495835594208544,36.283705596005404,1.651211690450249,7.79193887398174,1.707192005740692,6.299679732940815,6.648516058511652,1.1434228154700896,1.4566712661247583,0.2505207396159337,1.4484858877861364,85.32556743626262,5.375237478798983,10.522197869131439,2.3053841124171313,8.507058093525245,9.522655325351007,0.999542543780432,2.086387137756872,0.21899697466025936,2.07466323787601,90.5006296573005,7.69894113995269,2.122319622637535,0.4669661502052289,5.627762853088754,1.2382558808502686,3.505443230451218,0.7712897306450397,0.07997126440024527,0.019493339328491788
morayfirth-p207-uk,Morayfirth P207 Uk,57.599,-4.0022,2.990000009536743,0.7044882331703156,True,True,False,True,False,10.0,-4.086022466409039,57.55378141335214,-3.918377533590961,57.64421858664785,DeltaDTM:mosaic(2),DeltaDTM_v1_1_N57W004.tif;DeltaDTM_v1_1_N57W005.tif,mask:mosaic(2),True,v1.1.1,EGM2008,30.0,ocean class 1 plus river class 3 cells connected to ocean in an adaptive context; lake class 2 and 255 clipped cells excluded,True,resolved_local_ocean,10.0,mask:mosaic(2),123039,0,19.08665237643373,37.755046808422826,37317,123039,0,123039,0,50,0,0,73815,62.879571871574015,0.0,0.025564227414870976,0.0,0.0,37.755046808422826,0.7822063739903934,0.14929701146985352,0.3954359061648591,0.7500656598824674,0.032140714107925995,0.1431624250967703,0.006134586373083228,0.14222348992595477,95.89101863949773,0.3791875184878118,2.0839632114477933,0.39775881382180484,1.0535248859314572,1.9955543689665212,0.08840884248127158,0.38088452538737566,0.016874288434429174,0.3783864825059152,95.75765819686177,1.0088307592891226,3.243915079714547,0.6191547946518287,1.6399259092262615,3.1662191543733336,0.07769592534121329,0.6043252434712978,0.014829551180530864,0.6003617577639041,97.60487178511312,1.6006475810711431,5.137947655597549,0.9806622083070308,2.597433432629869,4.969159538877679,0.16878811671987012,0.9484462072159799,0.03221600109105083,0.9422257935775566,96.71487278512883,2.512104440046383,8.18677192490965,1.562580698158977,4.138733309186041,7.610745453199143,0.5760264717105069,1.452636527907356,0.10994417025162084,1.44310936653424,92.96393649421394,3.8475294052165907,11.90539339993786,2.272341052293024,6.018641862168435,11.015914157910494,0.8894792420273667,2.102569241406723,0.1697718108863011,2.088779476330466,92.528770682773,5.56897532686321,18.56041936545756,3.5425627238931714,9.383017697922325,15.843793202209621,2.716626163247939,3.0240497317467883,0.5185129921463831,3.0042164085161076,85.36333630314519,8.009656952861064,7.615565890177953,1.455904094767812,8.19182965795705,1.5660711908542608,0.5762637677790976,0.1101670960864487,0.004820436978810072,0.0032675668604558172
harwich-p022-uk,Harwich P022 Uk,51.947,1.2845,3.861000061035156,0.4766645919401322,True,True,False,True,False,10.0,1.211631283003446,51.90178141335215,1.3573687169965538,51.99221858664786,DeltaDTM:DeltaDTM_v1_1_N51E001.tif,DeltaDTM_v1_1_N51E001.tif,DeltaDTM_v1_1_N51E001.tif,True,v1.1.1,EGM2008,30.0,ocean class 1 plus river class 3 cells connected to ocean in an adaptive context; lake class 2 and 255 clipped cells excluded,True,resolved_local_ocean,10.0,DeltaDTM_v1_1_N51E001.tif,35019,12794,33.38492114705641,58.21849723967189,37850,47801,12782,35019,12794,272,0,0,66015,30.905714636323854,11.28233853272603,0.23976460857526768,0.0,0.0,58.21849723967189,8.655884684698842,2.889760276566841,4.963646286970232,3.595895701724542,5.0599889829743,1.200486944551129,1.6892733320157118,1.1927778422337805,41.54278658634477,2.0620369838970696,18.486719563630665,6.171776748995549,10.601058154400297,10.889829659105184,7.596889904525481,3.635561044741028,2.536215704254521,3.6122147583011075,58.90623061394293,6.244683763949241,28.49091374747915,9.511669088671768,16.33788149754958,19.91776093241909,8.573152815060059,6.64952878154732,2.862140307124448,6.60682786091526,69.90916861759618,11.421677124664985,35.8687549008144,11.97475554006782,20.568644172951704,27.496189961248742,8.372564939565661,9.179581337007733,2.7951742030600872,9.120633314225298,76.65777648898663,15.767465276916287,42.70727402031596,14.257789755739791,24.49013703848077,39.74223333224181,2.9650406880741524,13.267913260048097,0.9898764956916946,13.182711416476478,93.05729350306068,22.789858703200824,49.04339908664615,16.373100112913,28.123536142660623,46.02845230147645,3.014946785169704,15.366562506058383,1.006537606854618,15.267883879720276,93.8524921980976,26.394639564119718,54.9616443591154,18.348901630416254,31.517305496358198,51.58506711206524,3.37657724705016,17.22163397901911,1.127267651397144,17.111042740173254,93.85648430569535,29.581034886767487,39.77796558240501,13.334012831348083,42.78137685836168,14.340789419971204,3.003411275956664,1.006776588623122,0.03573225016319981,0.06609957129998634
portbury-p341-uk,Portbury P341 Uk,51.5,-2.7285,8.73799991607666,0.4121404730238386,True,True,False,False,False,10.0,-2.800651811549609,51.454781413352144,-2.656348188450391,51.545218586647856,DeltaDTM:DeltaDTM_v1_1_N51W003.tif,DeltaDTM_v1_1_N51W003.tif,DeltaDTM_v1_1_N51W003.tif,True,v1.1.1,EGM2008,30.0,ocean class 1 plus river class 3 cells connected to ocean in an adaptive context; lake class 2 and 255 clipped cells excluded,True,resolved_context_ocean_connected_river,25.0,DeltaDTM_v1_1_N51W003.tif,18622,174835,33.50614229451004,58.34741526792888,37608,46258,46258,0,46258,1063,0,0,65475,0.0,41.190161590503706,0.9469749659085236,0.0,0.0,58.34741526792888,0.01861645666239175,0.006237656459496774,0.010690544612565472,0.01861645666239175,0.0,0.006237656459496774,0.0,0.006207577529331012,100.0,0.010690544612565472,0.07977990369041392,0.026731168052933154,0.045813799857602526,0.07977990369041392,0.0,0.026731168052933154,0.0,0.026602266286326677,100.0,0.045813799857602526,0.23932984362100385,0.08019019795688191,0.1374357331659884,0.23401495623681892,0.005314887384184946,0.07840938422714394,0.0017808137297379706,0.07803128222556321,97.77926258431796,0.1343836464170544,0.44141808926943044,0.14790217310432272,0.2534853899271496,0.43344612292285545,0.007971966346574983,0.14523107471656885,0.0026710983877538674,0.14453074833875953,98.19401004617437,0.24890746925064952,0.6674407089500652,0.2236336336722955,0.38327941802628146,0.651494799006667,0.015945909943398277,0.21829077439650604,0.005342859275789452,0.21723814301137964,97.61088741972566,0.37412244123261323,0.9227113752343742,0.3091649863536599,0.5298692066032185,0.9041066035704148,0.01860477166395941,0.302931245086365,0.006233741267294923,0.30147046445101794,97.98368458834338,0.5191853721288551,1.2417710955683054,0.4160695902532127,0.7130900115157435,1.2098744295495623,0.03189666601874329,0.40538224794976796,0.010687342303444758,0.40342743296345107,97.43135702444857,0.6947732750255855,0.6524647778130186,0.2203506988212247,0.6683876680190044,0.2257281844778499,0.0159228902059858,0.0053774856566251,0.0009699788063516346,0.0020599244247186677
montoir-de-bretagne,Montoir De Bretagne,47.306,-2.1084,3.276000022888184,6.896965727110309,False,True,False,True,False,10.0,-2.1746390566036533,47.26078141335214,-2.042160943396347,47.35121858664785,DeltaDTM:DeltaDTM_v1_1_N47W003.tif,DeltaDTM_v1_1_N47W003.tif,DeltaDTM_v1_1_N47W003.tif,True,v1.1.1,EGM2008,30.0,ocean class 1 plus river class 3 cells connected to ocean in an adaptive context; lake class 2 and 255 clipped cells excluded,True,resolved_local_ocean,10.0,DeltaDTM_v1_1_N47W003.tif,53,43911,70.93229651226093,72.05903425025726,109659,43964,43911,53,43911,136,0,0,111402,0.0343156041062062,28.415671786828028,0.08796549967212634,0.0,0.0,72.05903425025726,1.2349370123450023,0.8759691833362134,1.215627148559913,0.001824392593838387,1.2331126197511642,0.001294083564209173,0.8746750997720043,0.001286403898356417,0.1477316312978649,0.0017958658170672793,5.2970639598871605,3.7573291144712715,5.214237400715453,0.006386164563289116,5.290677795323872,0.0045298531837931685,3.7527992612874783,0.004502971025812256,0.1205604578621164,0.006286308484320267,9.375977084299139,6.650595866356703,9.229371355796319,0.09853549156239545,9.277441592736743,0.0698934870448522,6.580702379311851,0.06947870809190536,1.0509357123685956,0.09699475960518117,13.663032391796019,9.691502648715009,13.44939291728075,0.29651567633674614,13.366516715459273,0.2103253787445167,9.481177269970493,0.2090772146585295,2.170204006211603,0.29187926390196633,21.70149445353188,15.393368393371093,21.36216305635006,0.8612687791854914,20.84022567434639,0.6109177242193826,14.78245066915171,0.6072922674750972,3.96870722903289,0.8478017094951582,32.80050752038387,23.26615325188513,32.28762846180119,7.963344820618392,24.83716269976547,5.648583360454811,17.617569891430318,5.615062161399757,24.278114647066282,7.838827454774895,41.70601452680828,29.58303388760227,41.05388615792704,12.041012294687043,29.665002232121235,8.540966543945208,21.04206734365706,8.4902806601807,28.871165061689556,11.852735236893237,0.8617684819563378,0.61402210931045,21.713600850036084,15.471244625235483,20.851832368079744,14.857222515925034,0.000499702770846433,0.003104385091067363
paimboeuf,Paimboeuf France,47.287,-2.0004,3.276000022888184,14.337043973772587,False,True,False,True,False,10.0,-2.066615259791861,47.24178141335214,-1.93418474020814,47.332218586647855,DeltaDTM:mosaic(2),DeltaDTM_v1_1_N47W002.tif;DeltaDTM_v1_1_N47W003.tif,mask:mosaic(2),True,v1.1.1,EGM2008,30.0,ocean class 1 plus river class 3 cells connected to ocean in an adaptive context; lake class 2 and 255 clipped cells excluded,True,resolved_context_ocean_connected_river,50.0,mask:mosaic(2),454993,88540,69.69289725105445,86.8934781732328,107707,19950,19950,0,20878,355,0,0,134269,0.0,13.509966202188057,0.22975560421060087,0.0,0.0,86.8934781732328,0.18015340357103277,0.12555412644503733,0.1444920022590531,0.0,0.18015340357103277,0.0,0.12555412644503733,0.0,0.0,0.0,0.6570719881228585,0.4579325055479244,0.5270044601448453,0.003714059703018356,0.6533579284198402,0.0025884358126674004,0.45534406973525704,0.0025721489659389844,0.5652439565455811,0.002978860861694403,2.442579771861041,1.7023046106781556,1.9590706304613597,0.06499304688542068,2.377586724975621,0.04529553738618588,1.6570090732919698,0.045010530714867325,2.660836204170373,0.05212766060058463,7.928770086797863,5.525789589864376,6.359268504418751,1.4202976122280269,6.508472474569838,0.9898465555492585,4.5359430343151175,0.9836182847704408,17.91321474427609,1.1391494233616453,23.495731938056284,16.37485631797275,18.844747226399967,10.635488209699188,12.860243728357096,7.412179870133665,8.962676447839085,7.365541264348066,45.26561776299795,8.530191247905368,39.14155383243658,27.278882894906186,31.393475630613374,34.04959609280359,5.091957739632983,23.730150019356657,3.548732875549529,23.580836169534237,86.99091568660904,27.309471916923034,48.18900730265711,33.584315345743946,38.64998392490343,42.82797312879288,5.361034173864238,29.848055307358827,3.7362600383851188,29.660246631728086,88.87498524260194,34.35016750952594,10.767035211706474,7.531048506990745,23.502147353018135,16.43867678091967,12.735112141311664,8.907628273928927,0.1315470020072862,0.11886863685707993
