station_id,station,tg,lat,lon,num_year,corrn,rmse,gssr_archive,archive_available,passes_years_ge25,passes_corr_ge045,passes_corr_ge055,passes_corr_ge065,selected_base_30,selection_reason,match_dist_km,coast_rp_rp10_m,deltadtm_tile_available,deltadtm_tiles,window_width_km,bbox_west,bbox_south,bbox_east,bbox_north,terrain_source,terrain_tiles,raster_crs,raster_resolution,raster_nodata,window_area_km2,valid_area_km2,coastal_lowland_area_km2,coastal_lowland_cells,valid_cells,nodata_cells,capped_30m_cells,capped_30m_area_km2,boundary_nodata_seed_proxy,official_mask_classes_used,connected_0m_lowland_pct,all_below_0m_lowland_pct,unconnected_0m_lowland_pct,connected_0m_area_km2,all_below_0m_area_km2,unconnected_0m_area_km2,connected_0m_window_pct,seed_proxy_0m_cells,boundary_nodata_reachable_0m_cells,connected_0.5m_lowland_pct,all_below_0.5m_lowland_pct,unconnected_0.5m_lowland_pct,connected_0.5m_area_km2,all_below_0.5m_area_km2,unconnected_0.5m_area_km2,connected_0.5m_window_pct,seed_proxy_0.5m_cells,boundary_nodata_reachable_0.5m_cells,connected_1m_lowland_pct,all_below_1m_lowland_pct,unconnected_1m_lowland_pct,connected_1m_area_km2,all_below_1m_area_km2,unconnected_1m_area_km2,connected_1m_window_pct,seed_proxy_1m_cells,boundary_nodata_reachable_1m_cells,connected_1.5m_lowland_pct,all_below_1.5m_lowland_pct,unconnected_1.5m_lowland_pct,connected_1.5m_area_km2,all_below_1.5m_area_km2,unconnected_1.5m_area_km2,connected_1.5m_window_pct,seed_proxy_1.5m_cells,boundary_nodata_reachable_1.5m_cells,connected_2m_lowland_pct,all_below_2m_lowland_pct,unconnected_2m_lowland_pct,connected_2m_area_km2,all_below_2m_area_km2,unconnected_2m_area_km2,connected_2m_window_pct,seed_proxy_2m_cells,boundary_nodata_reachable_2m_cells,connected_2.5m_lowland_pct,all_below_2.5m_lowland_pct,unconnected_2.5m_lowland_pct,connected_2.5m_area_km2,all_below_2.5m_area_km2,unconnected_2.5m_area_km2,connected_2.5m_window_pct,seed_proxy_2.5m_cells,boundary_nodata_reachable_2.5m_cells,connected_3m_lowland_pct,all_below_3m_lowland_pct,unconnected_3m_lowland_pct,connected_3m_area_km2,all_below_3m_area_km2,unconnected_3m_area_km2,connected_3m_window_pct,seed_proxy_3m_cells,boundary_nodata_reachable_3m_cells,connected_2m_shift_m1p0_lowland_pct,connected_2m_shift_m1p0_area_km2,connected_2m_shift_m0p5_lowland_pct,connected_2m_shift_m0p5_area_km2,connected_2m_shift_0p5_lowland_pct,connected_2m_shift_0p5_area_km2,connected_2m_shift_1p0_lowland_pct,connected_2m_shift_1p0_area_km2,advanced_terrain_status
esbjerg-130121-denmark,Esbjerg 130121 Denmark,esbjerg-130121-denmark-dmi.csv,55.467,8.4333,37,0.8293650913766994,0.2188902502771649,esbjerg_130121_denmark.7z,True,True,True,True,True,True,included in baseline 30-station subset,1.0961426145407729,3.3989999294281006,True,DeltaDTM_v1_1_N55E008.tif,10.0,8.354067190723551,55.42178141335214,8.512532809276447,55.512218586647855,DeltaDTM:DeltaDTM_v1_1_N55E008.tif,DeltaDTM_v1_1_N55E008.tif,EPSG:4326,"(0.00041666666666666664, 0.0002777777777777778)",-9999.0,101.02375509628409,60.472822092407014,42.252396941575014,51816,74144,49736,376,0.30695187692900333,True,False,0.015430663841565181,0.025079490106183218,0.009648826264618035,0.0065198253370582085,0.010596685710587566,0.0040768603735293575,0.006453754694471878,607,49583,0.2951381147446168,0.4764893907381446,0.18135127599352782,0.12470292776777663,0.20132818875917324,0.07662526099139662,0.12343921253859977,607,49583,3.574504598610742,3.9488125126581903,0.37430791404744823,1.5103138716998634,1.6684679373269207,0.15815406562705725,1.4950086445117863,607,49583,7.776206008663094,8.665890202217593,0.8896841935544981,3.285633429774938,3.661546326762035,0.37591289698709707,3.2523374592871295,607,49583,11.983763666727024,13.176623757515864,1.1928600907888405,5.063427393005747,5.56743937352348,0.504011980517733,5.012115604077355,607,49583,16.27759812932465,17.64253749900065,1.3649393696759993,6.87767537415664,7.454394974643975,0.5767196004873352,6.807978348856307,607,49583,20.11065256557482,22.336406217912074,2.2257536523372536,8.497232749547713,9.437667017674853,0.9404342681271398,8.411123444628583,607,49583,20.11065256557482,8.497232749547713,16.27759812932465,6.87767537415664,7.776206008663094,3.285633429774938,3.574504598610742,1.5103138716998634,ok
denhelder-hel-nl,Denhelder Hel Nl,denhelder-hel-nl-rws.csv,52.965,4.7464,37,0.8248201333244836,0.1571698385026642,denhelder_hel_nl.7z,True,True,True,True,True,True,included in baseline 30-station subset,0.6271861455373051,2.635999917984009,True,DeltaDTM_v1_1_N52E004.tif;DeltaDTM_v1_1_N53E004.tif,10.0,4.671826943020207,52.91978141335215,4.820973056979794,53.01021858664786,DeltaDTM:mosaic(2),DeltaDTM_v1_1_N52E004.tif;DeltaDTM_v1_1_N53E004.tif,EPSG:4326,"(0.00041666666666666664, 0.0002777777777777778)",-9999.0,100.94588427161035,29.157555650457855,29.106843778258753,50493,50581,124481,0,0.0,True,False,2.0791016719054722,17.399199447032277,15.320097775126806,0.6051608756326916,5.064357801715346,4.4591969260826545,0.5994903903208313,1131,122938,39.52723576793047,41.01815937878631,1.49092361085583,11.50513076483554,11.939091571100521,0.4339608062649809,11.397325257837382,1131,122938,59.34943952347382,59.71384154224903,0.3644020187752159,17.27474864536968,17.380814571699403,0.10606592632972323,17.112880599360867,1131,122938,67.94411212746694,68.48719266647888,0.5430805390119448,19.77638657346676,19.93446017754709,0.15807360408033233,19.591077651323914,1131,122938,71.98711264601532,73.05773253294457,1.0706198869292647,20.95317641835483,21.2648000763023,0.3116236579474716,20.756840726638345,1131,122938,75.86322467458817,76.57495685714963,0.7117321825614524,22.081390291181826,22.28855306567958,0.20716277449775333,21.87448299701696,1131,122938,79.46405095277676,79.82458987501872,0.36053892224196155,23.129477170700664,23.23441867155745,0.10494150085678555,22.91274908095041,1131,122938,79.46405095277676,23.129477170700664,75.86322467458817,22.081390291181826,67.94411212746694,19.77638657346676,59.34943952347382,17.27474864536968,ok
lerwick-p041-uk,Lerwick P041 Uk,lerwick-p041-uk-bodc.csv,60.15,-1.1333,37,0.8243864918895287,0.0751129277312689,lerwick_p041_uk.7z,True,True,True,True,True,True,included in baseline 30-station subset,0.0940864059903398,1.5080000162124634,True,DeltaDTM_v1_1_N60W002.tif,10.0,-1.223540622239346,60.10478141335214,-1.043059377760654,60.195218586647854,DeltaDTM:DeltaDTM_v1_1_N60W002.tif,DeltaDTM_v1_1_N60W002.tif,EPSG:4326,"(0.0005555555555555556, 0.0002777777777777778)",-9999.0,101.0688842915197,57.35178539972887,10.5246255636534,11029,60117,45833,39198,37.39107447826023,True,False,0.08155536041034768,0.12689260740963776,0.045337246999290086,0.008583396310277117,0.013354971797821085,0.004771575487543969,0.008492620028850281,854,44452,2.239444561067381,2.3119637862809523,0.0725192252135707,0.2356931547579433,0.24332553167333415,0.007632376915390843,0.23320051112676565,854,44452,6.092936134714279,6.319563705143227,0.22662757042894877,0.6412587140112143,0.665110417222866,0.023851703211651754,0.6344768901985592,854,44452,9.520286449722002,10.018924094957033,0.4986376452350321,1.0019745014204724,1.054454246500878,0.05247974508040554,0.9913778196367646,854,44452,12.965798213091045,13.609534673247367,0.6437364601563222,1.3646017132666959,1.4323525653148657,0.06775085204816977,1.3501699586696578,854,44452,16.87424530734041,17.427147741491666,0.5529024341512571,1.775951135289933,1.8341420462166782,0.05819091092674511,1.7571690315363917,854,44452,20.691524031381352,20.872835294852027,0.18131126347067575,2.177705427716248,2.196787759301266,0.01908233158501771,2.1546744509763736,854,44452,20.691524031381352,2.177705427716248,16.87424530734041,1.775951135289933,9.520286449722002,1.0019745014204724,6.092936134714279,0.6412587140112143,ok
cuxhaven-germany,Cuxhaven Germany,cuxhaven-germany-bsh.csv,53.867,8.7167,37,0.8212878428465595,0.2341981421529836,cuxhaven_germany.7z,True,True,True,True,True,True,included in baseline 30-station subset,0.5308434347028981,4.696000099182129,True,DeltaDTM_v1_1_N53E008.tif,10.0,8.64052824896714,53.82178141335214,8.792871751032859,53.91221858664785,DeltaDTM:DeltaDTM_v1_1_N53E008.tif,DeltaDTM_v1_1_N53E008.tif,EPSG:4326,"(0.00041666666666666664, 0.0002777777777777778)",-9999.0,101.03395215857782,47.98037855720641,46.23510344633348,54625,56688,62628,0,0.0,True,False,0.0,2.0058644501190996,2.0058644501190996,0.0,0.927413503505794,0.927413503505794,0.0,740,62572,0.020147988769311665,9.480815267041494,9.460667278272183,0.0093154434498469,4.383464746272413,4.374149302822566,0.009220111903794329,740,62572,0.13188020895785763,26.356016364412174,26.224136155454314,0.06097495103690623,12.18573143041855,12.124756479381643,0.06035095107553845,740,62572,0.38459637852309897,45.94790649407525,45.56331011555215,0.17781853346100712,21.24406209896027,21.066243565499263,0.1759987901709636,740,62572,62.944552463617626,63.909734912854084,0.9651824492364502,29.10247894538526,29.54873204923559,0.4462531038503279,28.80465261787193,740,62572,74.0690225121461,74.41332623733763,0.3443037251915316,34.245889180178786,34.40507836369067,0.15918918351188438,33.89542668431713,740,62572,78.57955583297338,78.74617374675269,0.16661791377930021,36.33133892704462,36.4083748918406,0.07703596479598218,35.959534543418414,740,62572,78.57955583297338,36.33133892704462,74.0690225121461,34.245889180178786,0.38459637852309897,0.17781853346100712,0.13188020895785763,0.06097495103690623,ok
delfzijl-del-nl,Delfzijl Del Nl,delfzijl-del-nl-rws.csv,53.326,6.9331,37,0.8130688162971842,0.2137319247967526,delfzijl_del_nl.7z,True,True,True,True,True,True,included in baseline 30-station subset,0.2941116420316665,4.093999862670898,True,DeltaDTM_v1_1_N53E006.tif,10.0,6.857897467341865,53.280781413352145,7.008302532658134,53.371218586647856,DeltaDTM:mosaic(2),DeltaDTM_v1_1_N53E006.tif;DeltaDTM_v1_1_N53E007.tif,EPSG:4326,"(0.00041666666666666664, 0.0002777777777777778)",-9999.0,100.9444918183847,63.64410477579769,63.64410477579769,111226,111226,65140,0,0.0,True,False,71.25296682746657,72.78759679450299,1.5346299670364145,45.348312863537195,46.32501436767864,0.9767015041414453,44.9240092714777,707,64593,86.00129964749128,86.26837589017558,0.2670762426842959,54.734757256197085,54.90473553992234,0.16997828372525703,54.222628961938476,707,64593,91.44958870320782,91.62583817488917,0.17624947168134747,58.202272051305634,58.3144444497293,0.11217239842366666,57.65769979408172,707,64593,94.67054411142632,94.81711552282682,0.1465714114004896,60.252220286093944,60.34550434873704,0.09328406264309308,59.68846759315736,707,64593,96.97790909167341,96.9959001191143,0.017991027440872016,61.72072207168247,61.73217230003718,0.0114502283547111,61.14322927369621,707,64593,97.78552232707119,97.79901479434365,0.013492467272443399,62.23472028540224,62.243307445409954,0.00858716000771409,61.65241823929577,707,64593,98.21277923134171,98.21367764706302,0.0008984157212999022,62.506644117217995,62.50721590586098,0.0005717886429863483,61.92179780317033,707,64593,98.21277923134171,62.506644117217995,97.78552232707119,62.23472028540224,94.67054411142632,60.252220286093944,91.44958870320782,58.202272051305634,ok
portpatrick-p063-uk,Portpatrick P063 Uk,portpatrick-p063-uk-bodc.csv,54.843,-5.12,37,0.806112528372705,0.1175289694492101,portpatrick_p063_uk.7z,True,True,True,True,True,True,included in baseline 30-station subset,0.7785273697399445,2.88700008392334,True,DeltaDTM_v1_1_N54W006.tif,10.0,-5.198002926361625,54.79778141335215,-5.041997073638375,54.88821858664786,DeltaDTM:DeltaDTM_v1_1_N54W006.tif,DeltaDTM_v1_1_N54W006.tif,EPSG:4326,"(0.00041666666666666664, 0.0002777777777777778)",-9999.0,101.02803153558827,45.821973707095836,0.929042739541494,1121,55281,66643,53353,44.22415401238209,True,False,0.8924902749366499,0.8924902749366499,0.0,0.008291616100412864,0.008291616100412864,0.0,0.00820724305361928,803,66591,6.24696137297384,6.24696137297384,0.0,0.05803694107757509,0.05803694107757509,0.0,0.05744637423439347,803,66591,14.989624908019296,14.989624908019296,0.0,0.13926002189245662,0.13926002189245662,0.0,0.13784295286739373,803,66591,21.590585368889393,21.590585368889393,0.0,0.20058576579417497,0.20058576579417497,0.0,0.1985446640356606,803,66591,26.853430154662274,26.853430154662274,0.0,0.24947984316973604,0.24947984316973604,0.0,0.24694120966006738,803,66591,31.402282034232666,31.402282034232666,0.0,0.29174062128938155,0.29174062128938155,0.0,0.28877195453086957,803,66591,35.68411832156963,35.68411832156963,0.0,0.33152071043593867,0.33152071043593867,0.0,0.32814725318997895,803,66591,35.68411832156963,0.33152071043593867,31.402282034232666,0.29174062128938155,21.590585368889393,0.20058576579417497,14.989624908019296,0.13926002189245662,ok
newlyn-p001-uk,Newlyn,newlyn-p001-uk-bodc.csv,50.102,-5.5417,37,0.8048393708363191,0.0758261956468813,newlyn_p001_uk.7z,True,True,True,True,True,True,included in baseline 30-station subset,0.898627283055563,3.345999956130981,True,DeltaDTM_v1_1_N50W006.tif,10.0,-5.611724880786686,50.05678141335214,-5.471675119213313,50.14721858664785,DeltaDTM:DeltaDTM_v1_1_N50W006.tif,DeltaDTM_v1_1_N50W006.tif,EPSG:4326,"(0.00041666666666666664, 0.0002777777777777778)",-9999.0,101.05867296906997,62.26985747654955,4.443400769289739,4814,67483,42053,59054,54.48959198086344,True,False,0.7268474596213236,0.7683580011185767,0.04151054149725305,0.03229674561237682,0.034141225332602096,0.0018444797202252783,0.031958410558450105,463,41743,1.9726708664577228,1.9726708664577228,0.0,0.08765367245573702,0.08765367245573702,0.0,0.08673542792568066,463,41743,3.5092090357676664,3.5092090357676664,0.0,0.15592822129128553,0.15592822129128553,0.0,0.1542947445381644,463,41743,4.87945222642231,4.87945222642231,0.0,0.21681361776597424,0.21681361776597424,0.0,0.21454231625654954,463,41743,6.2497829892873975,6.353660411651803,0.10387742236440545,0.2777029054249355,0.2823185956093938,0.004615690184458343,0.27479373839584187,463,41743,7.765611481331223,8.347312410627703,0.5817009292964798,0.34505724030152385,0.3709045438688492,0.02584730356732534,0.3414424810497285,463,41743,8.803962029049249,10.7983972528731,1.994435223823849,0.3911953165267509,0.4798160666051253,0.08862075007837444,0.3870972228642663,463,41743,8.803962029049249,0.3911953165267509,7.765611481331223,0.34505724030152385,4.87945222642231,0.21681361776597424,3.5092090357676664,0.15592822129128553,ok
fishguard-p055-uk,Fishguard P055 Uk,fishguard-p055-uk-bodc.csv,52.014,-4.9833,37,0.7981757180354606,0.0910834652015793,fishguard_p055_uk.7z,True,True,True,True,True,True,included in baseline 30-station subset,0.6424302156659428,2.997999906539917,True,DeltaDTM_v1_1_N52W006.tif;DeltaDTM_v1_1_N51W005.tif;DeltaDTM_v1_1_N51W006.tif;DeltaDTM_v1_1_N52W005.tif,10.0,-5.056277786609723,51.96878141335215,-4.910322213390277,52.05921858664786,DeltaDTM:mosaic(3),DeltaDTM_v1_1_N51W005.tif;DeltaDTM_v1_1_N51W006.tif;DeltaDTM_v1_1_N52W005.tif,EPSG:4326,"(0.00041666666666666664, 0.0002777777777777778)",-9999.0,100.95018918357098,40.765473827582376,1.279060323579288,2169,69153,101997,65249,38.4633289926905,True,False,0.0,0.0,0.0,0.0,0.0,0.0,0.0,1585,101997,0.2766235755766892,0.32271975985118256,0.0460961842744934,0.003538182400867797,0.004127780404606837,0.0005895980037390401,0.0035048794157620205,1585,101997,0.9682241018309564,0.9682241018309564,0.0,0.012384170329851686,0.012384170329851686,0.0,0.012267604875243891,1585,101997,2.3054416998050593,2.3054416998050593,0.0,0.02948799006545843,0.02948799006545843,0.0,0.029210435665292852,1585,101997,7.146693586404861,7.238883659922446,0.09219007351758601,0.09141052211149023,0.09258968876413225,0.0011791666526420191,0.09055012462162548,1585,101997,13.554901096171097,14.15420427503374,0.5993031788626408,0.17337536182153848,0.18104081100031993,0.007665449178781453,0.1717434739089664,1585,101997,20.654861448267727,20.7931465585441,0.13828511027637524,0.26418813767506677,0.26595688765402975,0.0017687499789629801,0.26170147853280273,1585,101997,20.654861448267727,0.26418813767506677,13.554901096171097,0.17337536182153848,2.3054416998050593,0.02948799006545843,0.9682241018309564,0.012384170329851686,ok
hoekvanholla-hvh-nl,Hoek van Holland,hoekvanholla-hvh-nl-rws.csv,51.977,4.12,37,0.7955755620275695,0.1539127229808689,hoekvanholla_hvh_nl.7z,True,True,True,True,True,True,included in baseline 30-station subset,0.4316300697656207,3.372999906539917,True,DeltaDTM_v1_1_N52E004.tif;DeltaDTM_v1_1_N51E004.tif,10.0,4.047082498525106,51.93178141335214,4.192917501474894,52.02221858664785,DeltaDTM:mosaic(2),DeltaDTM_v1_1_N52E004.tif;DeltaDTM_v1_1_N51E004.tif,EPSG:4326,"(0.00041666666666666664, 0.0002777777777777778)",-9999.0,100.9501891836272,53.63839083996423,53.636031963013636,90944,90948,80202,0,0.0,True,False,0.14507361522502216,4.001871913555715,3.856798298330692,0.0778117306319923,2.1464452986736084,2.068633568041616,0.07707933116445545,838,79966,4.359193965256258,15.434801334997525,11.075607369741267,2.3380986685346086,8.278614977466928,5.940516308932319,2.3160914183941097,838,79966,28.97355814929309,30.825846265758543,1.8522881164654579,15.540266909777182,16.5337607559717,0.9934938461945162,15.393994835918159,838,79966,40.77571771204668,41.43996681109548,0.6642490990488074,21.87047698518157,22.226753844261417,0.3562768590798484,21.664622089414244,838,79966,47.55977655513188,48.17005146765521,0.6102749125233355,25.5091769546484,25.83650420179167,0.3273272471432698,25.269072956611808,838,79966,51.13938075284805,51.80678611964282,0.6674053667947746,27.429134606284823,27.787104362141736,0.3579697558569137,27.170959091905765,838,79966,53.60901867317074,54.620497609532926,1.0114789363621874,28.753750390599805,29.29626755620618,0.5425171656063732,28.483106988830972,838,79966,53.60901867317074,28.753750390599805,51.13938075284805,27.429134606284823,40.77571771204668,21.87047698518157,28.97355814929309,15.540266909777182,ok
milfordhaven-p056-uk,Milfordhaven P056 Uk,milfordhaven-p056-uk-bodc.csv,51.702,-5.0143,37,0.7890485580401847,0.0991096875377072,milfordhaven_p056_uk.7z,True,True,True,True,True,True,included in baseline 30-station subset,0.1860794166112794,4.375999927520752,True,DeltaDTM_v1_1_N51W005.tif;DeltaDTM_v1_1_N51W006.tif,10.0,-5.086773481355837,51.65678141335214,-4.941826518644164,51.747218586647854,DeltaDTM:mosaic(2),DeltaDTM_v1_1_N51W005.tif;DeltaDTM_v1_1_N51W006.tif,EPSG:4326,"(0.00041666666666666664, 0.0002777777777777778)",-9999.0,100.95129639707696,77.97008244290733,6.914667416395275,11660,131425,38747,103364,61.326832319432754,True,False,0.0,0.9176163533400578,0.9176163533400578,0.0,0.06345011899191952,0.06345011899191952,0.0,537,38581,0.1286231854997918,1.1062692199696027,0.977646034469811,0.008893865497683756,0.0764948372908483,0.06760097179316454,0.00881005575470874,537,38581,1.9294413977145832,2.984274422146119,1.054833024431536,0.13341445564621185,0.2063526510839561,0.07293819543774424,0.13215724850272934,537,38581,3.8334477928034785,4.896863904605115,1.063416111801637,0.265070165453506,0.3386018528369513,0.07353168738344534,0.26257232439184514,537,38581,5.334395607728381,6.457847575207312,1.1234519674789307,0.3688557149492151,0.44653868208333236,0.07768296713411726,0.3653798694158179,537,38581,6.818186106400768,8.010241976412681,1.1920558700119133,0.4714548930884836,0.5538815919174246,0.08242669882894099,0.4670122226405946,537,38581,8.23336231239738,9.554036351345056,1.3206740389476763,0.5693096210891102,0.6606298385370166,0.09132021744790642,0.5639448341998652,537,38581,8.23336231239738,0.5693096210891102,6.818186106400768,0.4714548930884836,3.8334477928034785,0.265070165453506,1.9294413977145832,0.13341445564621185,ok
tregde-006-norway,Tregde 006 Norway,tregde-006-norway-statkart.csv,58.0,7.5666,37,0.7698606638312042,0.0878059183460786,tregde_006_norway.7z,True,True,True,True,True,True,included in baseline 30-station subset,0.0353554993422451,0.9990000128746032,True,DeltaDTM_v1_1_N58E007.tif;DeltaDTM_v1_1_N57E007.tif,10.0,7.48184075122171,57.954781413352144,7.651359248778291,58.045218586647856,DeltaDTM:mosaic(2),DeltaDTM_v1_1_N58E007.tif;DeltaDTM_v1_1_N57E007.tif,EPSG:4326,"(0.00041666666666666664, 0.0002777777777777778)",-9999.0,100.92335122578145,48.30204133069365,18.994295293962946,37419,95131,103729,39899,20.262808308599947,True,False,4.001940015885922,4.135558040961701,0.13361802507577972,0.7601403041046396,0.7855201063534947,0.025379802248855055,0.7531857542107236,1165,103723,7.216235809288957,7.336490954095747,0.12025514480678968,1.3706731387250413,1.3935147560358256,0.02284161731078438,1.3581328028422572,1165,103723,10.235780046122287,10.626006646425656,0.3902266003033695,1.9442142876010038,2.0183350803782183,0.0741207927772145,1.9264266039397464,1165,103723,13.108378863349424,13.768604424128988,0.660225560779565,2.4898441895560133,2.6152493821767067,0.12540519262069338,2.4670645190782845,1165,103723,15.914210004789155,16.78288823131084,0.8686782265216817,3.022792042011047,3.1877913495109356,0.16499930749988856,2.995136413225701,1165,103723,19.23565007656929,20.20602503396202,0.9703749573927296,3.6536761772569806,3.8379920621228227,0.18431588486584216,3.6202485677305054,1165,103723,22.570504980882276,23.754698400672897,1.184193419790617,4.287108365407395,4.512037560414103,0.22492919500670805,4.24788546291577,1165,103723,22.570504980882276,4.287108365407395,19.23565007656929,3.6536761772569806,13.108378863349424,2.4898441895560133,10.235780046122287,1.9442142876010038,ok
lowestoft-p024-uk,Lowestoft P024 Uk,lowestoft-p024-uk-bodc.csv,52.473,1.7508,37,0.7316476153949388,0.1494916068942721,lowestoft_p024_uk.7z,True,True,True,True,True,True,included in baseline 30-station subset,0.558679556824671,2.378999948501587,True,DeltaDTM_v1_1_N52E001.tif,10.0,1.6770634021994415,52.42778141335214,1.8245365978005583,52.518218586647855,DeltaDTM:DeltaDTM_v1_1_N52E001.tif,DeltaDTM_v1_1_N52E001.tif,EPSG:4326,"(0.00041666666666666664, 0.0002777777777777778)",-9999.0,101.04333626238653,47.48960432035274,33.18589133446808,37900,54235,61169,95,0.08320868707131159,True,False,11.200419767054127,11.308604041857835,0.10818427480370851,3.7169591328988654,3.7528610487762064,0.03590191587734104,3.6785791823488183,732,61053,12.361419480975973,12.530273800831019,0.1688543198550446,4.102247236354455,4.158283047455106,0.05603581110065026,4.059888942801585,732,61053,13.786170761109013,14.01306673416607,0.22689597305705778,4.575063647965848,4.650361099026847,0.07529745106099917,4.527823226348594,732,61053,15.295265683171563,15.656779165953626,0.3615134827820652,5.075870248935502,5.195841720491009,0.11997147155550714,5.0234586828711025,732,61053,16.68044066125812,17.305763913412953,0.6253232521548282,5.535552911955549,5.7430720069048125,0.20751909494926313,5.478394832075793,732,61053,18.42711264920812,19.355848934732222,0.9287362855241024,6.115201579846229,6.4234109943440325,0.3082094144978038,6.0520582613844445,732,61053,20.4586877481014,21.90985953753627,1.4511717894348692,6.789397884543066,7.270982177661377,0.48158429311831163,6.719293063436213,732,61053,20.4586877481014,6.789397884543066,18.42711264920812,6.115201579846229,15.295265683171563,5.075870248935502,13.786170761109013,4.575063647965848,ok
wick-p035-uk,Wick P035 Uk,wick-p035-uk-bodc.csv,58.441,-3.0863,36,0.8354551299984059,0.0894370601430803,wick_p035_uk.7z,True,True,True,True,True,True,included in baseline 30-station subset,2.044426816988848,2.559999942779541,True,DeltaDTM_v1_1_N58W004.tif,10.0,-3.1721188643738207,58.39578141335215,-3.0004811356261794,58.48621858664786,DeltaDTM:DeltaDTM_v1_1_N58W004.tif,DeltaDTM_v1_1_N58W004.tif,EPSG:4326,"(0.00041666666666666664, 0.0002777777777777778)",-9999.0,101.0030561579806,55.913354520845374,9.634375700095624,12808,74349,59963,39397,29.619713794575617,True,False,0.8198614231610156,0.8432825832914972,0.023421160130481507,0.07898852972748305,0.08124501228777464,0.002256482560291595,0.07820409869968266,868,58754,3.0844032965283525,3.115629473763935,0.031226177235582183,0.297163001693676,0.3001714489253297,0.0030084472316537214,0.2942118912014685,868,58754,5.091010784144941,5.176886459289556,0.08587567514461454,0.4904871058769079,0.4987606910553337,0.008273585178425802,0.4856161036451498,868,58754,6.85532646396974,7.0270885523162026,0.17176208834646225,0.6604679070069253,0.6770161119085536,0.01654820490162834,0.6539088341781225,868,58754,9.0256927979559,9.174050819937943,0.1483580219820421,0.8695691536915442,0.8838625229105246,0.01429336921898039,0.860933507132137,868,58754,10.790150116947745,11.328919994428402,0.5387698774806556,1.0395636008710532,1.0914707150264844,0.051907114155431255,1.0292397481963853,868,58754,12.851365016088183,14.09278692596579,1.241421909877608,1.23814878824059,1.3577520390615012,0.11960325082091128,1.2258527962797288,868,58754,12.851365016088183,1.23814878824059,10.790150116947745,1.0395636008710532,6.85532646396974,0.6604679070069253,5.091010784144941,0.4904871058769079,ok
stornoway-p042-uk,Stornoway P042 Uk,stornoway-p042-uk-bodc.csv,58.208,-6.3882,36,0.8306759707875331,0.0925229406902,stornoway_p042_uk.7z,True,True,True,True,True,True,included in baseline 30-station subset,1.96547346956443,2.9800000190734863,True,DeltaDTM_v1_1_N58W007.tif,10.0,-6.473455113568483,58.16278141335214,-6.302944886431518,58.253218586647854,DeltaDTM:DeltaDTM_v1_1_N58W007.tif,DeltaDTM_v1_1_N58W007.tif,EPSG:4326,"(0.00041666666666666664, 0.0002777777777777778)",-9999.0,101.00485875401239,70.64973025649357,14.644671424629149,19328,93251,40083,62479,47.33277369100467,True,False,0.02069806426008239,0.07241615234024038,0.05171808808015799,0.003031163502147664,0.010605107568587095,0.007573944066439431,0.003001007614425531,622,37809,0.1914852971531109,0.3622115844373105,0.17072628728419958,0.028042392594547848,0.05304469640278729,0.025002303808239444,0.02776340954333929,622,37809,1.210930750186878,1.8680280964893097,0.6570973463024317,0.1773368295446651,0.27356657685061375,0.09622974730594866,0.1755725731734865,622,37809,4.921354882417166,5.392117149747357,0.47076226733019044,0.7207162521699381,0.7896578394115787,0.06894158724164068,0.7135461215040884,622,37809,9.252627158613096,10.918367135837203,1.6657399772241066,1.355016845524888,1.598958991978051,0.2439421464531628,1.341536300570353,622,37809,16.382037830923046,16.682067047578947,0.3000292166559014,2.399095612997124,2.4430339059542696,0.043938292957145464,2.3752279272424808,622,37809,20.904010899577592,21.26098536666719,0.3569744670895991,3.061323710811802,3.113601448586895,0.0522777377750927,3.030867770695429,622,37809,20.904010899577592,3.061323710811802,16.382037830923046,2.399095612997124,4.921354882417166,0.7207162521699381,1.210930750186878,0.1773368295446651,ok
le-conquet,Le Conquet France,le_conquet-france-refmar.csv,48.359,-4.7807,36,0.8081322021549198,0.0756774770825607,le_conquet_.7z,True,True,True,True,True,True,included in baseline 30-station subset,0.3743241107784543,4.026999950408936,True,DeltaDTM_v1_1_N48W005.tif,10.0,-4.848296966900777,48.313781413352146,-4.713103033099224,48.40421858664786,DeltaDTM:DeltaDTM_v1_1_N48W005.tif,DeltaDTM_v1_1_N48W005.tif,EPSG:4326,"(0.0002777777777777778, 0.0002777777777777778)",-9999.0,100.96522389725165,35.96476918742302,2.0503303381658853,3224,56544,102218,43077,27.400314412327372,True,False,0.031030247536563915,0.031030247536563915,0.0,0.0006362225792501422,0.0006362225792501422,0.0,0.0006301403143498211,1127,102178,0.15504669796910914,0.15504669796910914,0.0,0.0031789694867850743,0.0031789694867850743,0.0,0.0031485786532006177,1127,102178,0.9613340013463102,0.9923479860207569,0.031013984674446722,0.01971052268070744,0.02034641181756174,0.0006358891368542993,0.019522090795109873,1127,102178,2.418919027234144,2.667031751820974,0.2481127245868302,0.049595830671048766,0.05468296113610251,0.005087130465053748,0.04912169631943816,1127,102178,5.3341838102301145,5.923491705946621,0.5893078957165068,0.10936838895468101,0.12145114752576353,0.012082758571082514,0.10832283110269823,1127,102178,8.590822900328542,9.61437859455859,1.0235556942300468,0.17614024822353852,0.1971265211503616,0.02098627292682309,0.17445635380632596,1127,102178,11.971469775210128,12.932901266791951,0.9614314915818231,0.2454546767254926,0.2651671982780755,0.019712521552582907,0.24310813887292737,1127,102178,11.971469775210128,0.2454546767254926,8.590822900328542,0.17614024822353852,2.418919027234144,0.049595830671048766,0.9613340013463102,0.01971052268070744,ok
brest,Brest,brest-france-refmar.csv,48.383,-4.5,36,0.7945705928488479,0.0844671756038051,brest_.7z,True,True,True,True,True,True,included in baseline 30-station subset,0.8326028065721115,4.313000202178955,True,DeltaDTM_v1_1_N48W005.tif,10.0,-4.567628833814007,48.33778141335215,-4.432371166185993,48.42821858664786,DeltaDTM:DeltaDTM_v1_1_N48W005.tif,DeltaDTM_v1_1_N48W005.tif,EPSG:4326,"(0.0002777777777777778, 0.0002777777777777778)",-9999.0,100.9652238972246,62.86343776959787,5.2759481714877134,8296,98820,59942,83740,53.27234757023731,True,False,0.482224112710273,1.8689610771430716,1.3867369644327987,0.025441894257010496,0.09860541777534695,0.07316352351833647,0.025198670665959728,523,59457,1.1089217534666929,2.41129391946592,1.3023721659992267,0.05850613697525547,0.1272186174532566,0.06871248047800113,0.05794682041690963,523,59457,1.8922323803706895,3.4236518370841242,1.5314194567134352,0.09983319967246583,0.18063009649674538,0.08079689682427955,0.09887879788598192,523,59457,2.567134233241891,4.195012332057514,1.6278780988156227,0.13544067163836068,0.22132667642687248,0.0858860047885118,0.13414586370474416,523,59457,3.7120104688863003,5.484548004673547,1.7725375357872468,0.19584374845863928,0.2893619101669399,0.09351816170830063,0.19397148929020772,523,59457,5.447603714025851,7.159906433847362,1.7123027198215124,0.2874127485400436,0.3777529525768011,0.09034020403675747,0.28466509303501303,523,59457,7.484522421656607,9.05218362230333,1.567661200646723,0.3948795238499797,0.4775885163006228,0.08270899245064312,0.3911044898508212,523,59457,7.484522421656607,0.3948795238499797,5.447603714025851,0.2874127485400436,2.567134233241891,0.13544067163836068,1.8922323803706895,0.09983319967246583,ok
port-tudy,Port Tudy France,port-tudy-france-refmar.csv,47.644,-3.4459,36,0.7897587784996325,0.0781423656398319,port_tudy_.7z,True,True,True,True,True,True,included in baseline 30-station subset,0.3071588803705932,3.0,True,DeltaDTM_v1_1_N47W004.tif,10.0,-3.512566497008127,47.59878141335214,-3.3792335029918728,47.689218586647854,DeltaDTM:DeltaDTM_v1_1_N47W004.tif,DeltaDTM_v1_1_N47W004.tif,EPSG:4326,"(0.0002777777777777778, 0.0002777777777777778)",-9999.0,100.96825363749296,15.472903948669812,1.5385545034117687,2385,23983,132497,15457,9.972507626527076,True,False,0.0,0.0,0.0,0.0,0.0,0.0,0.0,1584,132470,1.3416838214283766,1.3416838214283766,0.0,0.020642536856133403,0.020642536856133403,0.0,0.020444581452548887,1584,132470,6.28886740632399,6.28886740632399,0.0,0.09675765269359264,0.09675765269359264,0.0,0.09582977738822969,1584,132470,9.81074818978745,9.852689732099781,0.04194154231232998,0.1509437080923634,0.1515890015804101,0.0006452934880467054,0.1494962056433081,1584,132470,12.536002655739718,12.536002655739718,0.0,0.19287323340770235,0.19287323340770235,0.0,0.19102364006430822,1584,132470,15.470955452831134,15.512889399244656,0.0419339464135222,0.238029081840362,0.23867425846136553,0.0006451766210035237,0.23574645818373716,1584,132470,18.280400229354257,18.364267675328115,0.08386744597385698,0.28125392097042523,0.28254426733735244,0.0012903463669272086,0.2785567847694119,1584,132470,18.280400229354257,0.28125392097042523,15.470955452831134,0.238029081840362,9.81074818978745,0.1509437080923634,6.28886740632399,0.09675765269359264,ok
cherbourg,Cherbourg France,cherbourg-france-refmar.csv,49.651,-1.6355,36,0.7851281122153891,0.0887429304882357,cherbourg_.7z,True,True,True,True,True,True,included in baseline 30-station subset,0.1799794683868606,3.674000024795532,True,DeltaDTM_v1_1_N49W002.tif,10.0,-1.704873895468634,49.60578141335215,-1.566126104531366,49.69621858664786,DeltaDTM:DeltaDTM_v1_1_N49W002.tif,DeltaDTM_v1_1_N49W002.tif,EPSG:4326,"(0.0002777777777777778, 0.0002777777777777778)",-9999.0,100.96022821568772,57.891258243314205,14.219148636965285,22912,93314,69360,62095,38.51802730794966,True,False,0.973687105290763,0.9911456261632524,0.01745852087248947,0.13845001676025825,0.14093246979293314,0.002482453032674886,0.13713322484224058,730,69347,2.1219674785690805,2.204893431073198,0.08292595250411747,0.30172570980580204,0.31351707425098174,0.011791364445179697,0.29885601007280443,730,69347,3.898810044772921,4.038472371277007,0.13966232650408592,0.5543775953391944,0.5742363891346541,0.01985879379545974,0.5491049348213065,730,69347,4.758807939751093,4.99012425538575,0.23131631563465577,0.6766619743009133,0.7095531850425568,0.03289121074164347,0.6702262725231936,730,69347,5.644943492313789,5.994096338436317,0.3491528461225285,0.8026629056447967,0.8523094678051537,0.04964656216035701,0.79502881464374,730,69347,6.60961047820937,7.290444599644079,0.6808341214347087,0.9398303382210224,1.0366391539190003,0.09680881569797795,0.9308916539027658,730,69347,8.333755135194501,9.782707874601908,1.448952739407406,1.1849890297140333,1.3910177734097526,0.20602874369571933,1.1737186520443141,730,69347,8.333755135194501,1.1849890297140333,6.60961047820937,0.9398303382210224,4.758807939751093,0.6766619743009133,3.898810044772921,0.5543775953391944,ok
saint-nazaire,Saint Nazaire France,saint-nazaire-france-refmar.csv,47.267,-2.2016,36,0.7764365796164387,0.1059791935061963,saint_nazaire_.7z,True,True,True,True,True,True,included in baseline 30-station subset,0.5134189518354477,3.275000095367432,True,DeltaDTM_v1_1_N47W003.tif,10.0,-2.2677902368417038,47.22178141335215,-2.1354097631582962,47.31221858664786,DeltaDTM:DeltaDTM_v1_1_N47W003.tif,DeltaDTM_v1_1_N47W003.tif,EPSG:4326,"(0.0002777777777777778, 0.0002777777777777778)",-9999.0,100.96957937613404,56.84275131670145,44.43669275558129,68419,87526,67976,2607,1.6924082827673035,True,False,0.002924011416131648,0.5615334198747594,0.5586094084586277,0.001299333969124542,0.24952688050965507,0.24822754654053053,0.0012868568703096558,507,66996,0.02923342530886601,2.2329049213385543,2.2036714960296884,0.01299036738643313,0.9922290994194676,0.9792387320330345,0.012865624940400253,507,66996,0.2236041384371727,5.075373315502222,4.85176917706505,0.09936228398609108,2.255328046408482,2.1559657624223907,0.09840813896623712,507,66996,0.4793440888748985,8.850634504386441,8.371290415511544,0.21300466001537918,3.9329292616336677,3.7199246016182888,0.21095924270605274,507,66996,9.549485485771292,13.608563089587873,4.059077603816582,4.243475525051019,6.0471953685696045,1.8037198435185857,4.202726753216563,507,66996,11.954674019214423,19.05946042042289,7.104786401208469,5.312261763849613,8.469393867894942,3.1571321040453286,5.261249771141724,507,66996,18.409489161843453,26.08899819598782,7.679509034144368,8.180568136720412,11.593087971360253,3.4125198346398413,8.102012692601189,507,66996,18.409489161843453,8.180568136720412,11.954674019214423,5.312261763849613,0.4793440888748985,0.21300466001537918,0.2236041384371727,0.09936228398609108,ok
saint-gildas,Saint Gildas France,saint-gildas-france-refmar.csv,47.14,-2.2464,36,0.772756505103827,0.0949980745104724,saint_gildas_.7z,True,True,True,True,True,True,included in baseline 30-station subset,0.6955371206450615,3.243000030517578,True,DeltaDTM_v1_1_N47W003.tif,10.0,-2.3124319688338177,47.094781413352145,-2.180368031166182,47.185218586647856,DeltaDTM:DeltaDTM_v1_1_N47W003.tif,DeltaDTM_v1_1_N47W003.tif,EPSG:4326,"(0.0002777777777777778, 0.0002777777777777778)",-9999.0,100.97047252497376,14.887062118094207,6.340013431498242,9722,22831,132019,2653,1.7295905792022497,True,False,0.4937686127541883,0.5554835267359775,0.06171491398178913,0.03130499636913808,0.0352177302048211,0.003912733835683017,0.031004109999975677,1471,132019,4.227569278638281,4.24814079097133,0.02057151233304839,0.2680284600915604,0.269332696736538,0.0013042366449775855,0.26545231827578797,1471,132019,8.053827487578745,8.053827487578745,0.0,0.5106137444621899,0.5106137444621899,0.0,0.5057060066108893,1471,132019,9.49375501954786,9.49375501954786,0.0,0.6019053433928729,0.6019053433928729,0.0,0.5961201610143989,1471,132019,10.367973366425735,10.439980576314671,0.07200720988893455,0.6573309040055522,0.6618961707841577,0.004565266778605581,0.6510130016901423,1471,132019,11.06736882003672,11.25253024764579,0.1851614276090713,0.7016726697037765,0.7134119290841455,0.011739259380369016,0.6949285787785402,1471,132019,11.766783006201452,12.157677320189606,0.3908943139881534,0.7460156230484247,0.7707983750582366,0.024782752009811837,0.738845332098359,1471,132019,11.766783006201452,0.7460156230484247,11.06736882003672,0.7016726697037765,9.49375501954786,0.6019053433928729,8.053827487578745,0.5106137444621899,ok
le-havre,Le Havre France,le_havre-france-refmar.csv,49.482,0.106,36,0.7548941401492459,0.1129010031885105,le_havre_.7z,True,True,True,True,True,True,included in baseline 30-station subset,1.1125158833977298,4.64300012588501,True,DeltaDTM_v1_1_N49E000.tif,10.0,0.036865839508569906,49.43678141335214,0.1751341604914301,49.527218586647855,DeltaDTM:DeltaDTM_v1_1_N49E000.tif,DeltaDTM_v1_1_N49E000.tif,EPSG:4326,"(0.0002777777777777778, 0.0002777777777777778)",-9999.0,100.96063530849823,42.46824113254294,19.67340077793001,31635,68266,94082,33666,20.94996183864563,True,False,1.2231858778302103,1.283249440807314,0.06006356297710388,0.2406422600045786,0.25245880547056865,0.011816545465990036,0.2383525611435241,1026,93660,3.359602866029115,3.4797318604204404,0.12012899439132547,0.6609481363807308,0.6845815948978333,0.023633458517102524,0.6546592484893925,1026,93660,5.009298985787819,5.262190771165858,0.2528917853780382,0.9854994656388208,1.035251880110705,0.049752414471884054,0.9761224883614295,1026,93660,6.257693174492242,6.602265689033175,0.344572514540933,1.2311010576710297,1.2988901894272586,0.06778913175622892,1.2193871937406515,1026,93660,7.199543038618038,7.755929281988883,0.556386243370844,1.416394956166887,1.525855051698502,0.10946009553161518,1.4029180302193125,1026,93660,8.229938237829897,9.301641865787253,1.071703627957356,1.6191087333043863,1.829949283184053,0.2108405498796666,1.6037029960805922,1026,93660,9.468912193368102,11.884264571516082,2.415352378147981,1.8628570451115896,2.3380389986639054,0.47518195355231585,1.8451320551018622,1026,93660,9.468912193368102,1.8628570451115896,8.229938237829897,1.6191087333043863,6.257693174492242,1.2311010576710297,5.009298985787819,0.9854994656388208,ok
dunkerque,Dunkerque France,dunkerque-france-refmar.csv,51.048,2.3667,36,0.7337241350119956,0.1525678243767126,dunkerque_.7z,True,True,True,True,True,True,included in baseline 30-station subset,1.0018618201129972,4.547999858856201,True,DeltaDTM_v1_1_N51E002.tif,10.0,2.295254532050986,51.002781413352146,2.4381454679490138,51.09321858664786,DeltaDTM:DeltaDTM_v1_1_N51E002.tif,DeltaDTM_v1_1_N51E002.tif,EPSG:4326,"(0.00041666666666666664, 0.0002777777777777778)",-9999.0,101.0525168608858,52.798605194773444,52.75432800277848,58401,58450,53368,11,0.009939780343829134,True,False,0.07708147389242145,0.5958076712447855,0.5187261973523641,0.04066381356658407,0.3143143331541902,0.27365051958760617,0.040240277857269025,645,53301,0.1387434821722001,1.8900623203955698,1.7513188382233695,0.07319319166759893,0.9970896759584047,0.9238964842908057,0.07243084481345527,645,53301,0.5102604900923243,7.06852530549469,6.5582648154023655,0.26918449261188976,3.7289530246200684,3.459768532008179,0.2663807898841978,645,53301,3.562444468624388,19.101371879348623,15.538927410724234,1.8793436398949483,10.076800374262064,8.197456734367115,1.8597692549134144,645,53301,31.498862142718004,34.6081449377374,3.1092827950193995,16.617013051912473,18.257294296130965,1.6402812442184924,16.44393783362004,645,53301,48.756597772499624,49.75487859813765,0.9982808256380358,25.721215511899835,26.24785185304577,0.5266363411459345,25.453315079038568,645,53301,57.59133873580712,59.038410030914974,1.4470712951078544,30.381923737878907,31.14531647533416,0.763392737455252,30.065479496868203,645,53301,57.59133873580712,30.381923737878907,48.756597772499624,25.721215511899835,3.562444468624388,1.8793436398949483,0.5102604900923243,0.26918449261188976,ok
roscoff,Roscoff France,roscoff-france-refmar.csv,48.718,-3.9657,36,0.7302442849046487,0.090851899639682,roscoff_.7z,True,True,True,True,True,True,included in baseline 30-station subset,0.6185832324786201,4.85699987411499,True,DeltaDTM_v1_1_N48W004.tif;DeltaDTM_v1_1_N48W005.tif,10.0,-4.033778052977031,48.67278141335215,-3.8976219470229694,48.76321858664786,DeltaDTM:mosaic(2),DeltaDTM_v1_1_N48W004.tif;DeltaDTM_v1_1_N48W005.tif,EPSG:4326,"(0.0002777777777777778, 0.0002777777777777778)",-9999.0,100.96395199063568,28.137181526188073,10.160187074789476,16077,44532,115208,14189,8.96372324846243,True,False,0.01865418940757328,0.01865418940757328,0.0,0.0018953005410950077,0.0018953005410950077,0.0,0.0018772051843521293,1117,115194,0.18037318408684738,0.18037318408684738,0.0,0.0183262529359781,0.0183262529359781,0.0,0.018151283279479635,1117,115194,0.5722975282773195,0.5722975282773195,0.0,0.058146499497371856,0.058146499497371856,0.0,0.05759134656571773,1117,115194,1.343718797005927,1.343718797005927,0.0,0.13652434353491283,0.13652434353491283,0.0,0.13522087917831838,1117,115194,2.432350616713291,2.525655019587173,0.09330440287388213,0.24713137297286591,0.2566112748538676,0.009479901881001673,0.24477188947178607,1117,115194,4.659251524282719,4.746331909882412,0.08708038559969275,0.4733886711521045,0.4822362012344813,0.00884753008237682,0.4688689991017892,1117,115194,7.502025463168319,7.638863192204022,0.1368377290357012,0.762219821456243,0.7761227907151638,0.013902969258920761,0.7549425378346305,1117,115194,7.502025463168319,0.762219821456243,4.659251524282719,0.4733886711521045,1.343718797005927,0.13652434353491283,0.5722975282773195,0.058146499497371856,ok
boulogne-sur-mer,Boulogne Sur Mer,boulogne-sur-mer-france-refmar.csv,50.727,1.5777,36,0.7243652719585156,0.1483994452950236,boulogne_sur_mer_.7z,True,True,True,True,True,True,included in baseline 30-station subset,0.8011007337990727,5.7129998207092285,True,DeltaDTM_v1_1_N50E001.tif,10.0,1.5067451601419124,50.68178141335214,1.6486548398580878,50.77221858664785,DeltaDTM:DeltaDTM_v1_1_N50E001.tif,DeltaDTM_v1_1_N50E001.tif,EPSG:4326,"(0.00041666666666666664, 0.0002777777777777778)",-9999.0,101.05424988291117,47.09918892934154,9.58706461547738,10548,51819,59347,34717,31.554606119575844,True,False,1.5355767217785088,1.5355767217785088,0.0,0.14721673253713496,0.14721673253713496,0.0,0.14568089190480463,703,59323,2.7871165380897747,2.7871165380897747,0.0,0.26720266341532295,0.26720266341532295,0.0,0.2644150678718841,703,59323,3.5266199324332645,3.5266199324332645,0.0,0.33809933166468187,0.33809933166468187,0.0,0.33457210563279466,703,59323,4.095533255093983,4.105011050619044,0.00947779552506115,0.39264141951422427,0.3935500618953347,0.000908642381110436,0.38854518238388513,703,59323,4.626529832312554,4.636007627837614,0.00947779552506115,0.4435484044781418,0.44445704685925225,0.000908642381110436,0.4389210795113213,703,59323,5.10065766044858,5.129101068212773,0.02844340776419254,0.4890033457215022,0.4917302336026991,0.002726887881196849,0.48390181144098066,703,59323,5.7453721303161,5.830722008591461,0.08534987827536089,0.5508125385330338,0.5589950865125239,0.00818254797949014,0.5450661789793556,703,59323,5.7453721303161,0.5508125385330338,5.10065766044858,0.4890033457215022,4.095533255093983,0.39264141951422427,3.5266199324332645,0.33809933166468187,ok
dieppe,Dieppe France,dieppe-france-refmar.csv,49.929,1.0845,36,0.7054409589991582,0.1277627317715805,dieppe_.7z,True,True,True,True,True,True,included in baseline 30-station subset,0.5368500847947633,6.14300012588501,True,DeltaDTM_v1_1_N49E001.tif,10.0,1.0147267826657234,49.883781413352146,1.1542732173342767,49.97421858664786,DeltaDTM:DeltaDTM_v1_1_N49E001.tif,DeltaDTM_v1_1_N49E001.tif,EPSG:4326,"(0.0002777777777777778, 0.0002777777777777778)",-9999.0,100.95901668818104,54.35770767135487,11.34406031758117,18397,88148,75504,65241,40.23258233549594,True,False,0.02175569529176874,0.03262848678043757,0.010872791488668826,0.0024679791964074124,0.0037013952210868356,0.0012334160246794232,0.0024445356911804504,785,75181,0.28824583214004884,0.3045568723807373,0.01631104024068847,0.03269878106088091,0.034549115304209545,0.001850334243328637,0.0323881730760843,785,75181,0.6852241454935196,0.7124103956035402,0.027186250110020696,0.07773224037541501,0.08081626498598424,0.003084024610569225,0.07699385644325009,785,75181,0.9571387481626494,1.0223798342235286,0.06524108606087926,0.10857839691451228,0.11597938506910346,0.007400988154591184,0.10754700320612692,785,75181,1.2018604442340832,1.3812595661709774,0.1793991219368944,0.13633977372706338,0.15669091832879567,0.02035114460173229,0.13504467277861698,785,75181,1.3976417318057535,1.957541848293314,0.5599001164875607,0.15854932107973072,0.22206472801228683,0.06351540693255611,0.15704325010357556,785,75181,1.7130488878790626,4.859956134370173,3.1469072464911108,0.19432929911065427,0.5513163552909386,0.3569870561802843,0.19248335164639516,785,75181,1.7130488878790626,0.19432929911065427,1.3976417318057535,0.15854932107973072,0.9571387481626494,0.10857839691451228,0.6852241454935196,0.07773224037541501,ok
immingham-p026-uk,Immingham P026 Uk,immingham-p026-uk-bodc.csv,53.631,-0.18603,36,0.6971313377451682,0.1406918002791824,immingham_p026_uk.7z,True,True,True,True,True,True,included in baseline 30-station subset,0.4874162774435815,4.527999877929688,True,DeltaDTM_v1_1_N53W001.tif,10.0,-0.26177506393074823,53.585781413352144,-0.11028493606925178,53.676218586647856,DeltaDTM:DeltaDTM_v1_1_N53W001.tif,DeltaDTM_v1_1_N53W001.tif,EPSG:4326,"(0.00041666666666666664, 0.0002777777777777778)",-9999.0,101.03547309009957,61.695324067054145,58.35457442558297,68546,72473,46191,0,0.0,True,False,0.0,0.07150658103930795,0.07150658103930795,0.0,0.04172736105177276,0.04172736105177276,0.0,355,45796,0.0,0.11233517260246437,0.11233517260246437,0.0,0.06555271190241216,0.06555271190241216,0.0,355,45796,0.001459645986058307,0.9142643401451407,0.9128046941590825,0.0008517702032844291,0.5335150648165612,0.5326632946132768,0.000843040743249505,355,45796,0.07008166641044014,7.103045832544886,7.032964166134446,0.04089585818416907,4.144952166835675,4.104056308651506,0.04047673251126335,355,45796,14.869260013411637,21.288295169424313,6.419035156012676,8.676893401059742,12.422694048579494,3.7458006475197525,8.587967310572218,355,45796,36.896147937475924,39.23841193685749,2.342263999381562,21.53059010834758,22.89740829711033,1.3668181887627497,21.30993150212443,355,45796,47.344335491018256,48.660418284964365,1.3160827939461135,27.627585490403938,28.395580003899514,0.7679945134955766,27.34444116054835,355,45796,47.344335491018256,27.627585490403938,36.896147937475924,21.53059010834758,0.07008166641044014,0.04089585818416907,0.001459645986058307,0.0008517702032844291,ok
aberdeen-p038-uk,Aberdeen,aberdeen-p038-uk-bodc.csv,57.143,-2.0745,35,0.8234086565710446,0.0882585639996967,aberdeen_p038_uk.7z,True,True,True,True,True,True,included in baseline 30-station subset,1.2635678555080092,2.822000026702881,True,DeltaDTM_v1_1_N57W003.tif,10.0,-2.157286916314784,57.097781413352145,-1.9917130836852157,57.18821858664786,DeltaDTM:mosaic(2),DeltaDTM_v1_1_N57W002.tif;DeltaDTM_v1_1_N57W003.tif,EPSG:4326,"(0.00041666666666666664, 0.0002777777777777778)",-9999.0,100.9272441226867,53.46898929534549,9.842660135510847,18946,102939,91357,63859,33.166150816373715,True,False,0.8124746807884043,0.8704825863759393,0.05800790558753493,0.07996912151707929,0.08567864251578836,0.0057095209987090695,0.07923442496841505,904,91125,2.0945347117255624,2.142011617435033,0.047476905709470905,0.20615793309544897,0.21083092356728914,0.004672990471840166,0.20426390801362249,904,91125,3.244785320988277,3.3239340168744342,0.07914869588615714,0.31937319127182084,0.32716352840958435,0.007790337137763503,0.3164390289737747,904,91125,4.358179190373775,4.57995286191982,0.2217736715460454,0.428960765805049,0.45078919456537037,0.021828428760321372,0.425019794738085,904,91125,5.3765749259569215,6.353502887049228,0.9769279610923053,0.5291979968930338,0.6253536958721251,0.09615569897909126,0.5243361210276812,904,91125,6.595555143157919,8.26426024258023,1.6687050994223096,0.64917807679124,0.8134230483913163,0.16424497160007634,0.6432139135812547,904,91125,7.872685772735728,10.697800312834548,2.825114540098821,0.7748817041470936,1.0529481267679208,0.27806642262082726,0.7677626699141323,904,91125,7.872685772735728,0.7748817041470936,6.595555143157919,0.64917807679124,4.358179190373775,0.428960765805049,3.244785320988277,0.31937319127182084,ok
millport-p049-uk,Millport P049 Uk,millport-p049-uk-bodc.csv,55.75,-4.9058,35,0.8077434436729396,0.1306161268445088,millport_p049_uk.7z,True,True,True,True,True,True,included in baseline 30-station subset,0.6640781018002286,2.7170000076293945,True,DeltaDTM_v1_1_N55W005.tif,10.0,-4.98560661955733,55.704781413352144,-4.825993380442671,55.795218586647856,DeltaDTM:DeltaDTM_v1_1_N55W005.tif,DeltaDTM_v1_1_N55W005.tif,EPSG:4326,"(0.00041666666666666664, 0.0002777777777777778)",-9999.0,101.02166725328689,44.96711927549016,10.59035212905341,13091,55581,69277,36273,29.34725605210148,True,False,0.007644778887708502,0.7942695383929221,0.7866247595052137,0.0008096090036958629,0.08411594096961754,0.08330633196592167,0.0008014211462833693,788,68842,0.2979657783928679,1.1304131649329021,0.832447386540034,0.03155562515587966,0.11971473467957164,0.08815910952369198,0.031236492144563123,788,68842,2.1164025375724074,2.98703065944907,0.8706281218766629,0.22413448119713983,0.3163370650384427,0.0922025838413029,0.22186773124143552,788,68842,4.4467437657626,5.34027848642623,0.8935347206636303,0.4709258230709893,0.5655542963846215,0.09462847331363222,0.4661631864481696,788,68842,7.426124379141868,7.754486278443808,0.3283618993019408,0.7864527212926051,0.8212274026863284,0.034774681393723306,0.7784990514171273,788,68842,10.252749113479233,10.474230755521846,0.22148164204261392,1.0858022340258526,1.109257919819375,0.02345568579352242,1.0748211384231776,788,68842,13.155796427149294,13.53012024771297,0.3743238205636762,1.3932451670165378,1.4328873777171571,0.03964221070061935,1.3791547941129496,788,68842,13.155796427149294,1.3932451670165378,10.252749113479233,1.0858022340258526,4.4467437657626,0.4709258230709893,2.1164025375724074,0.22413448119713983,ok
holyhead-p054-uk,Holyhead P054 Uk,holyhead-p054-uk-bodc.csv,53.308,-4.6312,35,0.8055445593855491,0.104970921708509,holyhead_p054_uk.7z,True,True,True,True,True,True,included in baseline 30-station subset,0.6409171148649937,3.315000057220459,True,DeltaDTM_v1_1_N53W005.tif,10.0,-4.706370823572644,53.262781413352144,-4.556029176427356,53.353218586647856,DeltaDTM:DeltaDTM_v1_1_N53W005.tif,DeltaDTM_v1_1_N53W005.tif,EPSG:4326,"(0.00041666666666666664, 0.0002777777777777778)",-9999.0,101.03778617329483,38.53990318466626,22.44883184286379,26156,44901,72785,10278,8.823104555630962,True,False,0.04208026872094181,0.06119087572573809,0.019110607004796283,0.009446528764189437,0.013736636794846702,0.004290108030657266,0.009349500936201467,888,72760,0.7494442029858216,0.9290763634526512,0.1796321604668297,0.16824146888437785,0.2085667905232797,0.040325321638901845,0.1665134156797722,888,72760,5.272227128307745,5.925758485762566,0.6535313574548207,1.1835534024076522,1.33026355788307,0.14671015547541777,1.1713968082967317,888,72760,8.032332471086397,9.564973820407133,1.5326413493207351,1.8031648094939308,2.1472248887571412,0.34406007926321047,1.7846440206055534,888,72760,10.646966622474734,13.69030594131405,3.0433393188393154,2.3901196334451873,3.0733137595391815,0.6831941260939942,2.365570074294558,888,72760,13.91576440595853,18.618892881891774,4.703128475933244,3.123926551142724,4.1797239540588205,1.0557974029160966,3.091839864528232,888,72760,19.913299034062113,23.18781986495039,3.274520830888281,4.470303014523223,5.205394689508879,0.7350916749856564,4.424387334512643,888,72760,19.913299034062113,4.470303014523223,13.91576440595853,3.123926551142724,8.032332471086397,1.8031648094939308,5.272227128307745,1.1835534024076522,ok
sheerness-p015-uk,Sheerness,sheerness-p015-uk-bodc.csv,51.442,0.74306,27,0.6684479366660454,0.174716256466711,sheerness_p015_uk.7z,True,True,True,True,True,True,included in baseline 30-station subset,0.4927874549512442,5.25600004196167,True,DeltaDTM_v1_1_N51E000.tif,10.0,0.6709998569925721,51.396781413352144,0.815120143007428,51.487218586647856,DeltaDTM:DeltaDTM_v1_1_N51E000.tif,DeltaDTM_v1_1_N51E000.tif,EPSG:4326,"(0.00041666666666666664, 0.0002777777777777778)",-9999.0,101.04995500215685,47.791107114475594,44.46373569954154,49648,53364,59432,1004,0.8990627900561815,True,False,0.3002636930378471,0.864109005229466,0.5638453121916188,0.13350845487403104,0.3842151442411673,0.25070668936713625,0.13212124129217215,762,58996,0.9951014348551472,2.5999635230167013,1.6048620881615538,0.44245927193633816,1.1560409091586348,0.7135816372222966,0.4378619188171773,762,58996,4.905335933470441,10.092818181717966,5.187482248247524,2.1810956046329357,4.48764400095435,2.306548396321414,2.158433029075947,762,58996,20.981526933083863,30.356571236885326,9.375044303801468,9.329170681254531,13.49766560221174,4.168494920957208,9.232236353846378,762,58996,46.63230979616247,48.882448780469,2.2501389843065276,20.734466978357094,21.734962829211497,1.0004958508544028,20.519026433920263,762,58996,57.78062378726622,59.563173131810366,1.7825493445441514,25.69142384631648,26.4840118755885,0.7925880292720215,25.424478265000822,762,58996,67.06749554604646,67.57095928084524,0.5034637347987816,29.82071395989589,30.04457274427986,0.223858784383971,29.510863175801894,762,58996,67.06749554604646,29.82071395989589,57.78062378726622,25.69142384631648,20.981526933083863,9.329170681254531,4.905335933470441,2.1810956046329357,ok
heysham-p050-uk,Heysham P050 Uk,heysham-p050-uk-bodc.csv,54.032,-2.9204,35,0.7831946677781411,0.1604492678047205,heysham_p050_uk.7z,True,True,True,True,True,False,excluded: passed filters but outside top-30 fill after retaining focal core sites,0.1527296764442459,6.624000072479248,True,DeltaDTM_v1_1_N54W003.tif;DeltaDTM_v1_1_N53W003.tif,10.0,-2.9968737112573676,53.98678141335214,-2.843926288742632,54.07721858664785,DeltaDTM:mosaic(2),DeltaDTM_v1_1_N54W003.tif;DeltaDTM_v1_1_N53W003.tif,EPSG:4326,"(0.00041666666666666664, 0.0002777777777777778)",-9999.0,100.94109929654718,33.45130967130626,29.966944157201095,53326,59526,120100,164,0.09217623188601017,True,False,0.0,0.0,0.0,0.0,0.0,0.0,0.0,1317,119953,0.03938404668964963,0.04313724564519778,0.0037531989555481637,0.01180219527833331,0.012926914313451082,0.001124719035117773,0.011692160438693597,1317,119953,0.23256486220510056,0.23631806116064868,0.0037531989555481407,0.06969258238627415,0.07081730142139192,0.001124719035117766,0.06904282088461274,1317,119953,0.6957923729646251,0.6957923729646251,0.0,0.2085077118563736,0.2085077118563736,0.0,0.20656374193411015,1317,119953,1.2470791169442645,1.2545744582010985,0.0074953412568337175,0.3737115025708043,0.37595762729963134,0.0022461247288270147,0.37022729609166005,1317,119953,1.8432720807632905,2.0100656196773907,0.1667935389141006,0.5523723151076139,0.6023552417718219,0.049982926664208005,0.547222408867216,1317,119953,2.8067172878952102,3.38397904813529,0.5772617602400801,0.8410874023140666,1.0140751116460875,0.1729877093320209,0.8332457325861887,1317,119953,2.8067172878952102,0.8410874023140666,1.8432720807632905,0.5523723151076139,0.6957923729646251,0.2085077118563736,0.23256486220510056,0.06969258238627415,ok
northshields-p032-uk,Northshields P032 Uk,northshields-p032-uk-bodc.csv,55.007,-1.4398,35,0.7648673943441429,0.1063699384713329,northshields_p032_uk.7z,True,True,True,True,True,False,excluded: passed filters but outside top-30 fill after retaining focal core sites,0.9356076661653266,3.302000045776367,True,DeltaDTM_v1_1_N54W002.tif;DeltaDTM_v1_1_N55W002.tif,10.0,-1.5181215531980796,54.96178141335214,-1.3614784468019203,55.052218586647854,DeltaDTM:mosaic(2),DeltaDTM_v1_1_N54W002.tif;DeltaDTM_v1_1_N55W002.tif,EPSG:4326,"(0.00041666666666666664, 0.0002777777777777778)",-9999.0,100.93686918917575,67.96154090247535,10.175384508032957,18544,123815,60049,67784,37.215689895877254,True,False,0.016182766972053408,0.11864165314726882,0.10245888617521541,0.0016466587634453964,0.012072244394421387,0.010425585630975991,0.0016313749145113968,616,60034,0.12942020554722705,0.31816135067050205,0.18874114512327497,0.01316900354551695,0.03237414078667467,0.019205137241157723,0.013046772355139747,616,60034,0.2534522958540929,0.4853307142327592,0.23187841837866632,0.025789745647591227,0.049384266308765884,0.023594520661174657,0.025550372083818173,616,60034,0.587830367439251,0.7711774064570582,0.18334703901780725,0.059814000141926754,0.07847026634608185,0.0186562662041551,0.05925882249212964,616,60034,1.0840186612357388,1.3266752948419176,0.24265663360617912,0.11030306691956761,0.13499431242324506,0.024691245503677448,0.10927926317274389,616,60034,1.9146326469232455,2.297487327077659,0.38285468015441343,0.1948212337407693,0.2337781695534806,0.03895693581271131,0.193012954835795,616,60034,2.896282145252344,3.419312331496942,0.5230301862445975,0.2947078447169316,0.3479281772604003,0.053220332543468696,0.2919724448403393,616,60034,2.896282145252344,0.2947078447169316,1.9146326469232455,0.1948212337407693,0.587830367439251,0.059814000141926754,0.2534522958540929,0.025789745647591227,ok
whitby-p174-uk,Whitby P174 Uk,whitby-p174-uk-bodc.csv,54.49,-0.61417,35,0.7230387005191082,0.1282950288712308,whitby_p174_uk.7z,True,True,True,True,True,False,excluded: passed filters but outside top-30 fill after retaining focal core sites,0.6840003931342477,3.430999994277954,True,DeltaDTM_v1_1_N54W001.tif,10.0,-0.6914979547928968,54.444781413352146,-0.5368420452071032,54.53521858664786,DeltaDTM:DeltaDTM_v1_1_N54W001.tif,DeltaDTM_v1_1_N54W001.tif,EPSG:4326,"(0.00041666666666666664, 0.0002777777777777778)",-9999.0,101.03022176613523,49.79480637451296,2.7278454673103307,3267,59640,61306,53019,44.266483482571665,True,False,0.2143789928079099,0.2143789928079099,0.0,0.00584792763817611,0.00584792763817611,0.0,0.005788295359494404,709,61306,0.8882666981896651,0.9494888978588513,0.06122219966918635,0.02423054286419391,0.025900589862857492,0.0016700469986635803,0.02398346003860387,709,61306,1.9294792719123006,2.5110941296010285,0.5816148576887276,0.052633212861552064,0.06849876739421745,0.015865554532665388,0.052096503344699605,709,61306,3.3992374505949137,5.450183015514635,2.0509455649197212,0.09272594471916859,0.14867257034883347,0.055946625629664876,0.0917804030301058,709,61306,5.328103141830496,8.1749258366821,2.8468226948516033,0.14534242004804251,0.22299934389191378,0.07765692384387127,0.14386033951749722,709,61306,10.899578410124906,10.9914017029937,0.0918232928687934,0.2973236556165277,0.29982845314898415,0.002504797532456471,0.29429179746311207,709,61306,13.28747970319284,13.348713159461582,0.06123345626874212,0.36246191280332607,0.3641322668646304,0.0016703540613043355,0.3587658291420492,709,61306,13.28747970319284,0.36246191280332607,10.899578410124906,0.2973236556165277,3.3992374505949137,0.09272594471916859,1.9294792719123006,0.052633212861552064,ok
dover-p012-uk,Dover P012 Uk,dover-p012-uk-bodc.csv,51.117,1.3181,34,0.7433050574164776,0.1209285142843115,dover_p012_uk.7z,True,True,True,True,True,False,excluded: passed filters but outside top-30 fill after retaining focal core sites,0.50788422881673,4.618000030517578,True,DeltaDTM_v1_1_N51E001.tif,10.0,1.2465478884000498,51.07178141335214,1.3896521115999503,51.16221858664785,DeltaDTM:DeltaDTM_v1_1_N51E001.tif,DeltaDTM_v1_1_N51E001.tif,EPSG:4326,"(0.00041666666666666664, 0.0002777777777777778)",-9999.0,101.05251686084036,46.55734720903566,2.225282316932044,2462,51493,60325,46779,42.29635662795085,True,False,0.2842988460759766,0.3655399451789154,0.08124109910293878,0.006326451948970559,0.008134295761389493,0.0018078438124189342,0.006260558515017225,737,60325,0.6498691082458855,0.7717310014841158,0.1218618932382303,0.014461422348999655,0.0171731935103086,0.0027117711613089453,0.014310798778930475,737,60325,2.27451326112704,2.4369979048913617,0.1624846437643216,0.05061434139613439,0.05423008344155186,0.0036157420454174735,0.050087165533774396,737,60325,3.89895881053953,4.061443454303852,0.1624846437643219,0.08676284095540013,0.09037858300081761,0.0036157420454174805,0.0858591588321164,737,60325,5.645325931469805,5.970293018065985,0.3249670865961797,0.1256244396861768,0.13285587480005082,0.00723143511387403,0.12431599290018128,737,60325,6.985594446010876,7.473033214450223,0.487438768439347,0.15544919793966702,0.16629608665961915,0.010846888719952125,0.15383011009387965,737,60325,9.178657750216303,9.909820794306462,0.7311630440901592,0.204251047847276,0.22052148977535635,0.01627044192808036,0.20212366222263473,737,60325,9.178657750216303,0.204251047847276,6.985594446010876,0.15544919793966702,3.89895881053953,0.08676284095540013,2.27451326112704,0.05061434139613439,ok
ullapool-p043-uk,Ullapool P043 Uk,ullapool-p043-uk-bodc.csv,57.895,-5.1579,33,0.8176345161406837,0.1106227649103039,ullapool_p043_uk.7z,True,True,True,True,True,False,excluded: passed filters but outside top-30 fill after retaining focal core sites,0.4910556156495481,3.25600004196167,True,DeltaDTM_v1_1_N57W006.tif,10.0,-5.24241153824619,57.84978141335215,-5.073388461753809,57.94021858664786,DeltaDTM:DeltaDTM_v1_1_N57W006.tif,DeltaDTM_v1_1_N57W006.tif,EPSG:4326,"(0.00041666666666666664, 0.0002777777777777778)",-9999.0,101.0066880549372,79.74817767214111,2.724547398121638,3570,104503,27853,97402,74.3290735499493,True,False,0.0,0.0,0.0,0.0,0.0,0.0,0.0,388,27137,0.16815088208632734,0.16815088208632734,0.0,0.004581350482801615,0.004581350482801615,0.0,0.004535690231036814,388,27137,1.6805428443110941,1.6805428443110941,0.0,0.04578718633899728,0.04578718633899728,0.0,0.045330846125846425,388,27137,4.929666496662264,4.929666496662264,0.0,0.13431110027088583,0.13431110027088583,0.0,0.13297248217646188,388,27137,8.178875138851483,8.234953763856982,0.05607862500549914,0.2228373297911956,0.22436521850968533,0.0015278887184897172,0.22061641073707428,388,27137,11.091882142709771,11.31617084756973,0.22428870485995756,0.3022035863219177,0.3083144383944604,0.006110852072542694,0.29919165962312333,388,27137,14.201068771846364,14.565578317274424,0.3645095454280596,0.3869148497288046,0.3968460850646698,0.009931235335865207,0.38305864411509355,388,27137,14.201068771846364,0.3869148497288046,11.091882142709771,0.3022035863219177,4.929666496662264,0.13431110027088583,1.6805428443110941,0.04578718633899728,ok
newhaven-p011-uk,Newhaven P011 Uk,newhaven-p011-uk-bodc.csv,50.782,0.05703,33,0.7538206075873588,0.0935227697674735,newhaven_p011_uk.7z,True,True,True,True,True,False,excluded: passed filters but outside top-30 fill after retaining focal core sites,0.5395065039179817,4.261000156402588,True,DeltaDTM_v1_1_N50E000.tif,10.0,-0.014008266872264308,50.73678141335214,0.1280682668722643,50.82721858664785,DeltaDTM:mosaic(2),DeltaDTM_v1_1_N50W001.tif;DeltaDTM_v1_1_N50E000.tif,EPSG:4326,"(0.00041666666666666664, 0.0002777777777777778)",-9999.0,100.95546762498131,53.97026787589564,10.929040510828782,18028,89018,77568,60567,36.72319601345388,True,False,0.005547425764933993,0.02218290517736127,0.016635479412427275,0.0006062804091577895,0.0024243786933125485,0.001818098284154759,0.0006005424207532135,1037,77486,0.14973321514056165,0.316123884778216,0.16639066963765434,0.0163644037408784,0.03454930743181693,0.01818490369093853,0.01620952695862611,1037,77486,0.49364087658548156,1.531021400430698,1.0373805238452167,0.05395021138003759,0.16732594908252915,0.11337573770249157,0.05343961317721407,1037,77486,5.859716569730665,11.163142623056528,5.303426053325863,0.640410797725611,1.2200243795554426,0.5796135818298316,0.6343497908449509,1037,77486,20.07549160676389,28.88803685334687,8.812545246582978,2.1940586104512576,3.1571852504854276,0.96312664003417,2.173293494713446,1037,77486,23.997982697718378,36.79258340046875,12.794600702750376,2.6227492508153234,4.021076344817696,1.3983270940023727,2.5979269003616867,1037,77486,26.738481848914596,42.788705393755656,16.05022354484106,2.922259513248477,4.676394946542736,1.754135433294259,2.8946025232667707,1037,77486,26.738481848914596,2.922259513248477,23.997982697718378,2.6227492508153234,5.859716569730665,0.640410797725611,0.49364087658548156,0.05395021138003759,ok
calais,Calais France,calais-france-refmar.csv,50.969,1.8677,33,0.7228796635841743,0.1446440113478024,calais_.7z,True,True,True,True,True,False,excluded: passed filters but outside top-30 fill after retaining focal core sites,1.6681851084393278,4.699999809265137,True,DeltaDTM_v1_1_N51E001.tif;DeltaDTM_v1_1_N50E001.tif,10.0,1.7963761148269972,50.923781413352145,1.9390238851730026,51.01421858664786,DeltaDTM:mosaic(2),DeltaDTM_v1_1_N51E001.tif;DeltaDTM_v1_1_N50E001.tif,EPSG:4326,"(0.00041666666666666664, 0.0002777777777777778)",-9999.0,100.95431227696356,52.22464095832879,51.533007575280166,85571,86720,80844,162,0.09751285348241881,True,False,0.6844783312238443,1.9590931775875606,1.2746148463637164,0.3527322702807349,1.0095796356129945,0.6568473653322595,0.3493979230060327,1319,79301,1.3374356566617378,4.5561004935936325,3.2186648369318958,0.6892208182619913,2.347895612500984,1.6586747942389928,0.6827056741975968,1319,79301,12.335082587810863,15.17998423394864,2.8449016461377763,6.356639044393637,7.822702425207087,1.4660633808134502,6.296550291932539,1319,79301,24.081834131846335,27.206579486599296,3.12474535475296,12.410093407430777,14.020368667803835,1.610275260373058,12.292781880762309,1319,79301,32.29680431450367,37.88256573482735,5.585761420323683,16.643514613966587,19.52202546983907,2.878510855872481,16.48618492720337,1319,79301,47.61808020463912,48.77877215666104,1.1606919520219183,24.539028879059664,25.137168350620787,0.5981394715611223,24.307063587078833,1319,79301,56.69820308156384,59.15466627776026,2.456463196196419,29.218289289070025,30.484178654049895,1.26588936497987,28.942091358030332,1319,79301,56.69820308156384,29.218289289070025,47.61808020463912,24.539028879059664,24.081834131846335,12.410093407430777,12.335082587810863,6.356639044393637,ok
ilfracombe-p061-uk,Ilfracombe P061 Uk,ilfracombe-p061-uk-bodc.csv,51.21100000000001,-4.1109,32,0.7740608676853155,0.0982071687363582,ilfracombe_p061_uk.7z,True,True,True,True,True,False,excluded: passed filters but outside top-30 fill after retaining focal core sites,0.7893686301624632,5.764999866485596,True,DeltaDTM_v1_1_N51W005.tif,10.0,-4.182598075215429,51.16578141335216,-4.039201924784571,51.25621858664787,DeltaDTM:DeltaDTM_v1_1_N51W005.tif,DeltaDTM_v1_1_N51W005.tif,EPSG:4326,"(0.00041666666666666664, 0.0002777777777777778)",-9999.0,101.0516579286549,48.46306526469909,0.6532734786618551,725,53810,58334,52138,46.95651744152759,True,False,0.0,0.0,0.0,0.0,0.0,0.0,0.0,715,58334,4.689941940053876,4.689941940053876,0.0,0.030638146859011253,0.030638146859011253,0.0,0.0303192916247278,715,58334,8.13814426977694,8.13814426977694,0.0,0.053164338169692245,0.053164338169692245,0.0,0.05261104989215283,715,58334,10.069155915389059,10.069155915389059,0.0,0.06577912512034807,0.06577912512034807,0.0,0.06509455309163739,715,58334,12.68984553933438,12.68984553933438,0.0,0.08289939539162595,0.08289939539162595,0.0,0.08203665045273684,715,58334,14.896650023744641,14.896650023744641,0.0,0.09731586381419868,0.09731586381419868,0.0,0.09630308478749176,715,58334,16.68974358023454,16.68974358023454,0.0,0.10902966846634184,0.10902966846634184,0.0,0.10789498233004709,715,58334,16.68974358023454,0.10902966846634184,14.896650023744641,0.09731586381419868,10.069155915389059,0.06577912512034807,8.13814426977694,0.053164338169692245,ok
felixstowe-p204-uk,Felixstowe P204 Uk,felixstowe-p204-uk-bodc.csv,51.957,1.3484,30,0.7282495856180851,0.1491571378258869,felixstowe_p204_uk.7z,True,True,True,True,True,False,excluded: passed filters but outside top-30 fill after retaining focal core sites,0.8060091662253237,3.75,True,DeltaDTM_v1_1_N51E001.tif,10.0,1.275515030985345,51.911781413352145,1.4212849690146552,52.00221858664786,DeltaDTM:mosaic(2),DeltaDTM_v1_1_N52E001.tif;DeltaDTM_v1_1_N51E001.tif,EPSG:4326,"(0.00041666666666666664, 0.0002777777777777778)",-9999.0,100.95018918368262,39.83581613400886,22.84025000965035,38707,67505,103645,0,0.0,True,False,7.442449109865808,13.30366142591988,5.861212316054073,1.6998739835343477,3.0385895301175156,1.338715546583168,1.6838739949673236,1104,103382,25.320693156807938,27.193016834036474,1.8723236772285392,5.783309621191361,6.210953030060238,0.4276434088688772,5.728874475577667,1104,103382,32.30739055421584,35.656672301383644,3.349281747167804,7.3790887741770606,8.144073098757772,0.7649843245807117,7.309633427977569,1104,103382,41.3551736211573,42.589603833220266,1.2344302120629684,9.4456250469973,9.727571993627139,0.281946946629839,9.356718519675711,1104,103382,47.41156935459214,48.55318655661083,1.141617202018694,10.828920974087614,11.089669197181859,0.26074822309424484,10.726994235131139,1104,103382,52.78884976987661,53.729171645989624,0.9403218761130023,12.057105264658553,12.271877132058197,0.21477186739964438,11.943618295474614,1104,103382,58.45572318579914,59.17121830466001,0.715495118860868,13.35143332058567,13.514854194540337,0.1634208739546672,13.225763545912965,1104,103382,58.45572318579914,13.35143332058567,52.78884976987661,12.057105264658553,41.3551736211573,9.4456250469973,32.30739055421584,7.3790887741770606,ok
cordemais,Cordemais France,cordemais-france-refmar.csv,47.277,-1.8898,29,0.6594648861419706,0.1645361289167138,cordemais_.7z,True,True,True,True,True,False,excluded: passed filters but outside top-30 fill after retaining focal core sites,22.647351215355688,3.276000022888184,True,DeltaDTM_v1_1_N47W002.tif,10.0,-1.9560027449439472,47.231781413352145,-1.8235972550560526,47.32221858664786,DeltaDTM:DeltaDTM_v1_1_N47W002.tif,DeltaDTM_v1_1_N47W002.tif,EPSG:4326,"(0.0002777777777777778, 0.0002777777777777778)",-9999.0,100.96957937612595,91.66114687698433,75.76407766252365,116678,141164,14338,8716,5.661301820113516,True,False,0.0,0.004284748741051281,0.004284748741051281,0.0,0.0032463003638140966,0.0032463003638140966,0.0,75,13830,0.005142412002094679,0.17405445391372948,0.1689120419116348,0.0038961010229939504,0.13187075163827944,0.12797465061528548,0.003858687980149371,75,13830,0.09339351585311716,2.698174215145609,2.6047806992924922,0.07075873588271701,2.0442468078331073,1.9734880719503902,0.07007926181323458,75,13830,0.595463731960745,9.412719566435504,8.81725583447476,0.4511476043349005,7.131460162469755,6.680312558134855,0.44681537461329013,75,13830,11.469765109581843,31.91792378121371,20.448158671631866,8.689961745332628,24.182320561863857,15.49235881653123,8.606514753281573,75,13830,48.36998746178549,57.27364231059706,8.903654848811572,36.64707486590011,43.39284684035676,6.745771974456652,36.295164436988074,75,13830,59.453200289092734,66.00593395643271,6.552733667339982,45.04416883988395,50.00878706462575,4.964618224741798,44.61162373677725,75,13830,59.453200289092734,45.04416883988395,48.36998746178549,36.64707486590011,0.595463731960745,0.4511476043349005,0.09339351585311716,0.07075873588271701,ok
le-pellerin,Le Pellerin France,le_pellerin-france-refmar.csv,47.205,-1.7651,29,0.4690437785219072,0.2797210944382936,le_pellerin_.7z,True,True,True,False,False,False,excluded: reconstruction correlation below 0.55,28.38796447313961,3.440000057220459,True,DeltaDTM_v1_1_N47W002.tif,10.0,-1.8312128368917802,47.15978141335214,-1.6989871631082196,47.250218586647854,DeltaDTM:DeltaDTM_v1_1_N47W002.tif,DeltaDTM_v1_1_N47W002.tif,EPSG:4326,"(0.0002777777777777778, 0.0002777777777777778)",-9999.0,100.97002501035936,96.25147806955428,60.11799413550075,92384,147925,7251,5042,3.2822407078341334,True,False,0.15685632848967984,0.942128630771791,0.7852723022821111,0.09429887836258752,0.5663888349962588,0.47208995663367126,0.09339294345318089,80,7007,1.899443940893093,5.278470294576182,3.379026353683088,1.141907596993234,3.173310462137458,2.0314028651442237,1.1309372230779144,80,7007,6.461689987525495,13.621887155659708,7.160197168134213,3.8846384077548164,8.189205321384033,4.304566913629217,3.847318456498608,80,7007,7.515280147286145,19.799090852705955,12.283810705419809,4.518035678211937,11.902816277712231,7.384780599500295,4.474630641864646,80,7007,8.991068649274096,32.5661758536546,23.575107204380497,5.405250123289448,19.57813168985693,14.172881566567483,5.353321565221834,80,7007,46.539516218461756,49.15460704140853,2.6150908229467773,27.978623630905258,29.55076377848242,1.5721401475771621,27.709831336611728,80,7007,54.666827660545245,56.34570855776264,1.6788808972173963,32.86460024703089,33.87390976636209,1.0093095193311967,32.548868086007744,80,7007,54.666827660545245,32.86460024703089,46.539516218461756,27.978623630905258,7.515280147286145,4.518035678211937,6.461689987525495,3.8846384077548164,ok
nantes-usine-brulee,Nantes Usine Brulee,nantes_usine_brulee-france-refmar.csv,47.20399999999999,-1.5742,28,0.4070532407492681,0.3401971645833999,nantes_usine_brulee_.7z,True,True,False,False,False,False,excluded: reconstruction correlation below 0.55,39.422969022008,3.440000057220459,True,DeltaDTM_v1_1_N47W002.tif,10.0,-1.6403115906229317,47.15878141335214,-1.5080884093770683,47.24921858664785,DeltaDTM:DeltaDTM_v1_1_N47W002.tif,DeltaDTM_v1_1_N47W002.tif,EPSG:4326,"(0.0002777777777777778, 0.0002777777777777778)",-9999.0,100.97002501034991,96.73016964480497,28.95418711041051,44501,148660,6516,46152,30.036144643564192,True,False,0.0,0.7253921521906009,0.7253921521906009,0.0,0.21003140102950035,0.21003140102950035,0.0,39,6396,0.013482069548961402,0.7568419539788585,0.7433598844298971,0.0039036236435619626,0.21913743548512568,0.2152338118415637,0.003866121300021291,39,6396,0.04269116898340419,0.8130046273547036,0.7703134583712994,0.012360880947076384,0.23539888102057657,0.2230380000735002,0.012242129231729253,39,6396,0.11684439073630178,0.9275940943540917,0.81074970361779,0.03383134352180798,0.2685773297044015,0.23474598618259354,0.03350632380089052,39,6396,0.23593595817731716,1.38141096814929,1.145475009971973,0.0683133387914003,0.39997631648167875,0.33166297769027847,0.06765704849968873,39,6396,0.49434651055691836,3.0505787673673335,2.5562322568104148,0.14313401364043538,0.8832702842539922,0.7401362706135568,0.14175891669410148,39,6396,1.1346795149918822,5.357805263889021,4.2231257488971385,0.32853722987424805,1.5513089611178505,1.2227717312436024,0.3253809532488195,39,6396,1.1346795149918822,0.32853722987424805,0.49434651055691836,0.14313401364043538,0.11684439073630178,0.03383134352180798,0.04269116898340419,0.012360880947076384,ok
leith-p034-uk,Leith P034 Uk,leith-p034-uk-bodc.csv,55.99,-3.1817,27,0.7745194961778761,0.0985704780135207,leith_p034_uk.7z,True,True,True,True,True,False,excluded: passed filters but outside top-30 fill after retaining focal core sites,0.5189396857548381,3.58899998664856,True,DeltaDTM_v1_1_N56W004.tif;DeltaDTM_v1_1_N55W004.tif,10.0,-3.262001341458756,55.944781413352146,-3.1013986585412443,56.03521858664786,DeltaDTM:mosaic(2),DeltaDTM_v1_1_N56W004.tif;DeltaDTM_v1_1_N55W004.tif,EPSG:4326,"(0.00041666666666666664, 0.0002777777777777778)",-9999.0,100.93252685802025,36.164104605949795,7.818378866560249,14602,67561,120867,32947,17.63316341783756,True,False,0.07535303775801017,0.08220084792157496,0.006847810163564792,0.005891385979383433,0.006426773722033747,0.0005353877426503145,0.005836954808107327,1060,120509,0.1027536985382419,0.13699896385300986,0.03424526531476798,0.008033673451122932,0.010711098037290239,0.002677424586167307,0.007959449447276534,1060,120509,0.30143970638468104,0.363080552690392,0.061640846305711,0.02356769829940117,0.02838701320013576,0.004819314900734593,0.023349953709722707,1060,120509,0.6577713997452806,0.7399717514479546,0.08220035170267401,0.05142706010796256,0.05785379503372262,0.006426734925760062,0.050951919771417165,1060,120509,1.205886168128239,1.3565639841563313,0.1506778160280924,0.09428074932371143,0.10606131184864634,0.01178056252493491,0.09340967897923952,1060,120509,1.9321087536248145,2.22661445473485,0.2945057011100355,0.15105958247236312,0.17408515396876523,0.02302557149640211,0.14966392616411514,1060,120509,2.720033505909798,3.185790232717509,0.46575672680771074,0.2126625247894095,0.2490771502877263,0.03641462549831681,0.2106977120354448,1060,120509,2.720033505909798,0.2126625247894095,1.9321087536248145,0.15105958247236312,0.6577713997452806,0.05142706010796256,0.30143970638468104,0.02356769829940117,ok
tobermory-p223-uk,Tobermory P223 Uk,tobermory-p223-uk-bodc.csv,56.62300000000001,-6.0642,26,0.8136527888227519,0.1147726871683278,tobermory_p223_uk.7z,True,True,True,True,True,False,excluded: passed filters but outside top-30 fill after retaining focal core sites,0.4542674993488369,3.0910000801086426,True,DeltaDTM_v1_1_N56W007.tif,10.0,-6.1458430441295695,56.577781413352156,-5.98255695587043,56.66821858664787,DeltaDTM:mosaic(2),DeltaDTM_v1_1_N56W007.tif;DeltaDTM_v1_1_N56W006.tif,EPSG:4326,"(0.00041666666666666664, 0.0002777777777777778)",-9999.0,100.92955200715963,53.987678460748654,2.2962263720514673,4361,102569,89119,95353,50.18816204736862,True,False,0.0,0.0,0.0,0.0,0.0,0.0,0.0,906,87731,0.5273891776295131,0.5732779011724795,0.04588872354296636,0.012110049380074237,0.013163758351865621,0.001053708971791384,0.01199851692516696,906,87731,3.2332764459346337,3.2332764459346337,0.0,0.07424334643287946,0.07424334643287946,0.0,0.07355957195531083,906,87731,7.315383471122555,7.36126070226243,0.04587723113987442,0.16797776448061016,0.16903120956081097,0.0010534450802008044,0.16643070452615735,906,87731,12.475193620424704,12.475193620424704,0.0,0.2864586858766743,0.2864586858766743,0.0,0.28382042739707575,906,87731,16.924157853017476,16.924157853017476,0.0,0.3886169758686067,0.3886169758686067,0.0,0.3850378488166077,906,87731,21.21245340794529,21.21245340794529,0.0,0.4870859493123699,0.4870859493123699,0.0,0.4825999319583006,906,87731,21.21245340794529,0.4870859493123699,16.924157853017476,0.3886169758686067,7.315383471122555,0.16797776448061016,3.2332764459346337,0.07424334643287946,ok
donges,Donges France,donges-france-refmar.csv,47.306,-2.0883,26,0.789490409522372,0.111899074075923,donges_.7z,True,True,True,True,True,False,excluded: passed filters but outside top-30 fill after retaining focal core sites,8.277975956437524,3.276000022888184,True,DeltaDTM_v1_1_N47W003.tif,10.0,-2.154539056603653,47.26078141335214,-2.0220609433963466,47.35121858664785,DeltaDTM:DeltaDTM_v1_1_N47W003.tif,DeltaDTM_v1_1_N47W003.tif,EPSG:4326,"(0.0002777777777777778, 0.0002777777777777778)",-9999.0,100.96957937615932,74.6516508444958,73.5177554854613,113214,114959,40543,67,0.043536797326550525,True,False,0.0,1.4141143441325859,1.4141143441325859,0.0,1.039625125804229,1.039625125804229,0.0,136,40407,0.0035318224943520415,6.595865145561234,6.592333323066882,0.0025965166255782542,4.849132009864474,4.846535493238895,0.002571583086332374,136,40407,0.08210716841581263,10.856215107835501,10.77410793941969,0.06036334731197303,7.981245677954212,7.92088233064224,0.05978369691636635,136,40407,0.2728169408221427,14.568663422152138,14.295846481329994,0.20056889147653847,10.710554352197645,10.509985460721106,0.19864289097345325,136,40407,0.85641715043537,22.031629526783497,21.175212376348128,0.6296186665926305,16.197159524963386,15.567540858370755,0.6235726349289858,136,40407,11.78375973924818,33.07406066241355,21.290300923165365,8.663155672094708,24.31530704690633,15.652151374811622,8.57996609040072,136,40407,17.23755862962387,41.710181095242135,24.472622465618265,12.672666204989909,30.664388950143213,17.991722745153304,12.550974544301358,136,40407,17.23755862962387,12.672666204989909,11.78375973924818,8.663155672094708,0.2728169408221427,0.20056889147653847,0.08210716841581263,0.06036334731197303,ok
cromer-p183-uk,Cromer P183 Uk,cromer-p183-uk-bodc.csv,52.934,1.3016,26,0.7026372900401091,0.1660551351692198,cromer_p183_uk.7z,True,True,True,True,True,False,excluded: passed filters but outside top-30 fill after retaining focal core sites,0.4363097932395557,3.740000009536743,True,DeltaDTM_v1_1_N52E001.tif,10.0,1.2270803692827514,52.88878141335214,1.3761196307172487,52.97921858664785,DeltaDTM:DeltaDTM_v1_1_N52E001.tif,DeltaDTM_v1_1_N52E001.tif,EPSG:4326,"(0.00041666666666666664, 0.0002777777777777778)",-9999.0,101.04013813177042,45.322748875773,0.5756663126332079,665,52379,64329,49034,42.4269177990109,True,False,3.0081960579350437,3.0081960579350437,0.0,0.017317171323492184,0.017317171323492184,0.0,0.017138903057424743,751,64298,6.467630129292108,6.467630129292108,0.0,0.03723196788005026,0.03723196788005026,0.0,0.03684869059808151,751,64298,11.882402142722968,11.882402142722968,0.0,0.0684029862672626,0.0684029862672626,0.0,0.06769882497394805,751,64298,17.747638566761974,17.747638566761974,0.0,0.10216717651674777,0.10216717651674777,0.0,0.10111543630661662,751,64298,24.815732199640433,24.815732199640433,0.0,0.14285581050660173,0.14285581050660173,0.0,0.141385209034748,751,64298,31.732779443600013,31.732779443600013,0.0,0.1826749213190008,0.1826749213190008,0.0,0.18079440972335886,751,64298,38.34954995644887,38.34954995644887,0.0,0.2207654401457192,0.2207654401457192,0.0,0.21849281308167878,751,64298,38.34954995644887,0.2207654401457192,31.732779443600013,0.1826749213190008,17.747638566761974,0.10216717651674777,11.882402142722968,0.0684029862672626,ok
avonmouth-p060-uk,Avonmouth P060 Uk,avonmouth-p060-uk-bodc.csv,51.511,-2.715,26,0.5711256515912323,0.2089481320302294,avonmouth_p060_uk.7z,True,True,True,True,False,False,excluded: passed filters but outside top-30 fill after retaining focal core sites,0.138408160140448,8.786999702453613,True,DeltaDTM_v1_1_N51W003.tif,10.0,-2.7871692316275762,51.46578141335215,-2.6428307683724235,51.55621858664786,DeltaDTM:DeltaDTM_v1_1_N51W003.tif,DeltaDTM_v1_1_N51W003.tif,EPSG:4326,"(0.00041666666666666664, 0.0002777777777777778)",-9999.0,101.04995500214365,54.91871147089461,37.37673747772294,41727,61321,51475,12172,10.89672784426759,True,False,0.014373800798618887,0.026353465472012456,0.011979664673393571,0.005372457790070625,0.009850065605756455,0.00447760781568583,0.005316635509591919,533,50418,0.040741364756858606,0.05511627722718258,0.014374912470323973,0.015227792950012578,0.020600666246698027,0.005372873296685449,0.015069569253830482,533,50418,0.18215702859334168,0.2013269024708778,0.019169873877536152,0.06808435437455403,0.0752494278085713,0.0071650734340172745,0.0673769269596505,533,50418,0.4386150669463532,0.45060522933307284,0.011990162386719662,0.16394000211027715,0.16842153362871404,0.004481531518436888,0.1622365909087237,533,50418,0.6446937041292288,0.6638748518019796,0.019181147672750747,0.24096547332778973,0.24813476053864814,0.0071692872108584105,0.23846173243983923,533,50418,0.8627292311252075,0.881911345208236,0.019182114083028497,0.3224600398612464,0.32962968828473727,0.007169648423490882,0.31910953335348424,533,50418,1.1574677097751804,1.1934304823909854,0.03596277261580504,0.43262366727208124,0.4460653783824011,0.013441711110319887,0.42812851055985496,533,50418,1.1574677097751804,0.43262366727208124,0.8627292311252075,0.3224600398612464,0.4386150669463532,0.16394000211027715,0.18215702859334168,0.06808435437455403,ok
hinkleypoint-p003-uk,Hinkleypoint P003 Uk,hinkleypoint-p003-uk-bodc.csv,51.215,-3.1343,25,0.6973044967150722,0.1511058580820806,hinkleypoint_p003_uk.7z,True,True,True,True,True,False,excluded: passed filters but outside top-30 fill after retaining focal core sites,0.6080124463089123,7.734000205993652,True,DeltaDTM_v1_1_N51W004.tif,10.0,-3.2060043039283497,51.16978141335215,-3.0625956960716505,51.26021858664786,DeltaDTM:DeltaDTM_v1_1_N51W004.tif,DeltaDTM_v1_1_N51W004.tif,EPSG:4326,"(0.00041666666666666664, 0.0002777777777777778)",-9999.0,101.0516579286043,39.67296726465254,13.45659080192025,14940,44054,68090,17880,16.0991841085314,True,False,0.0,0.0,0.0,0.0,0.0,0.0,0.0,773,68089,0.006695755521113816,0.006695755521113816,0.0,0.000901020421573269,0.000901020421573269,0.0,0.0008916433832385649,773,68089,0.020085930884292388,0.020085930884292388,0.0,0.002702881527855748,0.002702881527855748,0.0,0.0026747522833968805,773,68089,0.07364683475873375,0.07364683475873375,0.0,0.00991035319204917,0.00991035319204917,0.0,0.009807214839613122,773,68089,0.3213645329144466,0.3213645329144466,0.0,0.04324471017679939,0.04324471017679939,0.0,0.04279465677579772,773,68089,0.6561021604777307,0.6627966612749363,0.0066945007972055,0.08828898297804635,0.08918983455655759,0.0009008515785112331,0.08737014789052237,773,68089,0.9975385389269767,1.0042330397241825,0.0066945007972056035,0.13423467927485722,0.13513553085336846,0.000900851578511247,0.13283768126763204,773,68089,0.9975385389269767,0.13423467927485722,0.6561021604777307,0.08828898297804635,0.07364683475873375,0.00991035319204917,0.020085930884292388,0.002702881527855748,ok
mumbles-p932-uk,Mumbles P932 Uk,mumbles-p932-uk-bodc.csv,51.57,-3.9754,24,0.7773139067909542,0.1095724649800707,mumbles_p932_uk.7z,True,False,True,True,True,False,excluded: fewer than 25 metadata years,0.1105824341088979,5.824999809265137,True,DeltaDTM_v1_1_N51W004.tif;DeltaDTM_v1_1_N51W005.tif,10.0,-4.047662855830946,51.524781413352144,-3.903137144169054,51.615218586647856,DeltaDTM:mosaic(2),DeltaDTM_v1_1_N51W004.tif;DeltaDTM_v1_1_N51W005.tif,EPSG:4326,"(0.00041666666666666664, 0.0002777777777777778)",-9999.0,100.95204165067369,23.273805352393907,2.648825870999275,4445,39062,130458,30481,18.160588772813593,True,False,0.0,0.0,0.0,0.0,0.0,0.0,0.0,1047,130458,0.6750349433754633,0.6750349433754633,0.0,0.01788050021841458,0.01788050021841458,0.0,0.017711875783836865,1047,130458,0.9898369848521863,0.9898369848521863,0.0,0.026219058135483884,0.026219058135483884,0.0,0.025971795821832115,1047,130458,1.2372364867573578,1.2372364867573578,0.0,0.03277224014667141,0.03277224014667141,0.0,0.032463177178797264,1047,130458,1.777008074077609,1.822017116121453,0.04500904204384383,0.04706984959591366,0.04826206074585994,0.0011922111499462762,0.046625951121216924,1047,130458,2.564155230063867,2.6541735892103206,0.09001835914645337,0.06792000710651269,0.07030443669223299,0.002384429585720299,0.06727947844931914,1047,130458,3.4638149599813532,3.733870312480009,0.27005535249865553,0.09175042678352927,0.09890372282653194,0.007153296043002674,0.09088516218524342,1047,130458,3.4638149599813532,0.09175042678352927,2.564155230063867,0.06792000710651269,1.2372364867573578,0.03277224014667141,0.9898369848521863,0.026219058135483884,ok
devonport-p002-uk,Devonport P002 Uk,devonport-p002-uk-bodc.csv,50.368,-4.1852,24,0.7707618696915584,0.083010909323153,devonport_p002_uk.7z,True,False,True,True,True,False,excluded: fewer than 25 metadata years,0.2527009309996056,3.0480000972747803,True,DeltaDTM_v1_1_N50W005.tif,10.0,-4.255616651505235,50.322781413352146,-4.114783348494765,50.41321858664786,DeltaDTM:DeltaDTM_v1_1_N50W005.tif,DeltaDTM_v1_1_N50W005.tif,EPSG:4326,"(0.00041666666666666664, 0.0002777777777777778)",-9999.0,101.05688798485401,65.97616507610545,11.658586281693161,12711,71925,38263,46406,42.568944339925636,True,False,0.4638336100211854,0.4874315150021341,0.023597904980948707,0.054076441627812076,0.05682762374068795,0.002751182112875873,0.05351089144553593,414,38233,1.250053337341516,1.3130095635533838,0.06295622621186796,0.1457385469011455,0.15307835285375404,0.007339805952608552,0.14421436263007445,414,38233,2.5714442743552,2.642273833513677,0.07082955915847713,0.29979404941135956,0.3080517746787935,0.008257725267433957,0.29665869926282656,414,38233,3.9009369541812635,4.0111039389064045,0.11016698472514173,0.4547941005976758,0.46763801356579615,0.012843912968120375,0.45003770615402133,414,38233,5.340587530756274,5.545195035517802,0.2046075047615276,0.6226370052225665,0.6464913477040086,0.023854342481442137,0.616125251468148,414,38233,6.89044642692711,7.480578701081797,0.5901322741546872,0.8033286418771406,0.8721297222355828,0.06880108035844223,0.794927152315971,414,38233,8.896575339288274,9.911557492454696,1.0149821531664218,1.0372149120467595,1.1555474821174538,0.11833257007069431,1.02636735875165,414,38233,8.896575339288274,1.0372149120467595,6.89044642692711,0.8033286418771406,3.9009369541812635,0.4547941005976758,2.5714442743552,0.29979404941135956,ok
weymouth-p991-uk,Weymouth P991 Uk,weymouth-p991-uk-bodc.csv,50.608,-2.4479,24,0.7604782886380961,0.0851881857622836,weymouth_p991_uk.7z,True,False,True,True,True,False,excluded: fewer than 25 metadata years,0.8387611058243979,1.9019999504089355,True,DeltaDTM_v1_1_N50W003.tif,10.0,-2.518675225820206,50.56278141335214,-2.3771247741797943,50.65321858664785,DeltaDTM:DeltaDTM_v1_1_N50W003.tif,DeltaDTM_v1_1_N50W003.tif,EPSG:4326,"(0.00041666666666666664, 0.0002777777777777778)",-9999.0,101.05512406220632,44.54182410277702,14.701026667421198,16122,48836,62004,18182,16.58581102843788,True,False,1.190626131338149,2.642362870413986,1.4517367390758371,0.17503426507730663,0.38845447022959634,0.2134202051522897,0.173206719304566,721,61771,4.298439935506903,5.936494154963874,1.6380542194569705,0.6319148012019524,0.8727255888311398,0.2408107876291874,0.6253169317895902,721,61771,6.202200240704761,9.254915833118476,3.0527155924137146,0.9117871113528687,1.360567644674134,0.4487805333212652,0.9022670743460783,721,61771,11.046928130232438,12.200716192492928,1.1537880622604915,1.6240118503563246,1.7936305410747617,0.16961869071843716,1.6070554219067947,721,61771,14.184598232501504,15.598837108256788,1.4142388757552848,2.085281568826602,2.293189203092424,0.20790763426582215,2.0635089889583127,721,61771,18.420096658815822,19.642168035790807,1.2220713769749818,2.7079433219772753,2.887600361001289,0.17965703902401353,2.6796694844591467,721,61771,23.046737345873318,24.082573427446388,1.0358360815730654,3.3881070031873572,3.5403855417701844,0.15227853858282714,3.3527315261141495,721,61771,23.046737345873318,3.3881070031873572,18.420096658815822,2.7079433219772753,11.046928130232438,1.6240118503563246,6.202200240704761,0.9117871113528687,ok
barmouth-p923-uk,Barmouth P923 Uk,barmouth-p923-uk-bodc.csv,52.719,-4.0452,24,0.7558635606661144,0.1478476427277813,barmouth_p923_uk.7z,True,False,True,True,True,False,excluded: fewer than 25 metadata years,1.5441251059325087,3.525000095367432,True,DeltaDTM_v1_1_N52W005.tif,10.0,-4.1193517851251045,52.673781413352145,-3.9710482148748967,52.76421858664786,DeltaDTM:mosaic(2),DeltaDTM_v1_1_N52W004.tif;DeltaDTM_v1_1_N52W005.tif,EPSG:4326,"(0.00041666666666666664, 0.0002777777777777778)",-9999.0,100.94694232703336,60.2575088548322,8.719828542240261,15037,103910,70174,85376,49.509230711415285,True,False,1.283297113246883,1.5093706576739134,0.22607354442703056,0.11190130796264702,0.13161453341604945,0.019713225453402428,0.11085160717411854,554,69800,1.496120910893338,2.8193144250625424,1.3231935141692042,0.13045917821450229,0.24583938393210047,0.11538020571759819,0.12923539357126781,554,69800,12.815554547011466,14.371617863260871,1.556063316249404,1.1174943832366755,1.2531804364223214,0.13568605318564586,1.1070116216263175,554,69800,22.52440685553558,30.050707956628543,7.52630110109296,1.9640896579593137,2.6203702095473607,0.656280551588047,1.945665329412692,554,69800,43.66790820270907,46.240209288193704,2.5723010854846375,3.8077667232591015,4.032066967503547,0.2243002442444455,3.7720476078643848,554,69800,53.169292381343425,55.17062849905796,2.0013361177145357,4.636271132775561,4.810784210794196,0.17451307801863525,4.5927801535143455,554,69800,59.82654106717277,60.97654557157067,1.1500045043978935,5.216771803810422,5.317050224821958,0.10027842101153617,5.167835383175725,554,69800,59.82654106717277,5.216771803810422,53.169292381343425,4.636271132775561,22.52440685553558,1.9640896579593137,12.815554547011466,1.1174943832366755,ok
portsmouth-p008-uk,Portsmouth P008 Uk,portsmouth-p008-uk-bodc.csv,50.803,-1.1118,24,0.7379678007041195,0.0937892725726989,portsmouth_p008_uk.7z,True,False,True,True,True,False,excluded: fewer than 25 metadata years,0.68924288062033,2.7669999599456787,True,DeltaDTM_v1_1_N50W002.tif,10.0,-1.182870189887799,50.75778141335214,-1.040729810112201,50.84821858664785,DeltaDTM:DeltaDTM_v1_1_N50W002.tif,DeltaDTM_v1_1_N50W002.tif,EPSG:4326,"(0.00041666666666666664, 0.0002777777777777778)",-9999.0,101.05424988290653,63.63684548097652,62.97722000493991,69263,69988,41178,13,0.011826048861717602,True,False,6.331078350389934,6.8493994265517975,0.5183210761618635,3.987137141410189,4.313561345876618,0.32642420446642895,3.945541277116163,644,40883,8.82922787435585,9.525140978103563,0.6959131037477138,5.5604022631705625,5.998668989560966,0.4382667263904034,5.502393288370857,644,40883,10.004552739513324,11.244756532857615,1.2402037933442913,6.300589189273548,7.081635060717593,0.7810458714440447,6.2348582039589235,644,40883,11.94225656162482,13.49860684137073,1.5563502797459103,7.520901188368835,8.501047328091914,0.9801461397230797,7.442439280963883,644,40883,15.635628847856959,17.1731800085351,1.5375511606781378,9.846884378670728,10.815191355819506,0.968306977148778,9.744156618925476,644,40883,21.21601575835786,22.565939885835608,1.3499241274777505,13.361256920423749,14.211401608085177,0.8501446876614285,13.22186541971831,644,40883,27.23983985885466,28.85685297534154,1.6170131164868828,17.15489387690421,18.17324378478289,1.0183499078786795,16.975925205304982,644,40883,27.23983985885466,17.15489387690421,21.21601575835786,13.361256920423749,11.94225656162482,7.520901188368835,10.004552739513324,6.300589189273548,ok
malin-head-834a-ireland,Malin Head 834a,malin_head-834a-ireland-uhslc.csv,55.367,-7.3333,24,0.6885279071228492,0.144730534047053,malin_head_834a_ireland.7z,True,False,True,True,True,False,excluded: fewer than 25 metadata years,0.3437271698171449,2.555000066757202,True,DeltaDTM_v1_1_N55W008.tif,10.0,-7.412332476593652,55.32178141335214,-7.254267523406349,55.41221858664785,DeltaDTM:DeltaDTM_v1_1_N55W008.tif,DeltaDTM_v1_1_N55W008.tif,EPSG:4326,"(0.00041666666666666664, 0.0002777777777777778)",-9999.0,101.024458408232,35.53640549312857,3.6960178786724707,4521,43481,80073,33480,27.36043443141961,True,False,0.19911928512996077,0.24336583783809887,0.044246552708138084,0.007359484378288165,0.008994844877077187,0.001635360498789022,0.007284854078157053,1088,80058,1.6591467700933527,1.6812688020077164,0.02212203191436365,0.06132236125606715,0.06213999551074766,0.0008176342546805104,0.06070050977978843,1088,80058,4.910935910155424,4.910935910155424,0.0,0.1815090692494911,0.1815090692494911,0.0,0.1796684408007683,1088,80058,8.383886396125352,8.383886396125352,0.0,0.3098699401283821,0.3098699401283821,0.0,0.30672764299930394,1088,80058,11.436547972496486,11.458676381811301,0.02212840931481434,0.4226968577664241,0.42351472773096543,0.0008178699645413623,0.41841041706785387,1088,80058,13.670892893637248,13.759388953764185,0.0884960601269381,0.505278645522997,0.5085494757272093,0.0032708302042123716,0.5001547679485746,1088,80058,15.684022493699981,15.993676025176715,0.3096535314767346,0.5796842754621632,0.591129125347484,0.011444849885320796,0.5738058729498,1088,80058,15.684022493699981,0.5796842754621632,13.670892893637248,0.505278645522997,8.383886396125352,0.3098699401283821,4.910935910155424,0.1815090692494911,ok
kinlochbervi-p918-uk,Kinlochbervi P918 Uk,kinlochbervi-p918-uk-bodc.csv,58.457,-5.0504,23,0.8256525914192668,0.1108674425864257,kinlochbervi_p918_uk.7z,True,False,True,True,True,False,excluded: fewer than 25 metadata years,2.3143094507348865,3.151000022888184,True,DeltaDTM_v1_1_N58W006.tif,10.0,-5.136257902794425,58.411781413352145,-4.964542097205575,58.50221858664786,DeltaDTM:mosaic(2),DeltaDTM_v1_1_N58W005.tif;DeltaDTM_v1_1_N58W006.tif,EPSG:4326,"(0.00041666666666666664, 0.0002777777777777778)",-9999.0,100.92120603148851,71.32400714994499,4.029586519762683,8046,142375,59093,123810,62.02684898419048,True,False,0.14920655525879722,0.27353913648796796,0.12433258122917074,0.006012407237310752,0.011022496170194403,0.005010088932883652,0.005957526147116014,914,53029,2.026248684878451,2.1877823097012263,0.16153362482277542,0.08164944386273071,0.0881585810334733,0.006509137170742585,0.08090414995363333,914,53029,5.680341517549318,5.92883641967918,0.24849490212986164,0.22889427606765034,0.23890759314617271,0.010013317078522377,0.22680493532373447,914,53029,9.061064881192388,9.396513196465177,0.335448315272788,0.365123448999479,0.3786406290924823,0.01351718009300329,0.36179061205982477,914,53029,12.366919659946538,12.913578431254876,0.5466587713083394,0.49833572752708666,0.5203638156848278,0.022028088157741155,0.493786932521992,914,53029,16.19481600002209,16.865695320730943,0.6708793207088521,0.6525841224372603,0.6796177851084196,0.027033662671159364,0.6466273522669229,914,53029,19.239378815012998,20.009709876445537,0.7703310614325366,0.7752674152158412,0.8063085718248715,0.031041156609030285,0.7681907952764152,914,53029,19.239378815012998,0.7752674152158412,16.19481600002209,0.6525841224372603,9.061064881192388,0.365123448999479,5.680341517549318,0.22889427606765034,ok
porterin-p919-uk,Porterin P919 Uk,porterin-p919-uk-bodc.csv,54.085,-4.7681,23,0.8076482420015287,0.1076303373259787,porterin_p919_uk.7z,True,False,True,True,True,False,excluded: fewer than 25 metadata years,0.4449054440314385,3.640000104904175,True,DeltaDTM_v1_1_N54W005.tif,10.0,-4.844671348237874,54.039781413352145,-4.691528651762125,54.13021858664786,DeltaDTM:DeltaDTM_v1_1_N54W005.tif,DeltaDTM_v1_1_N54W005.tif,EPSG:4326,"(0.00041666666666666664, 0.0002777777777777778)",-9999.0,101.03244780425483,33.493711421674604,2.8577965471403353,3394,39764,80204,29862,25.15504161025064,True,False,6.893912444988103,6.982292224514921,0.08837977952681765,0.19701399181574786,0.1995397061034355,0.002525714287687636,0.19500071125412335,1088,80204,13.69961883587632,13.69961883587632,0.0,0.3915072340630605,0.3915072340630605,0.0,0.3875064324102942,1088,80204,19.208957567067994,19.208957567067994,0.0,0.5489529260933212,0.5489529260933212,0.0,0.5433431912457365,1088,80204,22.65594574261125,22.65594574261125,0.0,0.6474608351543322,0.6474608351543322,0.0,0.6408444506944484,1088,80204,25.454698761904126,25.454698761904126,0.0,0.7274435023026697,0.7274435023026697,0.0,0.7200097771678798,1088,80204,27.48750773537303,27.48750773537303,0.0,0.785537046956423,0.785537046956423,0.0,0.777509665487231,1088,80204,28.960539585717072,28.960539585717072,0.0,0.8276333003138325,0.8276333003138325,0.0,0.8191757383898383,1088,80204,28.960539585717072,0.8276333003138325,27.48750773537303,0.785537046956423,22.65594574261125,0.6474608351543322,19.208957567067994,0.5489529260933212,ok
workington-p217-uk,Workington P217 Uk,workington-p217-uk-bodc.csv,54.651,-3.5676,23,0.7946634680850224,0.1453387625418261,workington_p217_uk.7z,True,False,True,True,True,False,excluded: fewer than 25 metadata years,1.112541052229465,5.426000118255615,True,DeltaDTM_v1_1_N54W004.tif,10.0,-3.6452339829544997,54.60578141335215,-3.4899660170455005,54.69621858664786,DeltaDTM:DeltaDTM_v1_1_N54W004.tif,DeltaDTM_v1_1_N54W004.tif,EPSG:4326,"(0.00041666666666666664, 0.0002777777777777778)",-9999.0,101.02875768730568,44.322124111577786,9.394269737237606,11306,53354,68244,36313,30.162914767359773,True,False,0.035348575711641704,0.053035462568629926,0.017686886856988233,0.0033207405506232787,0.00498229441008878,0.001661553859465501,0.0032869260462464658,810,68108,0.27404110915930585,0.27404110915930585,0.0,0.02574416098534294,0.02574416098534294,0.0,0.02548201281958128,810,68108,1.3883669057491594,1.3883669057491594,0.0,0.13042693206861544,0.13042693206861544,0.0,0.12909881805366757,810,68108,2.6709931961821813,2.6709931961821813,0.0,0.2509203055126181,0.2509203055126181,0.0,0.24836522912539624,810,68108,3.8652373800261217,3.8652373800261217,0.0,0.36311082546418966,0.36311082546418966,0.0,0.3594133331700017,810,68108,4.829477042098986,4.847163081103391,0.01768603900440449,0.4536941002327429,0.45535557444264974,0.0016614742099068103,0.44907421472703096,810,68108,5.572453028263845,5.6255191991136355,0.05306617084979042,0.5234912684559709,0.5284764476848236,0.004985179228852665,0.5181606509269666,810,68108,5.572453028263845,0.5234912684559709,4.829477042098986,0.4536941002327429,2.6709931961821813,0.2509203055126181,1.3883669057491594,0.13042693206861544,ok
sthelier-p074-uk,Sthelier P074 Uk,sthelier-p074-uk-bodc.csv,49.183,-2.1167,23,0.7696754529322409,0.0970682422719911,sthelier_p074_uk.7z,True,False,True,True,True,False,excluded: fewer than 25 metadata years,0.1134006952303961,6.500999927520752,True,DeltaDTM_v1_1_N49W003.tif,10.0,-2.1854155051571222,49.137781413352144,-2.0479844948428774,49.228218586647856,DeltaDTM:DeltaDTM_v1_1_N49W003.tif,DeltaDTM_v1_1_N49W003.tif,EPSG:4326,"(0.0002777777777777778, 0.0002777777777777778)",-9999.0,100.96186647562044,55.24005700232733,7.910415593376336,12644,88258,73112,69306,43.382636125937374,True,False,0.007908516375363888,0.007908516375363888,0.0,0.0006255965125615061,0.0006255965125615061,0.0,0.0006196364373994321,726,72931,0.15023547750782199,0.1660539779845122,0.015818500476690207,0.011884250639562149,0.013135559767908561,0.0012513091283464124,0.01177102905722516,726,72931,0.4744429213539307,0.4744429213539307,0.0,0.03753040683245156,0.03753040683245156,0.0,0.037172853615492676,726,72931,0.9172546192881218,0.9172546192881218,0.0,0.07255865243513233,0.07255865243513233,0.0,0.07186738415999201,726,72931,1.5893784648372005,1.5893784648372005,0.0,0.12572644192024732,0.12572644192024732,0.0,0.1245286426540132,726,72931,2.5066440256491807,2.514552453068002,0.007908427418821065,0.1982859598753891,0.19891154935111838,0.0006255894757292713,0.19639688408818176,726,72931,3.4793281462899097,3.5346813556585963,0.055353209368686616,0.27522931622884883,0.27960798513418367,0.004378668905334837,0.27260719897181107,726,72931,3.4793281462899097,0.27522931622884883,2.5066440256491807,0.1982859598753891,0.9172546192881218,0.07255865243513233,0.4744429213539307,0.03753040683245156,ok
gladstone-p234-uk,Gladstone P234 Uk,gladstone-p234-uk-bodc.csv,53.45,-3.018,23,0.7675975524111014,0.1541187337787804,gladstone_p234_uk.7z,True,False,True,True,True,False,excluded: fewer than 25 metadata years,0.7239068768526228,5.577000141143799,True,DeltaDTM_v1_1_N53W004.tif;DeltaDTM_v1_1_N53W003.tif,10.0,-3.0934219047493476,53.40478141335215,-2.942578095250652,53.49521858664786,DeltaDTM:mosaic(2),DeltaDTM_v1_1_N53W003.tif;DeltaDTM_v1_1_N53W004.tif,EPSG:4326,"(0.00041666666666666664, 0.0002777777777777778)",-9999.0,100.94380329924729,68.08544478648474,25.715015471368755,45095,119403,57615,31326,17.856418529640433,True,False,0.07316357558693513,0.1329980293627128,0.05983445377577766,0.018814024781586943,0.034200463827237154,0.015386439045650211,0.018638117612641242,814,56736,0.10863775721743438,0.1773339955356457,0.06869623831821133,0.027936216076211277,0.04560146438798767,0.017665248311776394,0.027675018340050584,814,56736,0.303701158448927,0.38790649356261797,0.084205335113691,0.07809679988186771,0.09975021483407126,0.021653414952203548,0.07736661125235218,814,56736,0.49211330867153125,0.5851824051416091,0.09306909647007781,0.12654701346154895,0.15047974601789257,0.023932732556343622,0.12536382554003944,814,56736,0.6583820968674948,0.817921669204259,0.15953957233676425,0.1693030580701983,0.21032868377955277,0.041025625709354474,0.16772011013722202,814,56736,0.8667818687148491,1.3520138626906977,0.4852319939758487,0.22289309164304263,0.34767057396596324,0.1247774823229206,0.22080908818372677,814,56736,1.0419310668675108,2.1231621303157056,1.0812310634481948,0.2679327350459779,0.5459714702929261,0.2780387352469482,0.26542762040745876,814,56736,1.0419310668675108,0.2679327350459779,0.8667818687148491,0.22289309164304263,0.49211330867153125,0.12654701346154895,0.303701158448927,0.07809679988186771,ok
llandudno-p007-uk,Llandudno P007 Uk,llandudno-p007-uk-bodc.csv,53.332,-3.8252,21,0.6694648359059243,0.1947741704252152,llandudno_p007_uk.7z,True,False,True,True,True,False,excluded: fewer than 25 metadata years,0.5884438931502196,5.040999889373779,True,DeltaDTM_v1_1_N53W004.tif,10.0,-3.9004131099489068,53.286781413352145,-3.7499868900510935,53.37721858664786,DeltaDTM:DeltaDTM_v1_1_N53W004.tif,DeltaDTM_v1_1_N53W004.tif,EPSG:4326,"(0.00041666666666666664, 0.0002777777777777778)",-9999.0,101.03778617326456,30.545064213698815,10.771862714456901,12554,35597,82089,16735,14.360812700954707,True,False,0.047775484506768856,0.06369988304171008,0.015924398534941223,0.005146309602235768,0.006861663950522623,0.0017153543482868547,0.00509345047743883,957,82089,0.0716633828194427,0.10351217988932516,0.031848797069882445,0.007719481213846063,0.011150189910419772,0.0034307086965737095,0.0076401923539855835,957,82089,0.2070981594917701,0.2947114782827445,0.0876133187909744,0.02230832942462047,0.031745915844363704,0.009437586419743235,0.022079194595935672,957,82089,0.5257753395906156,0.940029506853227,0.4142541672626112,0.056635797767170676,0.10125868795361583,0.04462289018644515,0.05605407631363659,957,82089,0.987832908602645,2.3340878323437373,1.3462549237410921,0.10640800476290345,0.25142473693491035,0.1450167321720069,0.10531505963563945,957,82089,1.6251108218101247,6.746949271628596,5.121838449818472,0.17505470668316894,0.7267721129538822,0.5517174062707133,0.17325667288768237,957,82089,2.246418931672426,11.319269509069592,9.072850577397165,0.2419811633113231,1.2192961717963562,0.977315008485033,0.23949570994792177,957,82089,2.246418931672426,0.2419811633113231,1.6251108218101247,0.17505470668316894,0.5257753395906156,0.056635797767170676,0.2070981594917701,0.02230832942462047,ok
portellen-p202-uk,Portellen P202 Uk,portellen-p202-uk-bodc.csv,55.627,-6.1901,20,0.8195141029226296,0.1144683827010911,portellen_p202_uk.7z,True,False,True,True,True,False,excluded: fewer than 25 metadata years,0.0690480110244961,1.437000036239624,True,DeltaDTM_v1_1_N55W007.tif,10.0,-6.269655968510964,55.58178141335215,-6.110544031489036,55.67221858664786,DeltaDTM:DeltaDTM_v1_1_N55W007.tif,DeltaDTM_v1_1_N55W007.tif,EPSG:4326,"(0.00041666666666666664, 0.0002777777777777778)",-9999.0,101.02235954764704,59.130124797339256,9.829153277549567,12111,72863,51669,48700,39.51980444460219,True,False,0.22280088416640545,0.27233041513783535,0.04952953097142988,0.021899440408451657,0.026767773925284885,0.004868333516833228,0.02167781519508344,659,51210,1.4110937002048876,1.4276110434114313,0.016517343206543956,0.13869856268298417,0.1403220776641343,0.001623514981150126,0.13729491501093596,659,51210,3.2596533778473606,3.267905868089627,0.008252490242266616,0.320396326825439,0.3212074767405662,0.0008111499151272072,0.31715387391473926,659,51210,4.447986496583245,4.481009465092027,0.033022968508782016,0.43719941051387423,0.44044528870539934,0.003245878191525109,0.4327748950544654,659,51210,5.73530300812801,5.776602955625818,0.041299947497807805,0.5637317236008133,0.5677911587439203,0.004059435143107026,0.5580266845132735,659,51210,6.799916636727389,6.948602535746329,0.14868589901894053,0.6683742289695285,0.6829887938862027,0.014614564916674233,0.6616101939831357,659,51210,8.071123205220514,8.128923741186878,0.0578005359663617,0.793323071060996,0.7990043743363748,0.005681303275378857,0.7852945373809312,659,51210,8.071123205220514,0.793323071060996,6.799916636727389,0.6683742289695285,4.447986496583245,0.43719941051387423,3.2596533778473606,0.320396326825439,ok
saint-malo,Saint Malo France,saint-malo-france-refmar.csv,48.64100000000001,-2.0281,20,0.7246898262478763,0.100409667177574,saint_malo_.7z,True,False,True,True,True,False,excluded: fewer than 25 metadata years,0.1294324044256098,7.427999973297119,True,DeltaDTM_v1_1_N48W003.tif;DeltaDTM_v1_1_N48W002.tif,10.0,-2.096074066293892,48.59578141335216,-1.9601259337061077,48.68621858664787,DeltaDTM:mosaic(2),DeltaDTM_v1_1_N48W003.tif;DeltaDTM_v1_1_N48W002.tif,EPSG:4326,"(0.0002777777777777778, 0.0002777777777777778)",-9999.0,100.96437422197967,55.27378528577336,10.170424358614818,16057,87295,72119,44551,28.20208554110608,True,False,0.0,0.006228217321997134,0.006228217321997134,0.0,0.0006334361316238641,0.0006334361316238641,0.0,725,71352,0.0560776178271621,0.0934445857932128,0.0373669679660507,0.00570333170322462,0.009503710915319636,0.0038003792120950165,0.0056488555960197495,725,71352,0.3364623105641279,0.5419739355685681,0.20551162500444023,0.0342196447911723,0.05512104916040903,0.02090140436923673,0.03389279144734478,725,71352,1.046811664619331,1.5450233944825735,0.49821172986324247,0.1064651885272657,0.15713543565875318,0.050670247131487475,0.10544827256908658,725,71352,1.8132281923495692,2.647727003245465,0.8344988108958956,0.18441300175199174,0.2692850720876989,0.08487207033570718,0.1826515572181356,725,71352,2.4548849301317537,3.8560874508217826,1.401202520690029,0.24967221491008423,0.3921804573878678,0.14250824247778354,0.24728743859805083,725,71352,2.934372733507182,4.920972717967506,1.9865999844603235,0.2984381592611659,0.5004838079889569,0.20204564872779096,0.2955875887518716,725,71352,2.934372733507182,0.2984381592611659,2.4548849301317537,0.24967221491008423,1.046811664619331,0.1064651885272657,0.3364623105641279,0.0342196447911723,ok
newport-p057-uk,Newport P057 Uk,newport-p057-uk-bodc.csv,51.55,-2.9874,20,0.5756239262099345,0.1985547948307252,newport_p057_uk.7z,True,False,True,True,False,False,excluded: fewer than 25 metadata years,0.7106021951361563,8.60200023651123,True,DeltaDTM_v1_1_N51W004.tif;DeltaDTM_v1_1_N51W003.tif,10.0,-3.059631083027109,51.50478141335214,-2.915168916972891,51.59521858664785,DeltaDTM:mosaic(2),DeltaDTM_v1_1_N51W004.tif;DeltaDTM_v1_1_N51W003.tif,EPSG:4326,"(0.00041666666666666664, 0.0002777777777777778)",-9999.0,100.95204165068154,69.1773632805654,49.5756701203258,83239,116132,53388,22680,13.51575880377481,True,False,0.002403287080856337,0.002403287080856337,0.0,0.0011914456752497452,0.0011914456752497452,0.0,0.0011802095884028132,672,51982,0.006007042275810634,0.007208781323259624,0.00120173904744899,0.0029780314626443915,0.0035738016485148483,0.0005957701858704569,0.0029499467409971757,672,51982,0.026424064083308194,0.028827652357945162,0.00240358827463697,0.013099906842324363,0.014291501836409218,0.001191594994084855,0.012976366429173573,672,51982,0.07926482936630293,0.08647331616827554,0.0072084868019726125,0.03929607032807747,0.042869725965690636,0.0035736556376131656,0.03892548351231109,672,51982,0.2125751441250839,0.22819261545369537,0.015617471328611446,0.10538555220925874,0.11312801827626762,0.007742466067008874,0.10439169974780522,672,51982,0.4827820194259586,0.5080066948802414,0.02522467545428284,0.23934242135086048,0.25184772324299853,0.012505301892138054,0.2370852708249756,672,51982,0.8418653056431278,0.9595621193139,0.11769681367077224,0.4173603667831096,0.4757093508706662,0.058348984087556566,0.41342439435477424,672,51982,0.8418653056431278,0.4173603667831096,0.4827820194259586,0.23934242135086048,0.07926482936630293,0.03929607032807747,0.026424064083308194,0.013099906842324363,ok
portrush-p935-uk,Portrush P935 Uk,portrush-p935-uk-bodc.csv,55.207,-6.6568,19,0.8141379251676881,0.1043191308536626,portrush_p935_uk.7z,True,False,True,True,True,False,excluded: fewer than 25 metadata years,0.4513471141496154,2.005000114440918,True,DeltaDTM_v1_1_N55W007.tif,10.0,-6.735514539923892,55.161781413352145,-6.578085460076108,55.25221858664786,DeltaDTM:DeltaDTM_v1_1_N55W007.tif,DeltaDTM_v1_1_N55W007.tif,EPSG:4326,"(0.00041666666666666664, 0.0002777777777777778)",-9999.0,101.02516545157779,42.30527590343281,4.629706201300199,5649,51635,71593,38789,31.778288461814718,True,False,0.106219599285911,0.12390823629894723,0.01768863701303624,0.004917655375136044,0.005736587299854065,0.0008189319247180211,0.004867752854602467,842,71520,1.57531790081264,1.57531790081264,0.0,0.07293259054411491,0.07293259054411491,0.0,0.07219249799602864,842,71520,4.903148533168883,4.920840513645513,0.017691980476629402,0.22700137169907955,0.22782045841633888,0.0008190867172593319,0.22469784700118428,842,71520,7.558493202679446,7.770749044992729,0.21225584231328296,0.3499360285293044,0.3597628504235044,0.009826821894200033,0.3463850090867029,842,71520,9.66510805491359,10.195806531038524,0.5306984761249343,0.44746610698069955,0.4720358872400613,0.02456978025936174,0.4429253889172533,842,71520,12.514366706809621,12.77993855028767,0.26557184347804674,0.5793784114786126,0.591673607585023,0.012295196106410389,0.5734990968723664,842,71520,14.266625182846736,15.045735274234051,0.7791100913873151,0.6605028308065113,0.6965733390224255,0.03607050821591418,0.6538002960491025,842,71520,14.266625182846736,0.6605028308065113,12.514366706809621,0.5793784114786126,7.558493202679446,0.3499360285293044,4.903148533168883,0.22700137169907955,ok
bangor-p662-uk,Bangor P662 Uk,bangor-p662-uk-bodc.csv,54.665,-5.6695,19,0.8043633796544759,0.1072522900380858,bangor_p662_uk.7z,True,False,True,True,True,False,excluded: fewer than 25 metadata years,2.8109575972725023,2.615000009536743,True,DeltaDTM_v1_1_N54W006.tif,10.0,-5.747160737635251,54.61978141335214,-5.59183926236475,54.710218586647855,DeltaDTM:DeltaDTM_v1_1_N54W006.tif,DeltaDTM_v1_1_N54W006.tif,EPSG:4326,"(0.00041666666666666664, 0.0002777777777777778)",-9999.0,101.02875768739938,57.78215724338818,4.947409861602784,5954,69579,52019,42541,35.32408727978043,True,False,5.475925340970419,5.610312993617363,0.13438765264694424,0.2709164703331764,0.2775651783130078,0.006648707979831414,0.26815777659212564,629,51695,11.842153955224868,11.842153955224868,0.0,0.5858798926069793,0.5858798926069793,0.0,0.5799139829273107,629,51695,14.98316276943099,14.98316276943099,0.0,0.7412784724348256,0.7412784724348256,0.0,0.7337301669376859,629,51695,16.71324283743215,16.71324283743215,0.0,0.8268726243327391,0.8268726243327391,0.0,0.8184527289657738,629,51695,18.577633024641802,18.577633024641802,0.0,0.919111648313504,0.919111648313504,0.0,0.9097524995381968,629,51695,20.223728718392945,20.240521106790908,0.01679238839796337,1.000550748997567,1.0013815372771664,0.0008307882795994814,0.9903623204923946,629,51695,22.239237175304886,22.272826208576046,0.03358903327115985,1.1002662131562664,1.1019280003007408,0.0016617871444744026,1.089062399995734,629,51695,22.239237175304886,1.1002662131562664,20.223728718392945,1.000550748997567,16.71324283743215,0.8268726243327391,14.98316276943099,0.7412784724348256,ok
stmarys-p231-uk,Stmarys P231 Uk,stmarys-p231-uk-bodc.csv,49.918,-6.3164,18,0.818359394065871,0.0685564391477133,stmarys_p231_uk.7z,True,False,True,True,True,False,excluded: fewer than 25 metadata years,0.4687108841051639,3.371000051498413,True,DeltaDTM_v1_1_N49W007.tif,10.0,-6.386157298238616,49.87278141335214,-6.246642701761384,49.963218586647855,DeltaDTM:DeltaDTM_v1_1_N49W007.tif,DeltaDTM_v1_1_N49W007.tif,EPSG:4326,"(0.0002777777777777778, 0.0002777777777777778)",-9999.0,100.95901668826791,16.01035118980212,9.695980960218588,15713,25946,137706,4329,2.6713393981337545,True,False,4.537595103980873,4.5694201243652754,0.031825020384403026,0.43996435733379624,0.44305010525085364,0.003085747917057402,0.4357851054475682,1421,137522,16.616153028128927,16.679813532970968,0.06366050484204407,1.611099033928165,1.6172715443568286,0.0061725104286636245,1.595795092678815,1421,137522,22.973826276762615,23.158432614481683,0.1846063377190671,2.227537821628598,2.2454372169851955,0.01789939535659757,2.2063782856627725,1421,137522,27.301304700536143,27.7786924896215,0.4773877890853493,2.647129305655247,2.693416734791371,0.046287429136123937,2.6219840411370217,1421,137522,30.24779844845995,31.482548849757833,1.2347504012978876,2.93282077844797,3.052541942264036,0.11972116381606579,2.904961710853096,1421,137522,32.98416815840004,35.51737393754318,2.5332057791431333,3.1981386645249503,3.4437578145538255,0.24561915002887513,3.1677593239639728,1421,137522,35.472279594779174,39.19589374709556,3.723614152316385,3.439385475665292,3.8004263949058936,0.36104091924060144,3.4067145149453215,1421,137522,35.472279594779174,3.439385475665292,32.98416815840004,3.1981386645249503,27.301304700536143,2.647129305655247,22.973826276762615,2.227537821628598,ok
bournemouth-p988-uk,Bournemouth P988 Uk,bournemouth-p988-uk-bodc.csv,50.714,-1.8749,17,0.7499152349681946,0.0864003302209651,bournemouth_p988_uk.7z,True,False,True,True,True,False,excluded: fewer than 25 metadata years,0.8253959847359706,1.3949999809265137,True,DeltaDTM_v1_1_N50W002.tif,10.0,-1.9458351589147225,50.66878141335214,-1.8039648410852775,50.759218586647854,DeltaDTM:DeltaDTM_v1_1_N50W002.tif,DeltaDTM_v1_1_N50W002.tif,EPSG:4326,"(0.00041666666666666664, 0.0002777777777777778)",-9999.0,101.05512406218844,52.620526723300124,9.97670478821969,10937,57690,53150,38136,34.785020693460694,True,False,0.03655696948128565,0.03655696948128565,0.0,0.0036471809246674362,0.0036471809246674362,0.0,0.0036091004375225872,606,53133,0.35640789150013563,0.3746982271661904,0.018290335666054775,0.03555776317688687,0.03738253597106361,0.0018247727941767405,0.035186501928397944,606,53133,1.4986351929766364,1.5809061480675397,0.08227095509090332,0.14951440905564548,0.1577223393715137,0.008207930315868223,0.14795331799665656,606,53133,2.6681205484690818,2.9606437582658844,0.2925232097968028,0.2661905105145883,0.29537468759303986,0.029184177078451556,0.2634111956072381,606,53133,3.782687839423233,4.641957365806896,0.8592695263836635,0.37738759879914163,0.46311438278157324,0.08572678398243161,0.3734472668272621,606,53133,5.198601798810834,7.07285208100058,1.8742502821897449,0.5186491545824354,0.7056375722288808,0.18698841764644536,0.5132339002060532,606,53133,6.6784232960621885,10.198762659002796,3.5203393629406063,0.6662865767558157,1.0175004425398937,0.351213865784078,0.6593298290800066,606,53133,6.6784232960621885,0.6662865767558157,5.198601798810834,0.5186491545824354,2.6681205484690818,0.2661905105145883,1.4986351929766364,0.14951440905564548,ok
concarneau,Concarneau France,concarneau-france-refmar.csv,47.874,-3.9072,15,0.7697711680005387,0.0905170437265566,concarneau_.7z,True,False,True,True,True,False,excluded: fewer than 25 metadata years,1.3732495120914947,3.0350000858306885,True,DeltaDTM_v1_1_N47W004.tif,10.0,-3.974161866041084,47.82878141335215,-3.8402381339589162,47.91921858664786,DeltaDTM:DeltaDTM_v1_1_N47W004.tif,DeltaDTM_v1_1_N47W004.tif,EPSG:4326,"(0.0002777777777777778, 0.0002777777777777778)",-9999.0,100.9673789991377,68.6700273659658,11.8075814291434,18381,106852,50280,67250,43.229762698204844,True,False,0.5330621873370588,0.5330621873370588,0.0,0.06294175183779616,0.06294175183779616,0.0,0.062338700342348896,557,49944,2.023605514028166,2.0399319712018507,0.01632645717368484,0.23893886887351157,0.24086662859878863,0.0019277597252770617,0.23664957062572875,557,49944,3.487071559695796,3.5033967308491936,0.016325171153397516,0.41173881390358197,0.4136664217809664,0.0019276078773844407,0.4077939013422329,557,49944,4.602427134555769,4.651398234852324,0.048971100296554444,0.5434353316296637,0.5492176341739269,0.0057823025442631515,0.5382286209829265,557,49944,5.4675077231874605,5.511039417016464,0.0435316938290042,0.6455804265600638,0.6507204667564088,0.005140040196345064,0.6393950530948984,557,49944,6.3271552282575625,6.414198762989783,0.08704353473222048,0.7470840057248157,0.7573617419671274,0.010277736242311653,0.7399261158707469,557,49944,7.197678471739277,7.458804725094646,0.261126253355369,0.8498717465585394,0.8807044415563459,0.030832694997806498,0.8417290366285507,557,49944,7.197678471739277,0.8498717465585394,6.3271552282575625,0.7470840057248157,4.602427134555769,0.5434353316296637,3.487071559695796,0.41173881390358197,ok
le-crouesty,Le Crouesty France,le_crouesty-france-refmar.csv,47.543,-2.8952,12,0.7934613215579938,0.0874937088052527,le_crouesty_.7z,True,False,True,True,True,False,excluded: fewer than 25 metadata years,0.1991009900528072,3.13100004196167,True,DeltaDTM_v1_1_N47W003.tif,10.0,-2.961737951122846,47.49778141335214,-2.828662048877154,47.588218586647855,DeltaDTM:DeltaDTM_v1_1_N47W003.tif,DeltaDTM_v1_1_N47W003.tif,EPSG:4326,"(0.0002777777777777778, 0.0002777777777777778)",-9999.0,100.96869370136932,27.2214536480761,22.002630764206092,34024,42098,114056,3036,1.961628433529893,True,False,0.044096974372280974,0.193945427325949,0.14984845295366803,0.00970249444931957,0.042673096258590226,0.03297060180927065,0.009609408712383872,1145,113649,0.12639949675403464,0.7669546063591218,0.6405551096050872,0.027811214558604906,0.16875019016626788,0.14093897560766297,0.027544393751256124,1145,113649,0.44973586952502076,1.9746932665612482,1.5249573970362276,0.09895372278578199,0.4344844681671114,0.33553074538132943,0.09800436071645442,1145,113649,1.1875115891541455,3.811414508936946,2.6239029197828008,0.26128379024374265,0.838611461294775,0.5773276710510324,0.25877703342040875,1145,113649,2.122319622637535,5.627762853088754,3.5054432304512186,0.4669661502052289,1.2382558808502686,0.7712897306450397,0.46248607671042496,1145,113649,6.647784298312557,7.790948873282708,1.1431645749701507,1.4626874331585809,1.714213713616469,0.25152628045788816,1.4486544091426075,1145,113649,9.522443942552316,10.521460813724978,0.9990168711726626,2.0951881804082952,2.3149981738445407,0.2198099934362454,2.0750869438849446,1145,113649,9.522443942552316,2.0951881804082952,6.647784298312557,1.4626874331585809,1.1875115891541455,0.26128379024374265,0.44973586952502076,0.09895372278578199,ok
morayfirth-p207-uk,Morayfirth P207 Uk,morayfirth-p207-uk-bodc.csv,57.599,-4.0022,10,0.8202554335546811,0.0844649902864732,morayfirth_p207_uk.7z,True,False,True,True,True,False,excluded: fewer than 25 metadata years,0.7044882331703156,2.990000009536743,True,DeltaDTM_v1_1_N57W005.tif;DeltaDTM_v1_1_N57W004.tif,10.0,-4.086022466409039,57.55378141335214,-3.918377533590961,57.64421858664785,DeltaDTM:mosaic(2),DeltaDTM_v1_1_N57W005.tif;DeltaDTM_v1_1_N57W004.tif,EPSG:4326,"(0.00041666666666666664, 0.0002777777777777778)",-9999.0,100.9249974758115,37.81473673435664,19.117477489696988,37317,73815,123089,9127,4.68003887099676,True,False,0.7505914423581839,0.7827646283733858,0.03217318601520184,0.14349415003241775,0.1496448516265923,0.006150701594174551,0.14217899789079383,1027,123039,1.9972660599091554,2.0857203843526997,0.08845432444354422,0.38182688941249077,0.39873712497664887,0.016910235564158105,0.3783273707824491,1027,123039,3.1686984916870076,3.246427763721206,0.07772927203419867,0.6057752208646316,0.6206350969486749,0.014859876084043266,0.6002231716773802,1027,123039,4.972694938398993,5.141554662829548,0.16885972443055522,0.950653835479729,0.9829355552869048,0.03228171980717576,0.9419409058767333,1027,123039,7.615565890177953,8.19182965795705,0.5762637677790976,1.4559040947678121,1.5660711908542608,0.1101670960864487,1.4425604470455855,1027,123039,11.0223085181806,11.912179824795443,0.8898713066148424,2.1071873498081297,2.2773082965374947,0.17012094672936495,2.087874562804082,1027,123039,15.852229533679793,18.570125940797183,2.717896407117389,3.0305464127163324,3.5501396465402824,0.51959323382395,3.002770858074738,1027,123039,15.852229533679793,3.0305464127163324,11.0223085181806,2.1071873498081297,4.972694938398993,0.950653835479729,3.1686984916870076,0.6057752208646316,ok
harwich-p022-uk,Harwich P022 Uk,harwich-p022-uk-bodc.csv,51.947,1.2845,10,0.6911480636102079,0.1397637228831037,harwich_p022_uk.7z,True,False,True,True,True,False,excluded: fewer than 25 metadata years,0.4766645919401322,3.861000061035156,True,DeltaDTM_v1_1_N51E001.tif,10.0,1.2116312830034461,51.90178141335215,1.3573687169965538,51.99221858664786,DeltaDTM:DeltaDTM_v1_1_N51E001.tif,DeltaDTM_v1_1_N51E001.tif,EPSG:4326,"(0.00041666666666666664, 0.0002777777777777778)",-9999.0,101.0466077024944,58.503703177356044,33.52110304315342,37849,66047,48053,31,0.02747850347840489,True,False,3.875539927316008,8.734112731215763,4.858572803899755,1.299123732514152,2.927770928536017,1.6286471960218651,1.2856678339356882,608,47876,11.785917057122488,18.589162031201493,6.803244974079004,3.9507694012986243,6.231292159337803,2.280522758039179,3.90984862443937,608,47876,19.963875935088474,28.579936823566793,8.616060888478318,6.692111423608316,9.580310072295973,2.8881986486876565,6.622796722985008,608,47876,27.5402036376984,35.96055027664173,8.42034663894334,9.231780039687166,12.054373113118068,2.8225930734309017,9.13616028245872,608,47876,39.77796558240501,42.781376858361675,3.003411275956664,13.334012831348083,14.340789419971205,1.0067765886231221,13.195903489018292,608,47876,46.07051934851691,49.12177807029159,3.05125872177469,15.443346263332284,16.466161843571584,1.0228155802392997,15.283389135438592,608,47876,51.639559306570334,55.0504632723381,3.4109039657677647,17.310149886185762,18.45352251925378,1.1433726330680187,17.13085701714106,608,47876,51.639559306570334,17.310149886185762,46.07051934851691,15.443346263332284,27.5402036376984,9.231780039687166,19.963875935088474,6.692111423608316,ok
portbury-p341-uk,Portbury P341 Uk,portbury-p341-uk-bodc.csv,51.5,-2.7285,6,0.5013120829447308,0.2020545510535868,portbury_p341_uk.7z,True,False,True,False,False,False,excluded: fewer than 25 metadata years,0.4121404730238386,8.73799991607666,True,DeltaDTM_v1_1_N51W003.tif,10.0,-2.800651811549609,51.454781413352144,-2.656348188450391,51.545218586647856,DeltaDTM:DeltaDTM_v1_1_N51W003.tif,DeltaDTM_v1_1_N51W003.tif,EPSG:4326,"(0.00041666666666666664, 0.0002777777777777778)",-9999.0,101.04995500216285,58.73452788895254,33.7720450688255,37701,65583,47213,21412,19.168860958451663,True,False,0.018563724953288573,0.018563724953288573,0.0,0.006269349557677421,0.006269349557677421,0.0,0.00620420816371787,525,46137,0.07956376072856981,0.07956376072856981,0.0,0.026870309131705083,0.026870309131705083,0.0,0.02659111439597371,525,46137,0.2360458019679718,0.2413538531463887,0.005308051178416919,0.07971749462369403,0.08151013205994531,0.0017926374362512848,0.07888919358943582,525,46137,0.43497393790606476,0.4429363789792688,0.007962441073204091,0.14689959434728123,0.14958867353510238,0.0026890791878211584,0.14537324073438432,525,46137,0.6524647778130186,0.6683876680190044,0.015922890205985897,0.22035069882122477,0.22572818447784992,0.005377485656625158,0.21806115481843455,525,46137,0.9044413747034857,0.9230168733871394,0.018575498683653754,0.3054483486859661,0.31172167447316873,0.006273325787202633,0.30227460138842055,525,46137,1.2121441124564478,1.2439850347298984,0.03184092227345056,0.4093658559579064,0.42011918657842584,0.010753330620519419,0.4051123584856069,525,46137,1.2121441124564478,0.4093658559579064,0.9044413747034857,0.3054483486859661,0.43497393790606476,0.14689959434728123,0.2360458019679718,0.07971749462369403,ok
montoir-de-bretagne,Montoir De Bretagne,montoir-de-bretagne-france-refmar.csv,47.306,-2.1084,3,0.7059772160489287,0.1241911488918516,montoir_de_bretagne_.7z,True,False,True,True,True,False,excluded: fewer than 25 metadata years,6.896965727110309,3.276000022888184,True,DeltaDTM_v1_1_N47W003.tif,10.0,-2.1746390566036533,47.26078141335214,-2.042160943396347,47.35121858664785,DeltaDTM:DeltaDTM_v1_1_N47W003.tif,DeltaDTM_v1_1_N47W003.tif,EPSG:4326,"(0.0002777777777777778, 0.0002777777777777778)",-9999.0,100.96957937615932,72.38399792584269,71.251400134353,109721,111464,44038,67,0.043536797326550525,True,False,0.001822249096290028,1.2374870564474143,1.2356648073511243,0.0012983779950422394,0.881726854200174,0.8804284762051318,0.0012859100761479544,159,43902,0.006377079976883417,5.329261248356612,5.32288416837973,0.00454375877121691,3.7971732562715865,3.7926294975003696,0.004500126473033293,159,43902,0.09838312819082586,9.420655113040134,9.322271984849309,0.07009935633193878,6.712348669869612,6.642249313537673,0.06942621407858461,159,43902,0.2978859204054531,13.683150819104885,13.385264898699432,0.21224788909198972,9.749436541107421,9.537188652015432,0.21020973881773458,159,43902,0.8617684819563378,21.713600850036084,20.851832368079744,0.61402210931045,15.471244625235485,14.857222515925034,0.6081258465214834,159,43902,8.017098591884082,32.83081699988155,24.813718407997463,5.712294996868908,23.39241678796279,17.68012179109388,5.657441609802012,159,43902,12.113368906435992,41.741882288560056,29.62851338212406,8.63094494927501,29.741675573032552,21.11073062375754,8.54806467710504,159,43902,12.113368906435992,8.63094494927501,8.017098591884082,5.712294996868908,0.2978859204054531,0.21224788909198972,0.09838312819082586,0.07009935633193878,ok
paimboeuf,Paimboeuf France,paimboeuf-france-refmar.csv,47.287,-2.0004,3,0.6603277308444888,0.1370174912744448,paimboeuf_.7z,True,False,True,True,True,False,excluded: fewer than 25 metadata years,14.337043973772587,3.276000022888184,True,DeltaDTM_v1_1_N47W003.tif;DeltaDTM_v1_1_N47W002.tif,10.0,-2.0666152597918606,47.24178141335214,-1.9341847402081396,47.332218586647855,DeltaDTM:mosaic(2),DeltaDTM_v1_1_N47W003.tif;DeltaDTM_v1_1_N47W002.tif,EPSG:4326,"(0.0002777777777777778, 0.0002777777777777778)",-9999.0,100.96957937610223,87.1814675395802,69.9454247052392,107707,134269,21233,2967,1.925148902261348,True,False,0.0,0.18008312016774505,0.18008312016774505,0.0,0.12595990322377554,0.12595990322377554,0.0,118,20870,0.00464185997591889,0.6576060417184234,0.6529641817425045,0.003246768674378982,0.45996533876726375,0.45671857009288475,0.003215590967537928,118,20870,0.0854152545187416,2.4447545176286445,2.359339263109903,0.05974406253619484,1.7099939303558775,1.6502498678196826,0.05917035893915513,118,20870,1.533087819824288,7.932782592911317,6.39969477308703,1.0723247866803907,5.548618475555108,4.476293688874717,1.0620275862357327,118,20870,10.767035211706474,23.502147353018138,12.735112141311664,7.531048506990745,16.43867678091967,8.907628273928927,7.45873019727882,118,20870,34.11776083158309,39.15048768409209,5.032726852508996,23.863812713568546,27.38397488481058,3.520162171242035,23.63465596373149,118,20870,42.87492375270253,48.20028163670105,5.3253578839985165,29.989047510875267,33.71389169991197,3.724844189036702,29.70107204187597,118,20870,42.87492375270253,29.989047510875267,34.11776083158309,23.863812713568546,1.533087819824288,1.0723247866803907,0.0854152545187416,0.05974406253619484,ok
